Sale_ID,Sale_Date,Customer_ID,Customer_Name,Brand,Car_Model,Car_Category,Fuel_Type,Transmission,Region,State,City,Quantity,Selling_Price,Discount,Sales,Profit,Payment_Method
S04722,2022-01-01,C10381,Customer 0381,Toyota,Fortuner,MPV,Electric,Manual,West,Gujarat,Ahmedabad,1,2581919.42,0.0,2581919.42,113463.44,Cash
S03681,2022-01-01,C10869,Customer 0869,Tata,Harrier,SUV,Petrol,Manual,South,Andhra Pradesh,Visakhapatnam,1,1581205.93,0.0576,1490175.33,218991.55,Credit Card
S00463,2022-01-02,C10687,Customer 0687,Volkswagen,Taigun,SUV,Petrol,Automatic,West,Goa,Panaji,1,3013585.37,0.0443,2880099.49,205163.25,Bank Finance
S04051,2022-01-02,C11039,Customer 1039,Mahindra,XUV 3XO,SUV,Petrol,Automatic,West,Gujarat,Vadodara,1,1009003.18,0.0649,943520.05,115194.48,UPI
S01058,2022-01-02,C10213,Customer 0213,Volkswagen,Taigun,SUV,Hybrid,Manual,North,Delhi,New Delhi,1,1378065.61,0.0584,1297562.06,134117.81,Cash
S03665,2022-01-02,C11169,Customer 1169,Hyundai,Exter,SUV,CNG,Automatic,South,Telangana,Hyderabad,1,1599235.65,0.0917,1452650.85,194283.13,Bank Finance
S04418,2022-01-03,C10618,Customer 0618,Maruti Suzuki,Swift,SUV,Electric,Manual,West,Gujarat,Vadodara,1,1037807.85,0.0505,985368.47,119387.43,UPI
S02156,2022-01-03,C11109,Customer 1109,Hyundai,i20,SUV,Petrol,Manual,North,Rajasthan,Jodhpur,1,1716392.85,0.0846,1571131.53,92684.98,Bank Finance
S02906,2022-01-04,C10935,Customer 0935,Mahindra,Thar,SUV,Petrol,Manual,West,Maharashtra,Thane,1,1716961.49,0.0742,1589611.36,149857.26,Bank Finance
S01586,2022-01-04,C10921,Customer 0921,Honda,Amaze,Sedan,Diesel,Automatic,West,Gujarat,Surat,1,1942791.92,0.0652,1816057.42,297271.12,Cash
S01018,2022-01-04,C10451,Customer 0451,Toyota,Urban Cruiser Hyryder,Hatchback,Petrol,Automatic,South,Tamil Nadu,Chennai,1,4013448.96,0.0441,3836369.68,519557.03,Bank Finance
S00260,2022-01-04,C11134,Customer 1134,Honda,City,SUV,Diesel,Automatic,South,Telangana,Warangal,1,1242347.62,0.0493,1181098.06,88150.31,Cash
S02485,2022-01-05,C10008,Customer 0008,Honda,Elevate,SUV,Diesel,Manual,East,Odisha,Cuttack,1,1184515.78,0.0436,1132894.6,122431.81,Bank Finance
S00679,2022-01-05,C10078,Customer 0078,Maruti Suzuki,Grand Vitara,Sedan,Petrol,Automatic,West,Maharashtra,Nagpur,1,1303506.33,0.0444,1245672.53,180375.15,Bank Finance
S04799,2022-01-05,C10646,Customer 0646,Honda,Amaze,SUV,Diesel,Manual,West,Goa,Margao,1,1570477.73,0.0373,1511879.04,167086.73,UPI
S01975,2022-01-06,C10552,Customer 0552,Toyota,Urban Cruiser Hyryder,Hatchback,CNG,Manual,North,Delhi,New Delhi,1,3813076.84,0.0206,3734417.5,386766.01,Bank Finance
S00520,2022-01-06,C10165,Customer 0165,Tata,Punch,SUV,CNG,Automatic,North,Rajasthan,Jodhpur,1,770413.5,0.0165,757672.13,64032.63,Bank Finance
S02418,2022-01-06,C11067,Customer 1067,Honda,Elevate,SUV,Petrol,Manual,South,Telangana,Warangal,1,1961705.26,0.0763,1811989.62,234909.1,Credit Card
S03079,2022-01-06,C10865,Customer 0865,Maruti Suzuki,Brezza,Hatchback,Petrol,Automatic,West,Goa,Margao,1,680299.23,0.0779,627323.88,35962.99,UPI
S01779,2022-01-06,C11085,Customer 1085,Mahindra,XUV 3XO,SUV,Diesel,Manual,South,Tamil Nadu,Madurai,1,941792.09,0.0852,861531.71,86127.94,Bank Finance
S00481,2022-01-06,C10081,Customer 0081,Hyundai,i20,Sedan,Petrol,Manual,West,Goa,Margao,1,1623400.75,0.0284,1577291.9,225603.51,Bank Finance
S04890,2022-01-07,C11086,Customer 1086,Kia,Sonet,SUV,Hybrid,Automatic,North,Uttar Pradesh,Noida,1,2170255.87,0.077,2003091.44,270902.83,Credit Card
S00846,2022-01-07,C10142,Customer 0142,Mahindra,Scorpio-N,SUV,Electric,Automatic,West,Maharashtra,Pune,1,2104703.77,0.0429,2014371.36,316316.16,Credit Card
S03672,2022-01-07,C10424,Customer 0424,Tata,Nexon,Hatchback,Electric,Automatic,South,Andhra Pradesh,Vijayawada,1,1153087.66,0.0409,1105893.17,52590.04,Credit Card
S03435,2022-01-08,C10837,Customer 0837,Honda,Amaze,Sedan,CNG,Automatic,East,Odisha,Bhubaneswar,1,1598108.12,0.0904,1453716.06,104031.01,Credit Card
S04624,2022-01-08,C10359,Customer 0359,Kia,Carens,SUV,Electric,Manual,West,Maharashtra,Nashik,1,1891363.47,0.0384,1818826.71,102702.56,Bank Finance
S00485,2022-01-08,C10953,Customer 0953,Honda,City,SUV,Diesel,Manual,South,Kerala,Thiruvananthapuram,1,1771517.99,0.0765,1635957.08,182908.72,Credit Card
S02254,2022-01-08,C11125,Customer 1125,Tata,Safari,Hatchback,CNG,Automatic,South,Tamil Nadu,Madurai,1,1937239.66,0.0615,1818107.69,157894.66,Cash
S04457,2022-01-08,C10691,Customer 0691,Hyundai,Venue,Hatchback,Hybrid,Manual,North,Uttar Pradesh,Noida,1,1453703.37,0.018,1427593.7,127482.97,Cash
S01988,2022-01-09,C10130,Customer 0130,Hyundai,Exter,SUV,Electric,Manual,West,Gujarat,Rajkot,1,1358173.04,0.053,1286211.39,119257.16,UPI
S04395,2022-01-09,C10424,Customer 0424,Hyundai,i20,Hatchback,Petrol,Automatic,West,Gujarat,Surat,1,1040259.23,0.0943,942213.62,104687.15,Credit Card
S04360,2022-01-09,C10422,Customer 0422,Honda,Elevate,Sedan,Diesel,Automatic,South,Tamil Nadu,Madurai,1,1960147.03,0.0735,1816082.96,180961.06,UPI
S02891,2022-01-09,C10372,Customer 0372,Maruti Suzuki,Brezza,SUV,Diesel,Automatic,West,Maharashtra,Thane,1,1444316.05,0.0374,1390288.29,69798.08,Credit Card
S02615,2022-01-09,C10745,Customer 0745,Tata,Harrier,SUV,CNG,Manual,East,West Bengal,Siliguri,1,1901621.84,0.0714,1765770.07,163237.37,UPI
S04773,2022-01-10,C10727,Customer 0727,Toyota,Fortuner,Hatchback,Petrol,Automatic,West,Gujarat,Rajkot,1,3624090.56,0.0696,3371813.7,367198.57,Bank Finance
S03418,2022-01-10,C10356,Customer 0356,Toyota,Innova HyCross,MPV,Petrol,Automatic,West,Gujarat,Surat,1,1096801.1,0.0541,1037503.3,120995.57,Bank Finance
S03469,2022-01-10,C11157,Customer 1157,Mahindra,Thar,SUV,Electric,Manual,South,Karnataka,Mysuru,1,1652913.96,0.0792,1522062.56,200231.48,Credit Card
S02834,2022-01-11,C10329,Customer 0329,Tata,Harrier,SUV,Petrol,Manual,South,Tamil Nadu,Madurai,1,735307.28,0.0578,692810.73,75622.89,Cash
S00088,2022-01-11,C10150,Customer 0150,Kia,Carens,SUV,Diesel,Automatic,North,Haryana,Faridabad,1,1955662.01,0.0379,1881631.78,166647.04,Bank Finance
S02072,2022-01-11,C10103,Customer 0103,Kia,Carens,SUV,Hybrid,Manual,West,Maharashtra,Thane,1,1123912.39,0.0825,1031243.41,117806.21,Cash
S01459,2022-01-12,C10409,Customer 0409,Honda,Amaze,SUV,Diesel,Manual,East,West Bengal,Kolkata,1,864354.91,0.0587,813638.95,66853.79,Bank Finance
S00409,2022-01-12,C10549,Customer 0549,Mahindra,Thar,SUV,Hybrid,Automatic,North,Uttar Pradesh,Kanpur,1,1537046.73,0.0744,1422745.59,92165.51,Bank Finance
S04367,2022-01-12,C10523,Customer 0523,Tata,Punch,Hatchback,Petrol,Manual,South,Karnataka,Bengaluru,1,1979677.26,0.0584,1864024.0,236423.65,Bank Finance
S01850,2022-01-12,C10835,Customer 0835,Hyundai,Creta,SUV,CNG,Automatic,North,Uttar Pradesh,Kanpur,1,1212749.4,0.0367,1168183.49,72174.22,Bank Finance
S04428,2022-01-12,C10839,Customer 0839,Toyota,Innova HyCross,Hatchback,Diesel,Automatic,West,Gujarat,Surat,1,4632669.04,0.0429,4433864.34,381289.33,Bank Finance
S03313,2022-01-13,C10418,Customer 0418,Honda,City,SUV,Electric,Automatic,South,Telangana,Warangal,1,1690022.18,0.0819,1551549.01,147416.92,UPI
S01142,2022-01-13,C10460,Customer 0460,Honda,Amaze,SUV,Electric,Automatic,North,Haryana,Gurugram,1,1487648.83,0.0635,1393256.16,109617.6,Bank Finance
S00138,2022-01-13,C11047,Customer 1047,Tata,Harrier,SUV,Hybrid,Manual,West,Gujarat,Surat,1,1737566.02,0.0357,1675541.78,201249.9,Bank Finance
S01576,2022-01-13,C10326,Customer 0326,Toyota,Innova HyCross,Hatchback,Petrol,Manual,West,Goa,Margao,1,3118505.19,0.0411,2990439.74,345315.72,Credit Card
S02998,2022-01-13,C10749,Customer 0749,Mahindra,Bolero,SUV,Petrol,Automatic,West,Maharashtra,Pune,1,1509936.37,0.0404,1448874.16,137624.68,Credit Card
S02147,2022-01-13,C10153,Customer 0153,Honda,Amaze,SUV,Diesel,Automatic,North,Delhi,New Delhi,1,1902417.68,0.0607,1786993.37,213521.94,Bank Finance
S02470,2022-01-13,C10489,Customer 0489,Tata,Punch,SUV,Electric,Manual,East,Odisha,Cuttack,1,1969070.07,0.0497,1871193.4,256847.91,Credit Card
S04660,2022-01-13,C10497,Customer 0497,Volkswagen,Taigun,SUV,Diesel,Manual,South,Andhra Pradesh,Vijayawada,1,2335060.19,0.069,2173936.71,282812.39,Bank Finance
S01873,2022-01-14,C11085,Customer 1085,Volkswagen,Virtus,SUV,Diesel,Automatic,East,Jharkhand,Jamshedpur,1,1799629.82,0.0594,1692802.71,211653.97,Bank Finance
S04222,2022-01-15,C10328,Customer 0328,Volkswagen,Tiguan,SUV,Electric,Automatic,West,Gujarat,Vadodara,1,1242808.43,0.0092,1231366.98,200060.05,Bank Finance
S00621,2022-01-15,C10655,Customer 0655,Hyundai,Exter,SUV,Electric,Manual,South,Telangana,Warangal,1,904199.64,0.084,828264.6,110644.3,Bank Finance
S01507,2022-01-15,C11123,Customer 1123,Mahindra,XUV700,SUV,CNG,Manual,North,Haryana,Gurugram,1,2076947.34,0.0278,2019218.95,291985.43,Cash
S04920,2022-01-15,C10218,Customer 0218,Maruti Suzuki,Grand Vitara,Hatchback,Diesel,Manual,North,Delhi,New Delhi,1,1280151.33,0.0692,1191628.33,120725.01,Bank Finance
S02019,2022-01-15,C10879,Customer 0879,Hyundai,i20,Hatchback,CNG,Automatic,West,Maharashtra,Thane,1,1197962.14,0.0477,1140842.97,159113.93,Bank Finance
S03409,2022-01-15,C10315,Customer 0315,Toyota,Glanza,Hatchback,Petrol,Manual,South,Andhra Pradesh,Visakhapatnam,1,866918.54,0.0724,804144.2,93136.98,Bank Finance
S04863,2022-01-16,C11107,Customer 1107,Maruti Suzuki,Dzire,Sedan,Diesel,Manual,North,Delhi,New Delhi,1,1465382.58,0.0473,1396077.59,144880.29,Bank Finance
S04774,2022-01-16,C10886,Customer 0886,Tata,Altroz,SUV,Petrol,Manual,South,Andhra Pradesh,Vijayawada,1,1648677.11,0.0666,1538901.99,160728.58,UPI
S03491,2022-01-16,C10693,Customer 0693,Hyundai,i20,Hatchback,Electric,Manual,North,Punjab,Ludhiana,1,1795155.18,0.0457,1713186.11,173428.73,Bank Finance
S04127,2022-01-16,C11069,Customer 1069,Mahindra,Thar,SUV,Diesel,Automatic,South,Telangana,Warangal,1,935064.03,0.0416,896133.83,141258.46,Credit Card
S01099,2022-01-16,C11128,Customer 1128,Hyundai,Exter,Hatchback,CNG,Manual,East,Bihar,Patna,1,1585539.8,0.049,1507876.75,178932.45,Credit Card
S02265,2022-01-17,C10774,Customer 0774,Tata,Harrier,Hatchback,CNG,Manual,North,Delhi,New Delhi,1,1223657.9,0.0454,1168147.15,164623.32,Credit Card
S03785,2022-01-17,C10869,Customer 0869,Maruti Suzuki,Baleno,Sedan,Hybrid,Automatic,South,Andhra Pradesh,Vijayawada,1,979315.78,0.0197,959984.52,117187.77,Credit Card
S02374,2022-01-17,C10426,Customer 0426,Honda,City,Sedan,CNG,Manual,West,Maharashtra,Pune,1,824011.31,0.0929,747444.19,78211.54,Cash
S00883,2022-01-18,C10527,Customer 0527,Volkswagen,Tiguan,SUV,Petrol,Automatic,South,Tamil Nadu,Madurai,1,1632435.89,0.0988,1471223.31,267648.72,UPI
S01179,2022-01-18,C10213,Customer 0213,Maruti Suzuki,Dzire,SUV,Diesel,Automatic,South,Tamil Nadu,Coimbatore,1,1141902.95,0.0917,1037212.85,62488.53,Bank Finance
S02703,2022-01-18,C10095,Customer 0095,Honda,Amaze,SUV,Hybrid,Manual,North,Delhi,New Delhi,1,1629736.62,0.039,1566109.12,108999.44,Credit Card
S03211,2022-01-18,C10997,Customer 0997,Tata,Harrier,Hatchback,Petrol,Manual,South,Tamil Nadu,Chennai,1,954565.29,0.04,916420.73,118553.22,Cash
S01687,2022-01-18,C10667,Customer 0667,Maruti Suzuki,Baleno,Hatchback,Electric,Manual,West,Gujarat,Surat,1,1435458.93,0.0,1435458.93,144738.85,UPI
S04952,2022-01-18,C10975,Customer 0975,Maruti Suzuki,Dzire,Hatchback,CNG,Automatic,North,Haryana,Faridabad,1,1301658.31,0.0409,1248483.38,146159.12,Bank Finance
S03768,2022-01-19,C10034,Customer 0034,Kia,Sonet,SUV,Diesel,Manual,North,Rajasthan,Jaipur,1,1171037.32,0.0063,1163644.65,107211.22,Bank Finance
S00137,2022-01-19,C10689,Customer 0689,Tata,Harrier,Hatchback,Petrol,Manual,South,Karnataka,Mangaluru,1,1973228.25,0.0905,1794590.03,174872.4,Bank Finance
S04161,2022-01-19,C10974,Customer 0974,Maruti Suzuki,Swift,Sedan,CNG,Automatic,East,Jharkhand,Jamshedpur,1,1352201.68,0.0824,1240767.46,114880.51,Bank Finance
S01643,2022-01-19,C10519,Customer 0519,Volkswagen,Virtus,Sedan,Petrol,Manual,West,Maharashtra,Pune,1,1141174.4,0.0701,1061216.22,119225.59,Cash
S01981,2022-01-19,C10936,Customer 0936,Mahindra,Scorpio-N,SUV,Petrol,Automatic,South,Karnataka,Bengaluru,1,1804992.0,0.0474,1719506.69,261933.37,Cash
S02287,2022-01-20,C10326,Customer 0326,Toyota,Glanza,MPV,Electric,Automatic,South,Karnataka,Mysuru,1,3330247.76,0.0458,3177627.87,111216.98,Bank Finance
S03598,2022-01-20,C11011,Customer 1011,Toyota,Glanza,Hatchback,Petrol,Automatic,West,Gujarat,Ahmedabad,1,2494804.35,0.0676,2326212.58,255892.83,Bank Finance
S04687,2022-01-20,C10669,Customer 0669,Tata,Altroz,Hatchback,Diesel,Manual,North,Haryana,Faridabad,1,1784969.19,0.0882,1627506.24,188548.64,Cash
S02511,2022-01-21,C10615,Customer 0615,Kia,Sonet,SUV,Petrol,Automatic,West,Gujarat,Ahmedabad,1,1451469.21,0.0544,1372492.59,157977.06,Bank Finance
S00936,2022-01-21,C10220,Customer 0220,Toyota,Fortuner,Hatchback,Electric,Automatic,West,Gujarat,Ahmedabad,1,2565979.25,0.0704,2385251.73,281439.45,Cash
S03443,2022-01-21,C10430,Customer 0430,Toyota,Urban Cruiser Hyryder,MPV,Petrol,Automatic,South,Kerala,Thiruvananthapuram,1,2364027.67,0.0494,2247310.97,193809.86,Cash
S03159,2022-01-21,C10244,Customer 0244,Kia,Carens,MPV,CNG,Automatic,South,Karnataka,Mangaluru,1,2331219.46,0.0937,2112843.04,132563.75,Credit Card
S02853,2022-01-22,C10426,Customer 0426,Volkswagen,Tiguan,Sedan,Petrol,Manual,South,Telangana,Warangal,1,2410669.91,0.0603,2265217.04,89606.3,UPI
S04243,2022-01-22,C10549,Customer 0549,Hyundai,Creta,Sedan,Petrol,Automatic,North,Rajasthan,Jaipur,1,1769171.44,0.082,1624029.31,117162.22,Cash
S03679,2022-01-22,C10230,Customer 0230,Honda,City,SUV,Electric,Manual,South,Kerala,Kochi,1,921798.44,0.1209,810341.55,81226.65,Bank Finance
S02268,2022-01-22,C10538,Customer 0538,Mahindra,Thar,SUV,Diesel,Manual,North,Rajasthan,Jodhpur,1,2084419.07,0.0789,1919985.03,232854.62,Bank Finance
S02547,2022-01-22,C10672,Customer 0672,Volkswagen,Tiguan,SUV,Petrol,Manual,East,West Bengal,Siliguri,1,3253659.27,0.0773,3002284.94,443035.83,Bank Finance
S04918,2022-01-23,C10600,Customer 0600,Tata,Altroz,Hatchback,CNG,Manual,South,Kerala,Kochi,1,901739.42,0.0325,872456.73,164924.7,Credit Card
S01831,2022-01-23,C10023,Customer 0023,Kia,Carens,MPV,Petrol,Automatic,East,Odisha,Cuttack,1,1851288.53,0.066,1729116.36,275595.72,Bank Finance
S03077,2022-01-23,C10385,Customer 0385,Tata,Safari,SUV,Petrol,Automatic,East,Odisha,Bhubaneswar,1,1423294.45,0.0358,1372365.06,178314.45,Bank Finance
S02734,2022-01-24,C10679,Customer 0679,Kia,Seltos,SUV,Hybrid,Automatic,North,Haryana,Gurugram,1,1177721.79,0.0691,1096303.84,93504.35,Cash
S02649,2022-01-24,C10082,Customer 0082,Maruti Suzuki,Baleno,Sedan,Diesel,Manual,South,Karnataka,Bengaluru,1,1602171.15,0.0886,1460258.42,160621.42,Bank Finance
S03425,2022-01-24,C11188,Customer 1188,Maruti Suzuki,Swift,Sedan,Petrol,Automatic,North,Rajasthan,Jodhpur,1,1444246.31,0.0418,1383948.6,213496.37,Bank Finance
S01253,2022-01-25,C11122,Customer 1122,Kia,Sonet,MPV,Petrol,Automatic,South,Tamil Nadu,Coimbatore,1,757945.22,0.0397,727869.66,98036.11,Bank Finance
S01049,2022-01-25,C10344,Customer 0344,Mahindra,Scorpio-N,SUV,Petrol,Automatic,South,Tamil Nadu,Madurai,1,1494194.64,0.0552,1411703.63,267827.61,Credit Card
S00199,2022-01-25,C10858,Customer 0858,Toyota,Fortuner,SUV,Electric,Manual,East,West Bengal,Kolkata,1,3988456.0,0.0612,3744343.89,394379.7,Cash
S04015,2022-01-26,C11157,Customer 1157,Kia,Seltos,MPV,CNG,Automatic,North,Delhi,New Delhi,1,2158522.41,0.0565,2036520.39,251638.14,Bank Finance
S04582,2022-01-26,C10324,Customer 0324,Tata,Punch,SUV,Hybrid,Manual,South,Tamil Nadu,Coimbatore,1,1368314.64,0.0459,1305486.83,92413.17,UPI
S00722,2022-01-26,C10228,Customer 0228,Hyundai,Exter,SUV,Diesel,Manual,North,Rajasthan,Udaipur,1,842485.0,0.0618,790381.54,83562.64,Credit Card
S02679,2022-01-27,C10073,Customer 0073,Hyundai,i20,SUV,Diesel,Automatic,East,West Bengal,Kolkata,1,1697610.08,0.0286,1649045.91,191304.85,Credit Card
S00146,2022-01-27,C10498,Customer 0498,Honda,Elevate,SUV,CNG,Automatic,West,Maharashtra,Pune,1,735138.75,0.0124,726038.93,35219.65,Bank Finance
S01990,2022-01-27,C10423,Customer 0423,Maruti Suzuki,Brezza,Hatchback,CNG,Automatic,South,Kerala,Thiruvananthapuram,1,1223782.52,0.0834,1121683.05,117055.36,Bank Finance
S02864,2022-01-27,C10377,Customer 0377,Tata,Safari,SUV,CNG,Automatic,South,Karnataka,Mysuru,1,1932922.41,0.0157,1902510.9,194864.75,Cash
S02669,2022-01-27,C10199,Customer 0199,Mahindra,Thar,SUV,Petrol,Automatic,North,Rajasthan,Udaipur,1,1681917.99,0.0507,1596650.86,263002.08,Credit Card
S00805,2022-01-27,C11126,Customer 1126,Honda,Amaze,SUV,Petrol,Automatic,West,Maharashtra,Pune,1,829262.85,0.0514,786612.89,72348.71,Cash
S04885,2022-01-28,C10309,Customer 0309,Hyundai,Venue,SUV,Petrol,Manual,East,Bihar,Gaya,1,1955677.91,0.0516,1854807.02,211866.22,Cash
S02057,2022-01-28,C10326,Customer 0326,Tata,Punch,SUV,CNG,Manual,North,Delhi,New Delhi,1,1099983.2,0.04,1055960.47,184467.54,Bank Finance
S03539,2022-01-28,C10642,Customer 0642,Tata,Punch,Hatchback,Diesel,Automatic,North,Haryana,Faridabad,1,2067700.27,0.0639,1935649.86,138036.24,Credit Card
S01950,2022-01-29,C10395,Customer 0395,Honda,City,Sedan,Petrol,Automatic,North,Uttar Pradesh,Lucknow,1,972485.87,0.0841,890681.65,64832.03,Bank Finance
S03934,2022-01-29,C10690,Customer 0690,Kia,Carens,SUV,Petrol,Automatic,West,Goa,Margao,1,2623152.43,0.0746,2427442.39,131789.29,Bank Finance
S00028,2022-01-29,C10019,Customer 0019,Hyundai,i20,Hatchback,Hybrid,Automatic,North,Haryana,Faridabad,1,999541.67,0.0648,934763.03,109391.65,Bank Finance
S04496,2022-01-30,C11090,Customer 1090,Kia,Sonet,SUV,Petrol,Automatic,South,Telangana,Warangal,1,1707654.87,0.0091,1692109.7,192791.54,UPI
S04100,2022-01-31,C10128,Customer 0128,Honda,Amaze,SUV,CNG,Manual,West,Goa,Panaji,1,1680803.39,0.0478,1600468.59,72830.62,Cash
S04297,2022-01-31,C10596,Customer 0596,Maruti Suzuki,Dzire,SUV,Diesel,Automatic,South,Kerala,Thiruvananthapuram,1,1050486.04,0.089,956961.54,145506.23,UPI
S04513,2022-01-31,C10036,Customer 0036,Toyota,Urban Cruiser Hyryder,Hatchback,Diesel,Manual,East,Odisha,Cuttack,1,3058015.89,0.0401,2935517.75,317874.84,Bank Finance
S00999,2022-01-31,C10868,Customer 0868,Kia,Seltos,SUV,Electric,Manual,West,Gujarat,Surat,1,2171342.55,0.0333,2099109.86,138294.42,Cash
S02451,2022-01-31,C11044,Customer 1044,Kia,Carens,MPV,Electric,Manual,South,Tamil Nadu,Chennai,1,2545498.79,0.0337,2459681.09,199310.05,Bank Finance
S03093,2022-01-31,C10688,Customer 0688,Hyundai,Verna,Hatchback,Petrol,Automatic,West,Maharashtra,Pune,1,1124369.82,0.069,1046754.94,105175.82,Bank Finance
S00571,2022-01-31,C10400,Customer 0400,Volkswagen,Taigun,Sedan,Petrol,Automatic,West,Maharashtra,Nagpur,1,1229479.65,0.0466,1172174.84,155535.79,Bank Finance
S04767,2022-01-31,C10025,Customer 0025,Mahindra,Thar,SUV,Petrol,Manual,East,Bihar,Gaya,1,2443958.48,0.0208,2393057.61,330338.85,UPI
S00175,2022-02-01,C10970,Customer 0970,Honda,City,Sedan,Petrol,Automatic,West,Goa,Panaji,1,1312020.79,0.0255,1278560.89,118723.91,UPI
S04981,2022-02-01,C10315,Customer 0315,Kia,Carens,SUV,Electric,Manual,West,Maharashtra,Nashik,1,2698088.59,0.0725,2502390.35,207339.04,Bank Finance
S03743,2022-02-02,C10733,Customer 0733,Volkswagen,Virtus,Sedan,Hybrid,Automatic,South,Kerala,Kochi,1,2187010.41,0.0612,2053198.49,305447.96,Credit Card
S01445,2022-02-02,C10505,Customer 0505,Mahindra,Bolero,SUV,Electric,Automatic,West,Gujarat,Surat,1,1495532.71,0.062,1402763.33,211939.76,Bank Finance
S02142,2022-02-02,C10251,Customer 0251,Volkswagen,Taigun,SUV,CNG,Manual,West,Goa,Panaji,1,2337213.25,0.0781,2154708.39,233284.1,Bank Finance
S01921,2022-02-02,C10219,Customer 0219,Tata,Safari,SUV,Petrol,Automatic,South,Andhra Pradesh,Vijayawada,1,796992.39,0.0822,731481.95,91273.07,Cash
S01390,2022-02-02,C10738,Customer 0738,Volkswagen,Virtus,Sedan,Diesel,Manual,East,Odisha,Cuttack,1,2707675.1,0.0179,2659091.44,382642.48,Bank Finance
S01880,2022-02-02,C11108,Customer 1108,Maruti Suzuki,Dzire,SUV,Diesel,Automatic,East,West Bengal,Siliguri,1,677409.5,0.0373,652126.67,68953.44,Credit Card
S01686,2022-02-03,C10874,Customer 0874,Mahindra,Scorpio-N,SUV,CNG,Manual,North,Delhi,New Delhi,1,1240338.56,0.068,1155945.23,154684.12,Bank Finance
S04131,2022-02-03,C10149,Customer 0149,Kia,Carens,SUV,Diesel,Automatic,North,Punjab,Ludhiana,1,989692.13,0.0837,906816.1,95842.42,UPI
S02169,2022-02-03,C10800,Customer 0800,Mahindra,Thar,SUV,Electric,Automatic,West,Goa,Margao,1,1683214.68,0.0217,1646722.33,157245.37,Bank Finance
S03688,2022-02-03,C10589,Customer 0589,Volkswagen,Virtus,Sedan,Petrol,Manual,East,Jharkhand,Jamshedpur,1,3007122.23,0.0345,2903518.88,248389.46,UPI
S04801,2022-02-03,C10095,Customer 0095,Kia,Carens,SUV,Petrol,Automatic,East,Odisha,Cuttack,1,2432384.12,0.0553,2297795.93,225981.16,Bank Finance
S02738,2022-02-03,C10311,Customer 0311,Hyundai,Venue,Sedan,Petrol,Automatic,East,Jharkhand,Ranchi,1,756846.18,0.0736,701124.4,117706.46,UPI
S03046,2022-02-03,C10084,Customer 0084,Honda,Elevate,SUV,Petrol,Manual,East,Bihar,Gaya,1,2148027.43,0.0269,2090328.64,379211.3,Bank Finance
S00358,2022-02-04,C10128,Customer 0128,Toyota,Glanza,SUV,CNG,Automatic,South,Telangana,Warangal,1,3404745.91,0.0222,3329163.61,494444.17,Bank Finance
S02602,2022-02-04,C10342,Customer 0342,Hyundai,Venue,Sedan,Petrol,Automatic,West,Goa,Margao,1,1898691.65,0.0365,1829464.78,165165.84,Bank Finance
S03655,2022-02-04,C10828,Customer 0828,Kia,Carens,MPV,Diesel,Automatic,South,Kerala,Thiruvananthapuram,1,1400681.33,0.0188,1374375.78,168566.7,Bank Finance
S04260,2022-02-05,C10771,Customer 0771,Tata,Altroz,Hatchback,Petrol,Manual,North,Punjab,Ludhiana,1,2050991.45,0.0414,1966117.7,182951.78,Cash
S04462,2022-02-05,C10198,Customer 0198,Mahindra,XUV700,SUV,Electric,Manual,North,Uttar Pradesh,Lucknow,1,2128989.24,0.0745,1970391.27,331016.25,UPI
S03158,2022-02-05,C10156,Customer 0156,Maruti Suzuki,Baleno,Sedan,Diesel,Automatic,South,Tamil Nadu,Madurai,1,611854.27,0.0553,578034.67,56364.46,UPI
S02717,2022-02-05,C10126,Customer 0126,Mahindra,Bolero,SUV,Diesel,Manual,East,West Bengal,Siliguri,1,1778912.32,0.0412,1705554.09,111192.79,Credit Card
S01707,2022-02-05,C10541,Customer 0541,Volkswagen,Taigun,Sedan,Diesel,Automatic,South,Karnataka,Mangaluru,1,2760873.12,0.0442,2638764.43,421632.57,Bank Finance
S01071,2022-02-05,C10990,Customer 0990,Honda,Elevate,Sedan,Petrol,Automatic,South,Andhra Pradesh,Visakhapatnam,1,1695467.8,0.0598,1594050.86,105104.6,Credit Card
S00101,2022-02-05,C10730,Customer 0730,Hyundai,i20,Hatchback,Electric,Manual,South,Telangana,Hyderabad,1,1219616.77,0.0234,1191091.31,114278.62,Bank Finance
S03912,2022-02-06,C10237,Customer 0237,Toyota,Innova HyCross,MPV,Electric,Automatic,West,Maharashtra,Thane,1,2228075.57,0.0916,2023893.38,221260.28,Bank Finance
S03334,2022-02-06,C10230,Customer 0230,Tata,Nexon,SUV,Electric,Automatic,South,Karnataka,Bengaluru,1,1662079.19,0.0587,1564460.77,226458.47,Bank Finance
S01852,2022-02-06,C10375,Customer 0375,Mahindra,XUV 3XO,SUV,CNG,Manual,South,Telangana,Hyderabad,1,1600144.33,0.0458,1526884.22,222312.66,Credit Card
S02756,2022-02-06,C10700,Customer 0700,Tata,Harrier,Hatchback,Petrol,Automatic,East,Odisha,Bhubaneswar,1,1204107.6,0.0557,1137086.12,83539.63,Bank Finance
S04657,2022-02-06,C10685,Customer 0685,Maruti Suzuki,Dzire,SUV,Petrol,Automatic,West,Goa,Panaji,1,780443.37,0.0845,714483.68,76320.55,Bank Finance
S02603,2022-02-07,C10618,Customer 0618,Volkswagen,Taigun,Sedan,Petrol,Manual,East,Bihar,Gaya,1,2065616.09,0.048,1966387.8,187687.98,Bank Finance
S03258,2022-02-07,C11125,Customer 1125,Volkswagen,Taigun,SUV,Electric,Automatic,West,Goa,Margao,1,2396849.47,0.0141,2363022.82,232400.4,UPI
S00996,2022-02-07,C10684,Customer 0684,Volkswagen,Taigun,Sedan,CNG,Automatic,North,Delhi,New Delhi,1,3113901.33,0.0411,2985820.55,489890.42,Bank Finance
S01936,2022-02-07,C10377,Customer 0377,Kia,Carens,MPV,Petrol,Automatic,North,Uttar Pradesh,Noida,1,1605449.44,0.0751,1484927.89,184640.52,Bank Finance
S00161,2022-02-07,C11083,Customer 1083,Kia,Carens,MPV,Electric,Automatic,North,Delhi,New Delhi,1,1075128.96,0.0945,973573.27,121097.95,Bank Finance
S00421,2022-02-08,C10822,Customer 0822,Volkswagen,Taigun,SUV,Electric,Automatic,West,Goa,Margao,1,1908972.25,0.0561,1801821.98,270944.9,Bank Finance
S04622,2022-02-08,C10552,Customer 0552,Mahindra,Bolero,SUV,Petrol,Manual,North,Rajasthan,Jaipur,1,1407505.77,0.0297,1365746.22,190188.57,Bank Finance
S01200,2022-02-08,C10178,Customer 0178,Kia,Carens,MPV,Hybrid,Automatic,West,Maharashtra,Mumbai,1,1786703.5,0.0448,1706625.85,220234.57,Credit Card
S02027,2022-02-09,C10791,Customer 0791,Tata,Safari,Hatchback,Diesel,Manual,East,Jharkhand,Ranchi,1,1589381.93,0.0955,1437520.43,128903.95,Credit Card
S02420,2022-02-09,C10405,Customer 0405,Honda,City,Sedan,Petrol,Manual,North,Delhi,New Delhi,1,1181708.14,0.0486,1124307.37,137287.13,Bank Finance
S04077,2022-02-09,C10900,Customer 0900,Toyota,Innova HyCross,Hatchback,Hybrid,Automatic,South,Kerala,Thiruvananthapuram,1,1826571.87,0.0604,1716192.5,238367.9,Bank Finance
S03713,2022-02-09,C10229,Customer 0229,Mahindra,Thar,SUV,CNG,Manual,West,Maharashtra,Nagpur,1,1310982.58,0.0206,1283947.68,85491.35,Credit Card
S03397,2022-02-09,C10162,Customer 0162,Tata,Harrier,SUV,Petrol,Automatic,East,West Bengal,Kolkata,1,1707813.18,0.0732,1582801.29,148100.66,Bank Finance
S03165,2022-02-09,C10733,Customer 0733,Mahindra,XUV 3XO,SUV,Petrol,Manual,West,Gujarat,Surat,1,903823.78,0.0002,903677.64,51633.85,Bank Finance
S00504,2022-02-10,C10902,Customer 0902,Kia,Seltos,MPV,Hybrid,Manual,East,Jharkhand,Jamshedpur,1,1194041.65,0.0397,1146650.03,102005.23,Bank Finance
S04352,2022-02-10,C10389,Customer 0389,Volkswagen,Tiguan,Sedan,Petrol,Automatic,West,Gujarat,Surat,1,2397598.49,0.0545,2266846.45,334434.11,UPI
S01477,2022-02-10,C10694,Customer 0694,Kia,Seltos,SUV,CNG,Manual,West,Gujarat,Vadodara,1,1783512.77,0.091,1621153.49,161147.28,Bank Finance
S00144,2022-02-10,C11030,Customer 1030,Mahindra,Thar,SUV,Electric,Manual,North,Rajasthan,Udaipur,1,1422220.44,0.0721,1319722.17,81615.86,Bank Finance
S01129,2022-02-11,C10702,Customer 0702,Tata,Harrier,Hatchback,Petrol,Automatic,South,Kerala,Kochi,1,784895.28,0.0626,735785.33,79652.53,UPI
S03474,2022-02-12,C10804,Customer 0804,Mahindra,Thar,SUV,Petrol,Manual,South,Andhra Pradesh,Vijayawada,1,2191477.47,0.0548,2071431.68,277707.08,Bank Finance
S00752,2022-02-12,C10369,Customer 0369,Hyundai,i20,Sedan,Hybrid,Automatic,West,Maharashtra,Mumbai,1,1717935.78,0.0387,1651381.45,273099.11,Cash
S04433,2022-02-12,C10089,Customer 0089,Volkswagen,Tiguan,Sedan,CNG,Manual,West,Gujarat,Vadodara,1,3206165.75,0.0311,3106451.73,448053.66,Bank Finance
S03253,2022-02-12,C10279,Customer 0279,Kia,Seltos,SUV,Petrol,Manual,West,Goa,Margao,1,992167.06,0.0788,914027.43,90302.11,Bank Finance
S03398,2022-02-12,C10965,Customer 0965,Mahindra,Thar,SUV,Electric,Automatic,North,Uttar Pradesh,Lucknow,1,2032989.75,0.0413,1948932.73,231200.31,Bank Finance
S04283,2022-02-12,C10913,Customer 0913,Kia,Sonet,SUV,Petrol,Automatic,South,Karnataka,Bengaluru,1,1180177.82,0.0817,1083751.87,170321.13,Credit Card
S02996,2022-02-13,C10615,Customer 0615,Hyundai,Verna,SUV,Petrol,Automatic,North,Punjab,Chandigarh,1,902497.53,0.0607,847682.91,81790.46,Credit Card
S01631,2022-02-13,C10610,Customer 0610,Honda,Elevate,Sedan,Diesel,Automatic,North,Delhi,New Delhi,1,2082509.25,0.0342,2011262.05,265091.69,Bank Finance
S03043,2022-02-13,C10808,Customer 0808,Hyundai,i20,Sedan,Electric,Manual,North,Punjab,Chandigarh,1,1012075.82,0.0654,945892.14,158673.5,Bank Finance
S04095,2022-02-13,C10021,Customer 0021,Mahindra,Scorpio-N,SUV,CNG,Manual,East,West Bengal,Kolkata,1,2063668.69,0.0665,1926333.16,124594.32,UPI
S00608,2022-02-14,C10793,Customer 0793,Tata,Safari,SUV,Diesel,Automatic,North,Punjab,Chandigarh,1,1211461.25,0.0771,1118053.15,105441.59,UPI
S03717,2022-02-14,C10679,Customer 0679,Maruti Suzuki,Grand Vitara,SUV,Diesel,Automatic,North,Delhi,New Delhi,1,1466065.58,0.0509,1391427.89,159425.52,Bank Finance
S03146,2022-02-14,C10536,Customer 0536,Honda,Elevate,Sedan,CNG,Automatic,West,Maharashtra,Pune,1,861484.48,0.079,793418.1,52929.6,Credit Card
S01614,2022-02-15,C10583,Customer 0583,Hyundai,Verna,Sedan,CNG,Manual,South,Karnataka,Mysuru,1,1385982.65,0.0757,1281080.25,123217.99,Bank Finance
S00270,2022-02-15,C10422,Customer 0422,Tata,Altroz,Hatchback,Petrol,Manual,East,Odisha,Cuttack,1,776450.05,0.0664,724864.17,102961.63,UPI
S00007,2022-02-15,C10144,Customer 0144,Toyota,Glanza,Hatchback,Petrol,Automatic,West,Gujarat,Vadodara,1,1599660.27,0.0685,1490094.16,120166.52,Credit Card
S02942,2022-02-16,C10420,Customer 0420,Tata,Safari,Hatchback,CNG,Automatic,South,Kerala,Kochi,1,1796949.58,0.0425,1720596.16,159775.58,Bank Finance
S03271,2022-02-16,C10854,Customer 0854,Maruti Suzuki,Swift,Sedan,Petrol,Manual,South,Tamil Nadu,Madurai,1,1039320.78,0.0312,1006868.74,55091.22,Credit Card
S00370,2022-02-16,C10253,Customer 0253,Toyota,Fortuner,Hatchback,Petrol,Automatic,West,Maharashtra,Pune,1,2265906.28,0.0622,2125006.74,218372.39,Bank Finance
S04034,2022-02-16,C10891,Customer 0891,Honda,Elevate,Sedan,Petrol,Manual,South,Tamil Nadu,Chennai,1,1382921.34,0.0559,1305592.26,156422.84,Bank Finance
S02966,2022-02-16,C10083,Customer 0083,Toyota,Glanza,MPV,Diesel,Automatic,West,Maharashtra,Thane,1,1721309.14,0.06,1618081.61,65493.58,Bank Finance
S00397,2022-02-16,C10175,Customer 0175,Mahindra,XUV700,SUV,Petrol,Manual,West,Gujarat,Surat,1,2180006.29,0.0886,1986879.78,342484.01,UPI
S02366,2022-02-16,C10287,Customer 0287,Maruti Suzuki,Brezza,SUV,Electric,Automatic,East,West Bengal,Kolkata,1,1073666.66,0.0656,1003190.62,147527.36,UPI
S03008,2022-02-17,C10389,Customer 0389,Tata,Punch,SUV,Electric,Automatic,North,Uttar Pradesh,Noida,1,2028558.39,0.027,1973799.56,172141.19,Bank Finance
S04229,2022-02-17,C10124,Customer 0124,Hyundai,i20,Hatchback,Hybrid,Manual,South,Tamil Nadu,Coimbatore,1,1089316.35,0.0633,1020319.29,134452.07,Bank Finance
S01471,2022-02-17,C10074,Customer 0074,Hyundai,Exter,Hatchback,Petrol,Automatic,North,Rajasthan,Udaipur,1,1181745.91,0.0956,1068742.59,88392.32,Bank Finance
S00730,2022-02-18,C10158,Customer 0158,Honda,Amaze,Sedan,Petrol,Automatic,East,Odisha,Bhubaneswar,1,2133630.87,0.0637,1997790.54,206921.85,UPI
S03106,2022-02-18,C10859,Customer 0859,Kia,Seltos,MPV,Diesel,Manual,South,Telangana,Warangal,1,868901.93,0.0568,819590.31,64593.73,Bank Finance
S00895,2022-02-19,C10090,Customer 0090,Kia,Seltos,MPV,Electric,Automatic,West,Goa,Margao,1,1718918.18,0.025,1675902.25,335180.45,Bank Finance
S01101,2022-02-19,C10166,Customer 0166,Toyota,Urban Cruiser Hyryder,Hatchback,Hybrid,Manual,South,Tamil Nadu,Coimbatore,1,4945367.68,0.0921,4490090.63,323104.53,UPI
S04989,2022-02-19,C11087,Customer 1087,Mahindra,Scorpio-N,SUV,CNG,Manual,South,Kerala,Kochi,1,1732390.87,0.091,1574715.87,55115.06,Bank Finance
S04844,2022-02-19,C10156,Customer 0156,Kia,Sonet,SUV,Diesel,Manual,East,Bihar,Gaya,1,1336144.31,0.0094,1323556.19,151595.6,Bank Finance
S01356,2022-02-19,C10038,Customer 0038,Tata,Altroz,SUV,Electric,Automatic,West,Maharashtra,Nagpur,1,1186445.42,0.0633,1111355.29,38897.44,UPI
S03171,2022-02-20,C10189,Customer 0189,Hyundai,Verna,Hatchback,Diesel,Automatic,North,Punjab,Ludhiana,1,791399.39,0.0582,745340.35,126880.43,Bank Finance
S03257,2022-02-20,C10894,Customer 0894,Volkswagen,Taigun,Sedan,Diesel,Manual,West,Gujarat,Rajkot,1,1554134.42,0.0368,1496914.42,80150.76,Cash
S02203,2022-02-20,C10190,Customer 0190,Hyundai,Creta,Hatchback,Diesel,Manual,South,Andhra Pradesh,Visakhapatnam,1,1229214.04,0.0634,1151313.06,72636.22,UPI
S01909,2022-02-20,C10303,Customer 0303,Tata,Punch,SUV,Petrol,Manual,East,West Bengal,Kolkata,1,1318439.8,0.1148,1167087.84,101643.88,Bank Finance
S03832,2022-02-20,C10400,Customer 0400,Toyota,Glanza,SUV,Petrol,Automatic,West,Gujarat,Vadodara,1,2667124.34,0.1082,2378593.38,260401.47,Bank Finance
S03719,2022-02-21,C10618,Customer 0618,Maruti Suzuki,Grand Vitara,Sedan,Electric,Manual,North,Uttar Pradesh,Noida,1,748302.14,0.0425,716488.26,89279.65,Bank Finance
S04880,2022-02-21,C10952,Customer 0952,Kia,Sonet,SUV,Electric,Automatic,East,West Bengal,Siliguri,1,1357956.63,0.0696,1263493.59,51713.71,UPI
S04574,2022-02-21,C11146,Customer 1146,Kia,Carens,SUV,Diesel,Automatic,East,Bihar,Patna,1,1846165.52,0.0399,1772590.64,323274.48,Cash
S00193,2022-02-21,C10466,Customer 0466,Volkswagen,Virtus,SUV,CNG,Manual,West,Goa,Panaji,1,1742901.99,0.0748,1612515.44,177440.49,Credit Card
S03249,2022-02-21,C10113,Customer 0113,Mahindra,Thar,SUV,Diesel,Automatic,West,Maharashtra,Nashik,1,2303863.01,0.0841,2110160.62,171387.73,UPI
S02406,2022-02-21,C10563,Customer 0563,Honda,Amaze,SUV,Petrol,Automatic,West,Goa,Panaji,1,1483245.55,0.0424,1420385.88,213735.14,Credit Card
S02341,2022-02-21,C10162,Customer 0162,Toyota,Glanza,Hatchback,Petrol,Manual,South,Telangana,Warangal,1,2439521.73,0.0618,2288681.86,113309.77,Bank Finance
S02376,2022-02-21,C10709,Customer 0709,Volkswagen,Tiguan,SUV,Petrol,Automatic,South,Tamil Nadu,Chennai,1,1298600.28,0.0871,1185482.54,124937.57,UPI
S00033,2022-02-22,C10013,Customer 0013,Kia,Seltos,MPV,Diesel,Automatic,South,Telangana,Warangal,1,1752792.57,0.1126,1555426.48,104633.51,Bank Finance
S00467,2022-02-22,C10154,Customer 0154,Toyota,Fortuner,Hatchback,Diesel,Manual,South,Telangana,Warangal,1,4264893.6,0.103,3825578.11,272187.79,Cash
S00189,2022-02-22,C11061,Customer 1061,Maruti Suzuki,Grand Vitara,Hatchback,Petrol,Manual,North,Delhi,New Delhi,1,969988.58,0.0488,922669.31,77625.04,Bank Finance
S04688,2022-02-22,C10596,Customer 0596,Mahindra,Bolero,SUV,Electric,Automatic,East,West Bengal,Siliguri,1,2498622.34,0.0471,2381005.97,214961.75,Bank Finance
S02768,2022-02-22,C11046,Customer 1046,Honda,Elevate,Sedan,Diesel,Manual,North,Delhi,New Delhi,1,1103262.88,0.0786,1016569.25,124693.44,Bank Finance
S03348,2022-02-22,C10296,Customer 0296,Volkswagen,Virtus,Sedan,Electric,Manual,South,Kerala,Thiruvananthapuram,1,1740545.06,0.0366,1676855.64,91976.65,Bank Finance
S00741,2022-02-23,C10410,Customer 0410,Volkswagen,Virtus,Sedan,Diesel,Automatic,North,Uttar Pradesh,Noida,1,2157619.76,0.0093,2137619.22,192777.0,Credit Card
S01630,2022-02-23,C10024,Customer 0024,Toyota,Glanza,Hatchback,Diesel,Manual,North,Delhi,New Delhi,1,3655947.6,0.0341,3531118.91,219074.36,Bank Finance
S01195,2022-02-23,C11071,Customer 1071,Maruti Suzuki,Brezza,Sedan,CNG,Manual,East,Jharkhand,Jamshedpur,1,1074775.65,0.0774,991625.83,47542.62,Bank Finance
S04996,2022-02-23,C10878,Customer 0878,Volkswagen,Tiguan,Sedan,Hybrid,Manual,South,Andhra Pradesh,Vijayawada,1,2023784.09,0.0596,1903098.81,137513.9,Bank Finance
S00122,2022-02-23,C10406,Customer 0406,Hyundai,Venue,Sedan,Petrol,Automatic,West,Gujarat,Ahmedabad,1,1169887.79,0.1031,1049236.88,141616.36,UPI
S01121,2022-02-23,C11072,Customer 1072,Volkswagen,Taigun,Sedan,Petrol,Automatic,West,Goa,Margao,1,3538881.68,0.0481,3368521.04,267715.3,UPI
S03903,2022-02-23,C10783,Customer 0783,Toyota,Glanza,MPV,Diesel,Automatic,North,Uttar Pradesh,Kanpur,1,1919959.05,0.0895,1748180.71,132216.33,Cash
S02305,2022-02-24,C10631,Customer 0631,Honda,Amaze,Sedan,Petrol,Automatic,West,Goa,Panaji,1,1030652.46,0.049,980125.3,49318.93,Bank Finance
S04043,2022-02-24,C10869,Customer 0869,Tata,Nexon,Hatchback,CNG,Automatic,South,Telangana,Warangal,1,780724.63,0.0591,734605.08,88898.41,Bank Finance
S02993,2022-02-24,C10031,Customer 0031,Maruti Suzuki,Swift,Sedan,Electric,Automatic,West,Goa,Margao,1,1480892.45,0.0521,1403764.65,153765.34,UPI
S02041,2022-02-24,C11169,Customer 1169,Mahindra,XUV700,SUV,Petrol,Manual,South,Kerala,Kochi,1,1941204.23,0.0611,1822577.64,105411.47,UPI
S01487,2022-02-24,C10105,Customer 0105,Mahindra,Thar,SUV,CNG,Manual,West,Goa,Panaji,1,1863950.61,0.0667,1739574.88,175674.64,Bank Finance
S03757,2022-02-24,C10073,Customer 0073,Hyundai,Verna,Sedan,Petrol,Automatic,South,Andhra Pradesh,Visakhapatnam,1,923410.22,0.0885,841665.31,90238.97,UPI
S02052,2022-02-25,C10874,Customer 0874,Maruti Suzuki,Grand Vitara,SUV,Diesel,Manual,East,Bihar,Gaya,1,1104256.99,0.0862,1009022.94,130705.21,Bank Finance
S00745,2022-02-25,C11159,Customer 1159,Honda,Amaze,SUV,Electric,Manual,West,Maharashtra,Thane,1,859895.32,0.0704,799332.69,91965.2,Bank Finance
S04605,2022-02-25,C11146,Customer 1146,Maruti Suzuki,Baleno,SUV,Petrol,Automatic,West,Maharashtra,Pune,1,1457964.13,0.043,1395239.85,139767.39,Cash
S04479,2022-02-25,C10377,Customer 0377,Kia,Carens,SUV,Petrol,Manual,West,Gujarat,Surat,1,867278.99,0.0585,816501.45,64316.77,Bank Finance
S02465,2022-02-25,C10751,Customer 0751,Honda,Amaze,SUV,Electric,Automatic,West,Gujarat,Ahmedabad,1,1242980.04,0.0927,1127763.51,110623.99,Bank Finance
S02331,2022-02-25,C10095,Customer 0095,Maruti Suzuki,Baleno,Hatchback,Petrol,Manual,South,Kerala,Thiruvananthapuram,1,1376537.64,0.1072,1228990.75,105844.02,UPI
S04512,2022-02-25,C10037,Customer 0037,Tata,Harrier,SUV,CNG,Automatic,South,Tamil Nadu,Coimbatore,1,1373078.54,0.0492,1305536.41,54084.92,Bank Finance
S04079,2022-02-26,C10577,Customer 0577,Honda,Elevate,Sedan,Diesel,Manual,East,Bihar,Patna,1,1990153.32,0.0285,1933449.64,281764.2,Credit Card
S02404,2022-02-26,C10253,Customer 0253,Mahindra,XUV 3XO,SUV,Hybrid,Manual,South,Telangana,Hyderabad,1,1918072.37,0.0412,1839095.92,117605.01,Credit Card
S00712,2022-02-26,C10014,Customer 0014,Tata,Punch,SUV,CNG,Manual,North,Punjab,Amritsar,1,1024217.06,0.0409,982333.69,74767.61,Bank Finance
S03727,2022-02-26,C10988,Customer 0988,Toyota,Innova HyCross,Hatchback,Electric,Automatic,West,Gujarat,Ahmedabad,1,3262884.85,0.0373,3141152.08,179855.71,UPI
S00169,2022-02-26,C10697,Customer 0697,Toyota,Innova HyCross,Hatchback,Petrol,Manual,West,Gujarat,Surat,1,2387602.71,0.0671,2227381.09,226250.2,Bank Finance
S00991,2022-02-26,C10866,Customer 0866,Volkswagen,Virtus,SUV,Electric,Manual,West,Goa,Margao,1,1921273.41,0.034,1855895.4,166920.25,UPI
S02735,2022-02-27,C10162,Customer 0162,Mahindra,XUV700,SUV,Hybrid,Manual,North,Uttar Pradesh,Noida,1,973171.43,0.0652,909736.65,127782.19,Bank Finance
S02428,2022-02-27,C10296,Customer 0296,Volkswagen,Virtus,SUV,Electric,Automatic,West,Maharashtra,Nashik,1,3185427.24,0.0824,2923097.48,329633.82,Cash
S04766,2022-02-27,C11112,Customer 1112,Honda,Elevate,SUV,Electric,Manual,North,Haryana,Faridabad,1,1063826.18,0.0775,981423.17,173748.43,UPI
S02977,2022-02-28,C10417,Customer 0417,Mahindra,Scorpio-N,SUV,Diesel,Automatic,South,Telangana,Warangal,1,2209673.7,0.0978,1993666.68,152633.21,Cash
S00296,2022-03-01,C10596,Customer 0596,Tata,Harrier,Hatchback,Diesel,Automatic,South,Telangana,Warangal,1,1265437.19,0.0437,1210159.81,93728.87,Credit Card
S00697,2022-03-01,C11110,Customer 1110,Honda,City,SUV,Petrol,Manual,North,Uttar Pradesh,Noida,1,2083166.22,0.0663,1945016.15,224095.31,Cash
S04836,2022-03-01,C10339,Customer 0339,Maruti Suzuki,Grand Vitara,SUV,Diesel,Automatic,East,Odisha,Cuttack,1,1283385.43,0.0659,1198836.41,99170.44,UPI
S01239,2022-03-01,C10114,Customer 0114,Toyota,Glanza,SUV,Hybrid,Manual,East,Odisha,Bhubaneswar,1,2543100.98,0.0474,2422610.39,214067.32,Bank Finance
S00391,2022-03-04,C11159,Customer 1159,Tata,Nexon,SUV,CNG,Automatic,West,Gujarat,Surat,1,1478623.45,0.0541,1398587.9,176700.79,Bank Finance
S03251,2022-03-04,C10166,Customer 0166,Kia,Seltos,SUV,Electric,Manual,North,Delhi,New Delhi,1,1292392.12,0.0709,1200748.45,128852.74,UPI
S00928,2022-03-04,C10291,Customer 0291,Honda,Amaze,SUV,Diesel,Automatic,West,Goa,Margao,1,1919924.56,0.021,1879618.1,159730.77,Bank Finance
S00865,2022-03-05,C11080,Customer 1080,Hyundai,Exter,SUV,Petrol,Manual,North,Punjab,Ludhiana,1,1360359.48,0.0508,1291189.3,178752.99,Credit Card
S02172,2022-03-05,C10158,Customer 0158,Toyota,Urban Cruiser Hyryder,SUV,Electric,Manual,North,Rajasthan,Jodhpur,1,1855170.64,0.0192,1819546.28,189915.21,Bank Finance
S00732,2022-03-05,C10338,Customer 0338,Kia,Sonet,SUV,Petrol,Manual,West,Gujarat,Vadodara,1,1300070.37,0.061,1220732.59,69401.79,Bank Finance
S01511,2022-03-06,C10294,Customer 0294,Mahindra,XUV700,SUV,Electric,Automatic,South,Andhra Pradesh,Vijayawada,1,1565294.15,0.0348,1510819.4,302163.88,UPI
S03068,2022-03-06,C11047,Customer 1047,Honda,Elevate,Sedan,Diesel,Automatic,South,Tamil Nadu,Coimbatore,1,1842423.57,0.0914,1673957.92,258403.3,Cash
S04730,2022-03-06,C10944,Customer 0944,Honda,Amaze,SUV,Electric,Automatic,South,Tamil Nadu,Chennai,1,1914499.16,0.0819,1757759.37,226057.3,Bank Finance
S01264,2022-03-06,C10754,Customer 0754,Tata,Altroz,Hatchback,Petrol,Automatic,North,Rajasthan,Jodhpur,1,974774.29,0.0634,912975.46,50337.11,Bank Finance
S00687,2022-03-06,C10668,Customer 0668,Honda,Elevate,Sedan,Petrol,Automatic,North,Uttar Pradesh,Lucknow,1,1411183.2,0.0974,1273665.13,111322.48,UPI
S03540,2022-03-07,C10460,Customer 0460,Mahindra,Scorpio-N,SUV,Petrol,Manual,West,Gujarat,Ahmedabad,1,1043235.02,0.0633,977211.35,138537.08,Cash
S00369,2022-03-07,C10143,Customer 0143,Hyundai,Exter,Sedan,Diesel,Automatic,West,Maharashtra,Nashik,1,1341820.35,0.074,1242460.66,100025.59,Cash
S01178,2022-03-07,C10590,Customer 0590,Toyota,Innova HyCross,Hatchback,Petrol,Automatic,West,Goa,Margao,1,1136943.94,0.0894,1035304.42,36235.65,UPI
S01063,2022-03-07,C11016,Customer 1016,Hyundai,Exter,SUV,Petrol,Manual,South,Andhra Pradesh,Vijayawada,1,1433447.5,0.0495,1362518.54,129371.86,Bank Finance
S04576,2022-03-07,C11017,Customer 1017,Maruti Suzuki,Baleno,SUV,Petrol,Manual,West,Goa,Panaji,1,719612.07,0.0409,690207.44,47427.14,UPI
S00420,2022-03-08,C10702,Customer 0702,Honda,Amaze,SUV,Hybrid,Manual,North,Delhi,New Delhi,1,1552596.4,0.0421,1487285.94,102163.21,Cash
S01373,2022-03-08,C10024,Customer 0024,Toyota,Urban Cruiser Hyryder,Hatchback,Petrol,Automatic,East,West Bengal,Siliguri,1,4626483.53,0.0527,4382710.22,268261.6,Cash
S03343,2022-03-08,C10126,Customer 0126,Hyundai,Creta,Sedan,Petrol,Automatic,South,Tamil Nadu,Madurai,1,1023964.79,0.0873,934529.84,47238.35,Cash
S00056,2022-03-08,C10819,Customer 0819,Mahindra,Thar,SUV,CNG,Automatic,North,Uttar Pradesh,Kanpur,1,2152445.99,0.0375,2071728.06,146803.09,UPI
S00499,2022-03-08,C10110,Customer 0110,Tata,Safari,SUV,Electric,Manual,South,Andhra Pradesh,Vijayawada,1,1275852.26,0.0741,1181282.88,158271.42,Credit Card
S01583,2022-03-08,C10095,Customer 0095,Toyota,Glanza,MPV,Diesel,Manual,East,Odisha,Bhubaneswar,1,2191015.82,0.0108,2167276.59,292457.52,Bank Finance
S04640,2022-03-09,C10874,Customer 0874,Toyota,Fortuner,Hatchback,Petrol,Automatic,West,Goa,Margao,1,1956987.84,0.0964,1768278.19,159239.94,Bank Finance
S03544,2022-03-09,C10609,Customer 0609,Hyundai,Creta,SUV,Petrol,Automatic,North,Uttar Pradesh,Noida,1,1862482.07,0.0197,1825784.18,218238.53,Bank Finance
S00585,2022-03-09,C11061,Customer 1061,Toyota,Urban Cruiser Hyryder,Hatchback,Electric,Manual,West,Gujarat,Ahmedabad,1,2414911.3,0.0417,2314129.44,197427.54,Bank Finance
S03652,2022-03-10,C10061,Customer 0061,Toyota,Innova HyCross,Hatchback,CNG,Manual,North,Rajasthan,Jodhpur,1,4247959.25,0.071,3946374.72,564392.45,Credit Card
S00707,2022-03-10,C10953,Customer 0953,Toyota,Urban Cruiser Hyryder,Hatchback,Electric,Automatic,West,Maharashtra,Nashik,1,1349318.8,0.0499,1281971.72,215273.48,Bank Finance
S03309,2022-03-10,C10636,Customer 0636,Volkswagen,Virtus,Sedan,Diesel,Manual,South,Karnataka,Mangaluru,1,3133669.5,0.0501,2976585.65,324923.3,Credit Card
S02641,2022-03-11,C11084,Customer 1084,Maruti Suzuki,Dzire,SUV,Diesel,Automatic,West,Goa,Panaji,1,1433817.74,0.0585,1349887.93,109944.88,Bank Finance
S04289,2022-03-11,C10756,Customer 0756,Hyundai,i20,SUV,Diesel,Automatic,South,Tamil Nadu,Coimbatore,1,1378443.42,0.0201,1350687.33,125131.25,Bank Finance
S01923,2022-03-11,C10276,Customer 0276,Tata,Nexon,SUV,Electric,Automatic,East,Odisha,Bhubaneswar,1,2153440.45,0.0863,1967680.9,68868.83,Bank Finance
S00021,2022-03-11,C11107,Customer 1107,Honda,Amaze,Sedan,Petrol,Automatic,South,Tamil Nadu,Chennai,1,2014219.33,0.0731,1866979.73,285756.34,Credit Card
S03649,2022-03-11,C10501,Customer 0501,Hyundai,Creta,SUV,Hybrid,Automatic,West,Maharashtra,Mumbai,1,1316547.19,0.0,1316547.19,130272.08,Cash
S02762,2022-03-11,C11054,Customer 1054,Volkswagen,Taigun,Sedan,Petrol,Automatic,West,Gujarat,Ahmedabad,1,3141116.02,0.0534,2973489.54,219169.16,UPI
S02743,2022-03-12,C10126,Customer 0126,Honda,Elevate,SUV,Petrol,Automatic,North,Uttar Pradesh,Kanpur,1,1128641.1,0.031,1093709.43,132561.28,Bank Finance
S04304,2022-03-12,C10952,Customer 0952,Kia,Carens,SUV,Petrol,Automatic,South,Karnataka,Bengaluru,1,1384067.44,0.0825,1269903.66,156234.58,UPI
S04590,2022-03-12,C10314,Customer 0314,Mahindra,XUV700,SUV,Petrol,Manual,West,Maharashtra,Mumbai,1,1820507.71,0.0903,1656080.5,57962.82,Bank Finance
S04435,2022-03-12,C10855,Customer 0855,Toyota,Urban Cruiser Hyryder,Hatchback,Petrol,Manual,East,Bihar,Patna,1,2928189.77,0.0515,2777509.62,315973.54,Cash
S03438,2022-03-13,C10985,Customer 0985,Tata,Punch,Hatchback,Petrol,Automatic,South,Karnataka,Mangaluru,1,1554490.98,0.0653,1453035.06,141727.08,Bank Finance
S00246,2022-03-13,C10874,Customer 0874,Volkswagen,Taigun,Sedan,Electric,Automatic,North,Rajasthan,Jodhpur,1,1742293.21,0.0644,1630040.59,129670.67,UPI
S00743,2022-03-13,C11066,Customer 1066,Hyundai,Exter,Sedan,Petrol,Automatic,South,Karnataka,Mangaluru,1,950213.29,0.0398,912363.83,119666.55,UPI
S03299,2022-03-13,C10618,Customer 0618,Toyota,Fortuner,Hatchback,Hybrid,Manual,West,Maharashtra,Nashik,1,4456991.36,0.0496,4235782.46,148252.39,Bank Finance
S01985,2022-03-14,C10637,Customer 0637,Hyundai,Creta,SUV,CNG,Automatic,West,Gujarat,Ahmedabad,1,1031034.41,0.0901,938185.43,105025.32,Credit Card
S02240,2022-03-14,C10053,Customer 0053,Volkswagen,Taigun,Sedan,Petrol,Automatic,North,Punjab,Chandigarh,1,2341848.3,0.0824,2148801.44,165070.6,Credit Card
S03278,2022-03-14,C11052,Customer 1052,Toyota,Fortuner,MPV,CNG,Automatic,North,Punjab,Chandigarh,1,4315642.64,0.0308,4182510.76,585715.25,UPI
S02192,2022-03-15,C10577,Customer 0577,Honda,City,SUV,CNG,Manual,South,Kerala,Kochi,1,1019475.29,0.0321,986774.86,74442.83,UPI
S04371,2022-03-15,C10034,Customer 0034,Mahindra,XUV700,SUV,Petrol,Automatic,North,Uttar Pradesh,Kanpur,1,1143390.22,0.0711,1062092.16,107348.21,Cash
S03555,2022-03-15,C10760,Customer 0760,Volkswagen,Virtus,SUV,CNG,Automatic,South,Kerala,Thiruvananthapuram,1,3813618.27,0.0325,3689842.42,502539.58,Credit Card
S00824,2022-03-16,C10259,Customer 0259,Tata,Punch,SUV,CNG,Automatic,South,Kerala,Thiruvananthapuram,1,1765052.01,0.0264,1718510.07,168901.93,Bank Finance
S01688,2022-03-16,C11013,Customer 1013,Kia,Carens,SUV,Electric,Automatic,North,Punjab,Ludhiana,1,2020997.19,0.0468,1926323.07,217069.39,Bank Finance
S00859,2022-03-17,C10377,Customer 0377,Mahindra,Scorpio-N,SUV,Petrol,Manual,South,Karnataka,Mysuru,1,2104258.95,0.0726,1951553.1,135754.92,Bank Finance
S04218,2022-03-17,C10155,Customer 0155,Toyota,Glanza,Hatchback,Diesel,Automatic,South,Tamil Nadu,Chennai,1,738218.44,0.0654,689936.09,69828.68,Bank Finance
S04559,2022-03-17,C10445,Customer 0445,Mahindra,XUV700,SUV,Diesel,Manual,East,Bihar,Gaya,1,1301847.47,0.0495,1237416.63,105498.3,Bank Finance
S03646,2022-03-17,C10869,Customer 0869,Hyundai,Exter,Sedan,Petrol,Automatic,East,Jharkhand,Jamshedpur,1,949385.78,0.0393,912098.88,80175.74,UPI
S03275,2022-03-18,C11194,Customer 1194,Volkswagen,Virtus,Sedan,CNG,Automatic,South,Andhra Pradesh,Vijayawada,1,1539264.82,0.0494,1463224.14,119399.03,UPI
S03813,2022-03-18,C10592,Customer 0592,Hyundai,Exter,Hatchback,Petrol,Automatic,South,Karnataka,Bengaluru,1,857534.66,0.011,848131.07,58873.5,Credit Card
S01488,2022-03-18,C10384,Customer 0384,Kia,Sonet,SUV,Hybrid,Automatic,South,Tamil Nadu,Chennai,1,944655.51,0.0545,893151.52,48131.37,Bank Finance
S04138,2022-03-18,C10402,Customer 0402,Maruti Suzuki,Dzire,Sedan,Electric,Automatic,West,Goa,Margao,1,706889.31,0.0437,675997.08,81142.8,Credit Card
S00530,2022-03-18,C10852,Customer 0852,Kia,Sonet,MPV,CNG,Automatic,North,Punjab,Amritsar,1,1092582.52,0.0848,999934.25,154205.67,UPI
S00339,2022-03-18,C10243,Customer 0243,Mahindra,Thar,SUV,Petrol,Manual,West,Goa,Margao,1,2339251.65,0.0802,2151680.53,129639.59,Bank Finance
S00115,2022-03-19,C11064,Customer 1064,Tata,Nexon,SUV,Diesel,Automatic,South,Andhra Pradesh,Vijayawada,1,1738351.63,0.0761,1605983.62,155347.19,Bank Finance
S02039,2022-03-19,C10423,Customer 0423,Hyundai,Verna,Sedan,Electric,Manual,West,Maharashtra,Nagpur,1,1840484.91,0.0589,1732041.9,204769.36,Bank Finance
S02882,2022-03-19,C10224,Customer 0224,Hyundai,Venue,SUV,Diesel,Manual,South,Telangana,Warangal,1,1592561.78,0.0915,1446887.56,193076.36,Bank Finance
S00273,2022-03-20,C10306,Customer 0306,Honda,Elevate,Sedan,Petrol,Manual,West,Goa,Margao,1,2167943.66,0.0657,2025592.02,165927.33,Credit Card
S03670,2022-03-20,C11187,Customer 1187,Honda,Amaze,Sedan,CNG,Manual,South,Kerala,Kochi,1,1177920.26,0.029,1143785.19,181100.26,Cash
S04503,2022-03-20,C10002,Customer 0002,Volkswagen,Taigun,SUV,Electric,Manual,North,Punjab,Ludhiana,1,2014789.51,0.0484,1917296.47,198061.77,UPI
S00084,2022-03-21,C10477,Customer 0477,Toyota,Urban Cruiser Hyryder,MPV,Petrol,Automatic,South,Telangana,Hyderabad,1,2356739.47,0.0252,2297333.28,325969.31,UPI
S00240,2022-03-22,C10945,Customer 0945,Honda,Elevate,SUV,Electric,Automatic,West,Gujarat,Vadodara,1,703025.25,0.0582,662100.98,55388.91,Bank Finance
S03830,2022-03-22,C10449,Customer 0449,Toyota,Innova HyCross,MPV,Petrol,Manual,East,Jharkhand,Jamshedpur,1,2665881.93,0.0687,2482785.63,463405.35,Cash
S04616,2022-03-23,C10008,Customer 0008,Mahindra,XUV 3XO,SUV,Hybrid,Manual,East,West Bengal,Siliguri,1,1495708.15,0.0654,1397936.95,157830.1,Bank Finance
S02424,2022-03-23,C10341,Customer 0341,Hyundai,Verna,SUV,Petrol,Automatic,South,Karnataka,Mangaluru,1,1018569.02,0.0809,936119.8,124238.55,Bank Finance
S00978,2022-03-23,C10678,Customer 0678,Honda,Elevate,Sedan,Hybrid,Manual,East,Jharkhand,Jamshedpur,1,1215716.9,0.0728,1127228.24,104739.93,Bank Finance
S04287,2022-03-23,C10863,Customer 0863,Volkswagen,Taigun,Sedan,Diesel,Automatic,West,Goa,Margao,1,2683135.98,0.0499,2549271.09,334224.95,Bank Finance
S00434,2022-03-24,C10012,Customer 0012,Volkswagen,Taigun,SUV,Hybrid,Automatic,North,Rajasthan,Udaipur,1,3528516.33,0.0559,3331354.35,428834.23,Bank Finance
S02936,2022-03-24,C10982,Customer 0982,Volkswagen,Taigun,Sedan,Diesel,Manual,East,Jharkhand,Jamshedpur,1,2980188.53,0.08,2741745.91,234119.23,UPI
S00581,2022-03-24,C10239,Customer 0239,Kia,Seltos,MPV,Diesel,Manual,South,Kerala,Kochi,1,838478.81,0.066,783165.15,82193.84,UPI
S04595,2022-03-24,C10403,Customer 0403,Mahindra,XUV700,SUV,Petrol,Manual,West,Maharashtra,Mumbai,1,1745503.95,0.0443,1668224.49,275365.16,Credit Card
S04604,2022-03-24,C10173,Customer 0173,Tata,Safari,Hatchback,Diesel,Manual,West,Goa,Panaji,1,787556.52,0.0843,721146.08,53454.42,UPI
S02274,2022-03-25,C10792,Customer 0792,Mahindra,Bolero,SUV,Petrol,Manual,North,Rajasthan,Jaipur,1,1875766.25,0.0387,1803126.05,319839.13,Cash
S04114,2022-03-25,C10318,Customer 0318,Volkswagen,Virtus,SUV,Petrol,Automatic,South,Andhra Pradesh,Vijayawada,1,2539611.58,0.0108,2512294.71,131970.55,Bank Finance
S01827,2022-03-25,C10088,Customer 0088,Mahindra,Bolero,SUV,Petrol,Automatic,East,Odisha,Bhubaneswar,1,1920638.24,0.0844,1758598.61,109742.65,Bank Finance
S03285,2022-03-25,C10990,Customer 0990,Mahindra,Thar,SUV,Petrol,Manual,North,Punjab,Chandigarh,1,1989339.84,0.0024,1984490.84,114882.52,Credit Card
S04376,2022-03-26,C10789,Customer 0789,Honda,Elevate,SUV,CNG,Automatic,West,Gujarat,Ahmedabad,1,2109879.8,0.036,2033965.14,212278.0,Credit Card
S02629,2022-03-26,C11061,Customer 1061,Honda,Amaze,SUV,Diesel,Automatic,East,Jharkhand,Jamshedpur,1,997481.82,0.0658,931831.81,134270.41,Bank Finance
S04586,2022-03-26,C10687,Customer 0687,Maruti Suzuki,Brezza,Hatchback,Petrol,Manual,North,Uttar Pradesh,Noida,1,1269421.8,0.0563,1197901.96,90926.87,Cash
S04718,2022-03-26,C10160,Customer 0160,Kia,Carens,MPV,Diesel,Automatic,North,Haryana,Gurugram,1,1230163.57,0.0487,1170203.79,110120.1,Credit Card
S04369,2022-03-26,C10263,Customer 0263,Honda,Elevate,Sedan,Petrol,Manual,East,West Bengal,Siliguri,1,1190197.59,0.034,1149684.81,100353.46,Bank Finance
S04519,2022-03-27,C10126,Customer 0126,Tata,Safari,Hatchback,Electric,Manual,East,Odisha,Cuttack,1,847320.13,0.0528,802616.2,44078.34,UPI
S00896,2022-03-27,C11009,Customer 1009,Kia,Sonet,SUV,Electric,Automatic,East,Jharkhand,Jamshedpur,1,1931327.11,0.119,1701560.43,163676.75,UPI
S00014,2022-03-28,C10252,Customer 0252,Hyundai,Verna,SUV,Electric,Manual,North,Punjab,Chandigarh,1,752094.47,0.0306,729095.6,34552.26,UPI
S01470,2022-03-28,C10236,Customer 0236,Mahindra,Bolero,SUV,Diesel,Automatic,South,Tamil Nadu,Madurai,1,1840619.01,0.0375,1771533.15,303622.53,Cash
S00030,2022-03-28,C10700,Customer 0700,Mahindra,Bolero,SUV,Electric,Automatic,West,Gujarat,Surat,1,2085486.61,0.0584,1963740.33,99550.54,Bank Finance
S03644,2022-03-28,C10879,Customer 0879,Hyundai,Verna,SUV,Diesel,Automatic,West,Goa,Margao,1,1070518.62,0.0495,1017492.62,62039.92,UPI
S00758,2022-03-29,C10576,Customer 0576,Hyundai,Venue,SUV,Petrol,Automatic,South,Kerala,Thiruvananthapuram,1,972211.25,0.0274,945574.58,87775.74,Bank Finance
S00211,2022-03-29,C10610,Customer 0610,Volkswagen,Virtus,SUV,CNG,Manual,South,Tamil Nadu,Coimbatore,1,1809559.33,0.0481,1722478.12,164026.08,Cash
S04714,2022-03-29,C10229,Customer 0229,Honda,Amaze,SUV,Hybrid,Automatic,South,Andhra Pradesh,Vijayawada,1,2196100.83,0.062,2060040.39,121475.04,Cash
S01945,2022-03-29,C11024,Customer 1024,Kia,Carens,SUV,Electric,Automatic,East,Bihar,Gaya,1,1328703.69,0.0686,1237498.06,90269.39,Credit Card
S04429,2022-03-30,C10773,Customer 0773,Hyundai,Venue,Sedan,Diesel,Manual,South,Telangana,Hyderabad,1,725905.05,0.064,679425.77,96256.79,Bank Finance
S01778,2022-03-30,C10155,Customer 0155,Volkswagen,Tiguan,Sedan,CNG,Automatic,South,Karnataka,Mysuru,1,2448152.14,0.0406,2348828.35,454861.6,Bank Finance
S02187,2022-03-31,C10875,Customer 0875,Volkswagen,Tiguan,Sedan,Petrol,Manual,North,Rajasthan,Jaipur,1,3219535.16,0.0652,3009522.06,325452.96,Bank Finance
S01420,2022-04-02,C10674,Customer 0674,Maruti Suzuki,Dzire,Hatchback,Electric,Manual,South,Tamil Nadu,Coimbatore,1,1442887.1,0.0424,1381693.14,200604.23,UPI
S03015,2022-04-02,C10534,Customer 0534,Volkswagen,Virtus,SUV,Petrol,Automatic,East,Odisha,Bhubaneswar,1,2358576.37,0.0231,2304136.01,319635.23,Credit Card
S04441,2022-04-03,C10873,Customer 0873,Toyota,Urban Cruiser Hyryder,SUV,Petrol,Automatic,East,West Bengal,Siliguri,1,2991745.9,0.0734,2772030.69,248966.58,UPI
S01964,2022-04-03,C10275,Customer 0275,Maruti Suzuki,Swift,Hatchback,Petrol,Automatic,East,Bihar,Patna,1,1622575.66,0.0949,1468651.97,178417.55,Bank Finance
S04152,2022-04-03,C11147,Customer 1147,Kia,Carens,MPV,Hybrid,Automatic,West,Maharashtra,Nagpur,1,2161584.49,0.0793,1990206.04,189776.22,Credit Card
S01634,2022-04-03,C10960,Customer 0960,Tata,Altroz,SUV,Hybrid,Manual,East,Jharkhand,Ranchi,1,1121473.73,0.0216,1097240.84,90369.94,Bank Finance
S00282,2022-04-04,C10654,Customer 0654,Toyota,Glanza,SUV,Petrol,Automatic,South,Tamil Nadu,Chennai,1,2058975.32,0.0581,1939263.74,200183.1,Bank Finance
S02650,2022-04-04,C10005,Customer 0005,Mahindra,XUV 3XO,SUV,Petrol,Manual,East,West Bengal,Siliguri,1,1568393.02,0.0952,1419086.18,140742.58,Credit Card
S03689,2022-04-04,C10062,Customer 0062,Kia,Carens,MPV,Hybrid,Automatic,West,Goa,Panaji,1,2160784.67,0.0651,2020072.0,222476.67,UPI
S03703,2022-04-05,C10044,Customer 0044,Mahindra,Scorpio-N,SUV,Hybrid,Manual,North,Rajasthan,Jaipur,1,1481790.37,0.0658,1384318.39,182018.06,UPI
S04390,2022-04-05,C10149,Customer 0149,Kia,Carens,MPV,Diesel,Manual,North,Rajasthan,Jodhpur,1,1286017.33,0.0655,1201789.47,103618.48,Cash
S01551,2022-04-05,C10344,Customer 0344,Honda,City,Sedan,Hybrid,Manual,South,Karnataka,Mangaluru,1,1506773.52,0.0733,1396323.94,200804.48,UPI
S04945,2022-04-05,C10280,Customer 0280,Kia,Sonet,SUV,Petrol,Manual,West,Gujarat,Rajkot,1,1026448.42,0.064,960778.61,101232.68,Bank Finance
S03530,2022-04-05,C11064,Customer 1064,Mahindra,Scorpio-N,SUV,Hybrid,Manual,West,Maharashtra,Mumbai,1,1493484.93,0.0788,1375760.02,143827.73,Bank Finance
S03217,2022-04-05,C10090,Customer 0090,Mahindra,XUV700,SUV,CNG,Manual,South,Karnataka,Bengaluru,1,878590.55,0.0936,796334.73,115831.1,Bank Finance
S03829,2022-04-06,C10897,Customer 0897,Toyota,Glanza,SUV,Petrol,Manual,South,Telangana,Warangal,1,4433528.95,0.0485,4218288.47,703141.75,Bank Finance
S00204,2022-04-06,C10771,Customer 0771,Toyota,Innova HyCross,MPV,Petrol,Automatic,East,Bihar,Patna,1,4476029.75,0.0378,4306617.27,453483.57,UPI
S03080,2022-04-06,C11139,Customer 1139,Tata,Altroz,SUV,CNG,Automatic,South,Telangana,Hyderabad,1,1238631.56,0.0418,1186908.7,84861.9,Bank Finance
S01172,2022-04-06,C10686,Customer 0686,Toyota,Fortuner,MPV,Petrol,Manual,East,Odisha,Bhubaneswar,1,3286541.59,0.052,3115799.22,296355.9,Credit Card
S03450,2022-04-07,C10769,Customer 0769,Honda,Elevate,Sedan,Diesel,Automatic,South,Tamil Nadu,Chennai,1,803044.75,0.0603,754659.32,106042.98,Cash
S01259,2022-04-07,C10080,Customer 0080,Tata,Punch,Hatchback,Petrol,Automatic,West,Gujarat,Ahmedabad,1,1196908.53,0.06,1125041.07,126764.97,Credit Card
S02539,2022-04-08,C10289,Customer 0289,Maruti Suzuki,Dzire,Sedan,Hybrid,Automatic,North,Rajasthan,Jaipur,1,1154541.02,0.0503,1096434.69,129955.42,Bank Finance
S03899,2022-04-08,C10228,Customer 0228,Mahindra,XUV700,SUV,Diesel,Automatic,South,Tamil Nadu,Coimbatore,1,1473759.26,0.0095,1459694.16,108321.76,Bank Finance
S02330,2022-04-08,C10997,Customer 0997,Honda,City,SUV,Hybrid,Automatic,East,Odisha,Cuttack,1,1076994.63,0.0218,1053508.55,71517.85,Bank Finance
S04905,2022-04-09,C10921,Customer 0921,Kia,Carens,MPV,Petrol,Manual,North,Uttar Pradesh,Noida,1,1542617.05,0.0746,1427589.03,134343.54,UPI
S01565,2022-04-09,C10466,Customer 0466,Maruti Suzuki,Baleno,SUV,Petrol,Automatic,East,Jharkhand,Ranchi,1,1383271.27,0.0342,1335955.91,100974.72,Bank Finance
S02718,2022-04-09,C10126,Customer 0126,Honda,Amaze,SUV,Hybrid,Automatic,South,Tamil Nadu,Chennai,1,1070017.0,0.0643,1001207.44,130619.75,Credit Card
S04385,2022-04-10,C10745,Customer 0745,Toyota,Glanza,Hatchback,Electric,Manual,South,Kerala,Thiruvananthapuram,1,923615.83,0.0122,912375.18,146019.5,Bank Finance
S02874,2022-04-11,C11002,Customer 1002,Honda,Amaze,SUV,Diesel,Automatic,North,Delhi,New Delhi,1,1585033.99,0.0686,1476244.44,161546.88,Bank Finance
S04099,2022-04-11,C10878,Customer 0878,Tata,Altroz,Hatchback,Diesel,Manual,South,Kerala,Kochi,1,770674.55,0.0518,730763.76,25576.73,Credit Card
S01497,2022-04-12,C11036,Customer 1036,Volkswagen,Taigun,Sedan,Diesel,Automatic,South,Karnataka,Mysuru,1,2861767.33,0.0539,2707654.35,189221.78,Credit Card
S02216,2022-04-12,C10656,Customer 0656,Volkswagen,Taigun,Sedan,Diesel,Automatic,West,Gujarat,Rajkot,1,2118378.98,0.0636,1983556.33,175661.29,Bank Finance
S03131,2022-04-12,C10312,Customer 0312,Honda,Amaze,SUV,Electric,Manual,North,Punjab,Ludhiana,1,829694.25,0.0854,758867.43,28655.42,UPI
S03563,2022-04-13,C10342,Customer 0342,Volkswagen,Taigun,SUV,Electric,Automatic,East,Jharkhand,Ranchi,1,3276192.3,0.0609,3076761.62,336892.87,Credit Card
S03708,2022-04-13,C10713,Customer 0713,Kia,Sonet,MPV,Petrol,Manual,West,Goa,Margao,1,2070181.02,0.0546,1957159.89,118243.83,Credit Card
S00854,2022-04-13,C10804,Customer 0804,Kia,Seltos,SUV,Electric,Automatic,South,Telangana,Hyderabad,1,1929916.23,0.0612,1811780.78,247358.25,Cash
S04413,2022-04-13,C10330,Customer 0330,Tata,Punch,Hatchback,Electric,Automatic,West,Goa,Panaji,1,1776984.33,0.0629,1665185.64,77768.63,UPI
S00674,2022-04-13,C10616,Customer 0616,Maruti Suzuki,Swift,SUV,Petrol,Automatic,North,Punjab,Chandigarh,1,919383.37,0.0868,839590.17,99483.55,UPI
S02069,2022-04-14,C11032,Customer 1032,Hyundai,Exter,Sedan,Diesel,Automatic,South,Tamil Nadu,Chennai,1,874820.5,0.0193,857919.82,97893.3,Bank Finance
S04224,2022-04-14,C10692,Customer 0692,Maruti Suzuki,Baleno,Hatchback,CNG,Manual,West,Gujarat,Rajkot,1,1126948.29,0.016,1108926.19,98667.9,Bank Finance
S02965,2022-04-14,C10756,Customer 0756,Toyota,Innova HyCross,MPV,Petrol,Manual,North,Delhi,New Delhi,1,3078671.05,0.0523,2917639.55,102117.38,UPI
S00457,2022-04-14,C10126,Customer 0126,Toyota,Innova HyCross,MPV,Electric,Automatic,South,Kerala,Thiruvananthapuram,1,2933294.71,0.0516,2781902.76,287135.34,UPI
S02259,2022-04-15,C10525,Customer 0525,Maruti Suzuki,Grand Vitara,Hatchback,Diesel,Automatic,South,Kerala,Kochi,1,1475328.61,0.0407,1415312.51,121109.19,Credit Card
S00873,2022-04-15,C10549,Customer 0549,Tata,Harrier,Hatchback,Diesel,Automatic,West,Maharashtra,Nagpur,1,1822011.47,0.0969,1645478.07,196987.95,UPI
S01775,2022-04-16,C10008,Customer 0008,Hyundai,i20,Hatchback,CNG,Automatic,South,Kerala,Kochi,1,1915569.09,0.0955,1732594.86,150187.64,Credit Card
S01484,2022-04-17,C11195,Customer 1195,Honda,Elevate,Sedan,Petrol,Manual,North,Uttar Pradesh,Kanpur,1,2256309.2,0.0607,2119251.45,278519.36,Cash
S02835,2022-04-18,C10403,Customer 0403,Kia,Carens,SUV,Electric,Automatic,North,Punjab,Amritsar,1,2530563.02,0.1022,2271896.74,233026.71,UPI
S04148,2022-04-18,C10637,Customer 0637,Honda,City,SUV,Petrol,Automatic,West,Maharashtra,Mumbai,1,1370117.14,0.0278,1331981.95,111722.41,Cash
S00111,2022-04-18,C10229,Customer 0229,Tata,Punch,Hatchback,Electric,Automatic,West,Maharashtra,Nagpur,1,724982.38,0.0048,721505.15,66323.32,Cash
S04008,2022-04-18,C10903,Customer 0903,Toyota,Urban Cruiser Hyryder,SUV,Electric,Manual,West,Goa,Margao,1,5350380.78,0.052,5071983.7,489224.04,UPI
S00851,2022-04-18,C10675,Customer 0675,Toyota,Urban Cruiser Hyryder,Hatchback,CNG,Automatic,North,Rajasthan,Jodhpur,1,1763559.51,0.0885,1607572.27,160168.59,UPI
S04337,2022-04-18,C10871,Customer 0871,Honda,Amaze,Sedan,Petrol,Manual,East,Odisha,Bhubaneswar,1,1149921.12,0.1243,1007002.14,102190.1,Bank Finance
S04855,2022-04-19,C10577,Customer 0577,Kia,Carens,MPV,Diesel,Automatic,South,Andhra Pradesh,Visakhapatnam,1,1012571.22,0.053,958927.05,61236.35,Credit Card
S00784,2022-04-19,C10518,Customer 0518,Toyota,Fortuner,Hatchback,Petrol,Manual,West,Gujarat,Rajkot,1,2476702.36,0.0714,2299900.39,290074.85,Cash
S04665,2022-04-19,C10611,Customer 0611,Tata,Nexon,Hatchback,Diesel,Manual,West,Goa,Margao,1,1509133.2,0.0635,1413338.98,200079.58,Credit Card
S03013,2022-04-19,C10171,Customer 0171,Honda,Amaze,SUV,Diesel,Automatic,North,Uttar Pradesh,Kanpur,1,1576906.84,0.0588,1484153.78,210381.56,Credit Card
S03433,2022-04-20,C10792,Customer 0792,Tata,Nexon,Hatchback,Petrol,Automatic,North,Rajasthan,Jaipur,1,1765078.87,0.0679,1645176.03,192028.72,Bank Finance
S04850,2022-04-20,C10457,Customer 0457,Volkswagen,Tiguan,SUV,Petrol,Manual,East,Bihar,Patna,1,2059697.68,0.0279,2002188.87,172428.12,Bank Finance
S04126,2022-04-21,C10081,Customer 0081,Maruti Suzuki,Grand Vitara,SUV,Hybrid,Automatic,South,Andhra Pradesh,Visakhapatnam,1,1270120.8,0.0568,1197999.52,93049.54,Credit Card
S02318,2022-04-21,C10849,Customer 0849,Mahindra,Thar,SUV,Hybrid,Manual,South,Telangana,Hyderabad,1,1312766.52,0.0238,1281557.51,168238.44,Bank Finance
S01338,2022-04-21,C10721,Customer 0721,Honda,Amaze,SUV,Diesel,Automatic,South,Telangana,Hyderabad,1,926730.32,0.0634,867974.7,118581.87,Bank Finance
S00134,2022-04-21,C10230,Customer 0230,Hyundai,Creta,Hatchback,CNG,Manual,South,Telangana,Warangal,1,1464767.63,0.0576,1380430.12,77029.3,Cash
S02459,2022-04-21,C10275,Customer 0275,Tata,Safari,SUV,Petrol,Manual,West,Maharashtra,Thane,1,2154125.38,0.0412,2065296.86,86507.08,Cash
S04318,2022-04-22,C10045,Customer 0045,Honda,City,SUV,Diesel,Manual,South,Telangana,Warangal,1,1781880.94,0.0759,1646689.97,82551.68,Cash
S04506,2022-04-22,C11162,Customer 1162,Tata,Altroz,SUV,Diesel,Manual,West,Gujarat,Vadodara,1,1240841.88,0.0617,1164275.96,209577.32,Bank Finance
S03982,2022-04-23,C10797,Customer 0797,Volkswagen,Virtus,SUV,Hybrid,Automatic,East,Odisha,Bhubaneswar,1,1548460.7,0.078,1427671.06,113829.69,UPI
S01154,2022-04-23,C10078,Customer 0078,Hyundai,Verna,Hatchback,Diesel,Manual,East,Jharkhand,Ranchi,1,1614413.0,0.025,1574018.95,120864.18,UPI
S00549,2022-04-23,C10731,Customer 0731,Maruti Suzuki,Brezza,Hatchback,Diesel,Manual,West,Maharashtra,Nagpur,1,816955.72,0.0697,759986.73,69394.42,Bank Finance
S04458,2022-04-23,C10469,Customer 0469,Volkswagen,Tiguan,Sedan,Petrol,Manual,South,Telangana,Warangal,1,3102851.86,0.0309,3006950.85,465021.64,Credit Card
S02178,2022-04-23,C10883,Customer 0883,Kia,Carens,SUV,Petrol,Automatic,North,Rajasthan,Jodhpur,1,2347744.8,0.0719,2179048.78,142047.49,Bank Finance
S04921,2022-04-23,C11189,Customer 1189,Tata,Altroz,SUV,Petrol,Manual,South,Kerala,Kochi,1,1695644.22,0.0692,1578233.56,164496.05,Credit Card
S01182,2022-04-24,C11142,Customer 1142,Volkswagen,Virtus,Sedan,Hybrid,Automatic,North,Rajasthan,Jaipur,1,1741680.21,0.0734,1613815.92,236251.88,UPI
S04301,2022-04-24,C10638,Customer 0638,Toyota,Urban Cruiser Hyryder,MPV,Diesel,Automatic,West,Gujarat,Vadodara,1,3671974.15,0.075,3396396.58,415922.26,Cash
S00837,2022-04-24,C10183,Customer 0183,Kia,Sonet,MPV,Petrol,Manual,North,Punjab,Ludhiana,1,1886554.99,0.0613,1770864.04,179255.28,Bank Finance
S00769,2022-04-25,C10850,Customer 0850,Volkswagen,Taigun,Sedan,Petrol,Automatic,West,Maharashtra,Nashik,1,2606559.94,0.0804,2396999.02,268723.82,UPI
S02940,2022-04-25,C10324,Customer 0324,Honda,Elevate,SUV,Petrol,Manual,West,Maharashtra,Pune,1,1121111.99,0.0668,1046233.71,88547.94,UPI
S01419,2022-04-26,C10241,Customer 0241,Honda,Elevate,Sedan,Electric,Automatic,West,Maharashtra,Pune,1,1100865.48,0.0493,1046634.55,122936.7,Bank Finance
S01900,2022-04-26,C10708,Customer 0708,Mahindra,Thar,SUV,Electric,Automatic,South,Telangana,Warangal,1,1951527.1,0.0527,1848726.88,237405.2,UPI
S02528,2022-04-26,C10637,Customer 0637,Toyota,Urban Cruiser Hyryder,Hatchback,CNG,Automatic,North,Delhi,New Delhi,1,856010.54,0.055,808926.34,50795.88,Bank Finance
S03048,2022-04-26,C10202,Customer 0202,Volkswagen,Taigun,Sedan,Hybrid,Automatic,West,Goa,Margao,1,1573689.93,0.0782,1450637.19,78534.56,Cash
S00839,2022-04-27,C10610,Customer 0610,Hyundai,Creta,Sedan,CNG,Manual,North,Uttar Pradesh,Noida,1,826840.47,0.05,785462.98,105510.92,Bank Finance
S03568,2022-04-27,C10211,Customer 0211,Maruti Suzuki,Baleno,Hatchback,Diesel,Manual,South,Tamil Nadu,Coimbatore,1,1509598.36,0.0148,1487215.37,193815.62,Bank Finance
S01769,2022-04-27,C10248,Customer 0248,Tata,Altroz,SUV,Hybrid,Manual,North,Punjab,Amritsar,1,1162555.37,0.0528,1101193.35,66524.7,Bank Finance
S02803,2022-04-27,C10213,Customer 0213,Mahindra,Bolero,SUV,Petrol,Automatic,West,Maharashtra,Nashik,1,975128.87,0.0552,921259.6,142400.19,Bank Finance
S01654,2022-04-28,C10241,Customer 0241,Tata,Harrier,Hatchback,Petrol,Manual,North,Punjab,Amritsar,1,1216584.96,0.0697,1131836.01,102547.78,Bank Finance
S02771,2022-04-29,C10692,Customer 0692,Maruti Suzuki,Grand Vitara,Hatchback,Diesel,Manual,North,Uttar Pradesh,Kanpur,1,1275945.75,0.057,1203254.48,170537.64,UPI
S01263,2022-04-30,C10801,Customer 0801,Kia,Seltos,MPV,Electric,Manual,North,Delhi,New Delhi,1,1851642.44,0.0731,1716331.4,224721.63,UPI
S02660,2022-04-30,C10879,Customer 0879,Honda,Elevate,SUV,Diesel,Manual,South,Tamil Nadu,Chennai,1,952362.91,0.0579,897243.59,100928.38,Bank Finance
S03978,2022-04-30,C10881,Customer 0881,Volkswagen,Tiguan,Sedan,Electric,Automatic,West,Gujarat,Vadodara,1,2571873.78,0.034,2484356.07,261615.21,Bank Finance
S04057,2022-04-30,C10143,Customer 0143,Hyundai,Venue,Hatchback,CNG,Manual,South,Karnataka,Mysuru,1,1820224.16,0.0945,1648242.66,293542.63,Bank Finance
S02537,2022-04-30,C10377,Customer 0377,Toyota,Fortuner,SUV,Petrol,Manual,North,Rajasthan,Jodhpur,1,1001001.21,0.1034,897503.01,105963.82,Bank Finance
S03936,2022-05-01,C11101,Customer 1101,Kia,Carens,MPV,Hybrid,Manual,South,Kerala,Thiruvananthapuram,1,2517234.98,0.095,2278043.13,309177.23,Cash
S02563,2022-05-01,C10329,Customer 0329,Volkswagen,Virtus,SUV,Diesel,Automatic,East,West Bengal,Siliguri,1,1412524.45,0.0557,1333869.51,126658.55,UPI
S03963,2022-05-01,C11144,Customer 1144,Toyota,Innova HyCross,SUV,Electric,Automatic,East,West Bengal,Siliguri,1,1891344.72,0.0823,1735742.92,232611.02,Bank Finance
S03576,2022-05-01,C10045,Customer 0045,Volkswagen,Virtus,Sedan,Petrol,Manual,North,Uttar Pradesh,Noida,1,2177571.74,0.0536,2060897.2,125978.03,Credit Card
S01066,2022-05-02,C10164,Customer 0164,Kia,Sonet,MPV,Petrol,Automatic,West,Goa,Panaji,1,2670105.46,0.0028,2662520.13,246867.48,Bank Finance
S02941,2022-05-02,C10997,Customer 0997,Toyota,Glanza,SUV,Petrol,Manual,North,Uttar Pradesh,Kanpur,1,1350089.37,0.0704,1255049.13,108444.83,UPI
S00736,2022-05-02,C10678,Customer 0678,Maruti Suzuki,Dzire,Sedan,Petrol,Manual,South,Kerala,Kochi,1,1397283.94,0.0379,1344357.21,222299.71,UPI
S04533,2022-05-02,C11074,Customer 1074,Kia,Seltos,SUV,Petrol,Automatic,West,Gujarat,Rajkot,1,2603077.52,0.0291,2527316.36,178342.62,Bank Finance
S01512,2022-05-02,C10546,Customer 0546,Volkswagen,Virtus,SUV,Diesel,Manual,South,Karnataka,Bengaluru,1,3135289.76,0.0689,2919223.88,353668.33,Cash
S03177,2022-05-02,C10198,Customer 0198,Kia,Sonet,SUV,Petrol,Manual,West,Goa,Margao,1,1643187.54,0.0556,1551747.43,166889.84,Bank Finance
S04044,2022-05-02,C10330,Customer 0330,Maruti Suzuki,Baleno,Hatchback,Petrol,Manual,East,West Bengal,Siliguri,1,1152344.2,0.0391,1107231.16,92785.07,Cash
S00371,2022-05-02,C10326,Customer 0326,Volkswagen,Virtus,Sedan,Petrol,Automatic,West,Gujarat,Ahmedabad,1,1560389.97,0.0442,1491454.15,158140.28,Bank Finance
S00279,2022-05-03,C10253,Customer 0253,Volkswagen,Tiguan,SUV,Electric,Automatic,West,Goa,Panaji,1,2950242.89,0.0598,2773736.51,256847.06,UPI
S03732,2022-05-03,C10807,Customer 0807,Honda,City,SUV,Diesel,Automatic,North,Delhi,New Delhi,1,1445138.98,0.0504,1372359.23,142936.04,Credit Card
S03575,2022-05-04,C10226,Customer 0226,Kia,Sonet,MPV,Electric,Manual,East,West Bengal,Kolkata,1,1441181.75,0.0916,1309132.62,135527.02,Bank Finance
S02329,2022-05-04,C10394,Customer 0394,Mahindra,XUV 3XO,SUV,Hybrid,Manual,North,Uttar Pradesh,Lucknow,1,2049226.76,0.0142,2020098.32,216567.4,Bank Finance
S04528,2022-05-05,C10149,Customer 0149,Toyota,Glanza,MPV,Petrol,Manual,West,Maharashtra,Mumbai,1,2700964.31,0.0397,2593784.64,243320.07,Bank Finance
S02789,2022-05-05,C10919,Customer 0919,Volkswagen,Virtus,SUV,CNG,Manual,East,West Bengal,Siliguri,1,2346923.28,0.0132,2315896.6,207935.61,Credit Card
S04038,2022-05-06,C10632,Customer 0632,Kia,Sonet,SUV,Diesel,Automatic,West,Maharashtra,Nagpur,1,1582411.16,0.0276,1538782.27,154429.34,Bank Finance
S02229,2022-05-06,C11100,Customer 1100,Volkswagen,Taigun,SUV,Electric,Manual,East,Bihar,Gaya,1,2825481.78,0.1042,2531178.01,456084.85,Bank Finance
S01013,2022-05-06,C10656,Customer 0656,Tata,Punch,SUV,Electric,Manual,North,Delhi,New Delhi,1,1698133.77,0.1141,1504336.13,183912.02,Bank Finance
S04424,2022-05-06,C11160,Customer 1160,Maruti Suzuki,Brezza,Hatchback,CNG,Automatic,South,Telangana,Warangal,1,895675.23,0.0195,878240.55,44015.58,Bank Finance
S00867,2022-05-07,C11040,Customer 1040,Tata,Harrier,Hatchback,Electric,Automatic,North,Punjab,Chandigarh,1,1566943.46,0.0375,1508241.46,73944.12,Cash
S04427,2022-05-07,C10687,Customer 0687,Honda,Amaze,Sedan,Electric,Automatic,North,Rajasthan,Jaipur,1,1628478.85,0.0467,1552412.24,133605.07,Cash
S00757,2022-05-07,C10093,Customer 0093,Tata,Nexon,SUV,Electric,Automatic,South,Kerala,Kochi,1,1576589.3,0.072,1463128.43,148379.46,UPI
S04007,2022-05-08,C10208,Customer 0208,Toyota,Glanza,SUV,Diesel,Automatic,North,Uttar Pradesh,Kanpur,1,1592473.87,0.0709,1479577.74,107233.27,Credit Card
S00052,2022-05-08,C10312,Customer 0312,Kia,Seltos,MPV,Petrol,Automatic,East,West Bengal,Kolkata,1,1752440.7,0.0461,1671734.78,222031.62,UPI
S00117,2022-05-08,C10264,Customer 0264,Maruti Suzuki,Baleno,Hatchback,Petrol,Automatic,North,Delhi,New Delhi,1,1366918.63,0.0377,1315392.54,46038.74,Cash
S00926,2022-05-08,C10671,Customer 0671,Volkswagen,Tiguan,Sedan,Petrol,Manual,West,Gujarat,Ahmedabad,1,1253567.3,0.028,1218463.57,130215.6,Bank Finance
S00534,2022-05-09,C10760,Customer 0760,Kia,Seltos,MPV,Diesel,Automatic,North,Haryana,Faridabad,1,1830272.88,0.0194,1794738.14,136996.54,Cash
S02631,2022-05-10,C10074,Customer 0074,Toyota,Innova HyCross,MPV,Petrol,Automatic,North,Uttar Pradesh,Kanpur,1,4065162.79,0.0468,3874887.02,489906.17,Cash
S01818,2022-05-10,C10081,Customer 0081,Volkswagen,Virtus,SUV,CNG,Automatic,East,Jharkhand,Jamshedpur,1,2731619.2,0.0696,2541448.2,343862.23,Bank Finance
S04068,2022-05-10,C10718,Customer 0718,Maruti Suzuki,Baleno,Sedan,Electric,Manual,West,Maharashtra,Nashik,1,1425935.73,0.1424,1222895.12,135141.42,UPI
S00269,2022-05-10,C10906,Customer 0906,Toyota,Urban Cruiser Hyryder,Hatchback,CNG,Automatic,East,West Bengal,Siliguri,1,896110.83,0.0729,830761.94,40787.06,UPI
S03083,2022-05-11,C10593,Customer 0593,Toyota,Fortuner,MPV,Hybrid,Automatic,East,Jharkhand,Jamshedpur,1,3339618.28,0.04,3206174.8,231473.22,Bank Finance
S04139,2022-05-11,C10752,Customer 0752,Hyundai,Verna,Hatchback,Petrol,Automatic,West,Gujarat,Ahmedabad,1,819165.31,0.0638,766915.27,60488.39,Bank Finance
S02367,2022-05-11,C10839,Customer 0839,Hyundai,i20,Hatchback,Electric,Manual,East,Bihar,Patna,1,1007873.81,0.0744,932879.77,32650.79,Credit Card
S01651,2022-05-11,C11096,Customer 1096,Toyota,Fortuner,SUV,Hybrid,Automatic,West,Gujarat,Vadodara,1,3811424.21,0.0603,3581766.83,151844.86,Credit Card
S03090,2022-05-11,C10757,Customer 0757,Volkswagen,Taigun,Sedan,Electric,Automatic,West,Gujarat,Ahmedabad,1,1151779.1,0.0,1151779.1,91308.25,UPI
S03023,2022-05-12,C11146,Customer 1146,Toyota,Innova HyCross,SUV,Petrol,Automatic,East,Bihar,Gaya,1,2239671.75,0.0792,2062242.47,252160.85,Bank Finance
S02415,2022-05-12,C10460,Customer 0460,Toyota,Glanza,SUV,Petrol,Automatic,North,Delhi,New Delhi,1,3181845.7,0.0544,3008861.4,372590.74,Bank Finance
S02722,2022-05-12,C10005,Customer 0005,Toyota,Urban Cruiser Hyryder,MPV,Electric,Manual,North,Delhi,New Delhi,1,1178557.92,0.119,1038315.48,45387.08,Credit Card
S00654,2022-05-12,C10372,Customer 0372,Kia,Sonet,SUV,Diesel,Manual,North,Rajasthan,Udaipur,1,2060932.9,0.0593,1938677.81,200856.54,Cash
S02654,2022-05-12,C10355,Customer 0355,Honda,Amaze,Sedan,Electric,Manual,South,Telangana,Warangal,1,1632931.78,0.0604,1534360.54,202916.75,Credit Card
S04727,2022-05-13,C10229,Customer 0229,Mahindra,Scorpio-N,SUV,Petrol,Manual,North,Rajasthan,Jodhpur,1,2069307.78,0.0558,1953768.61,184490.71,UPI
S01892,2022-05-13,C10912,Customer 0912,Kia,Carens,SUV,Hybrid,Automatic,North,Haryana,Gurugram,1,2238530.95,0.0267,2178666.67,201817.96,Bank Finance
S00717,2022-05-13,C10916,Customer 0916,Maruti Suzuki,Baleno,Sedan,Electric,Manual,South,Tamil Nadu,Chennai,1,1144261.7,0.0584,1077401.09,99154.41,Bank Finance
S02425,2022-05-14,C10913,Customer 0913,Volkswagen,Virtus,Sedan,Petrol,Automatic,West,Maharashtra,Mumbai,1,2147515.14,0.0898,1954686.16,241466.24,Cash
S03059,2022-05-15,C11126,Customer 1126,Honda,City,SUV,CNG,Manual,North,Uttar Pradesh,Noida,1,823460.2,0.0507,781683.79,76724.83,UPI
S00466,2022-05-15,C10787,Customer 0787,Maruti Suzuki,Dzire,Sedan,Petrol,Automatic,North,Rajasthan,Jaipur,1,661686.67,0.0664,617776.17,83154.64,Bank Finance
S03160,2022-05-16,C10839,Customer 0839,Hyundai,i20,Sedan,Electric,Manual,North,Delhi,New Delhi,1,1484633.94,0.0778,1369140.89,129159.7,Cash
S01288,2022-05-16,C10178,Customer 0178,Toyota,Glanza,MPV,Petrol,Automatic,East,Odisha,Cuttack,1,4279925.81,0.0893,3897892.18,539647.83,Bank Finance
S00532,2022-05-16,C10006,Customer 0006,Toyota,Glanza,SUV,Electric,Manual,West,Gujarat,Rajkot,1,3214756.78,0.014,3169833.88,514531.12,Credit Card
S03055,2022-05-16,C11123,Customer 1123,Toyota,Fortuner,MPV,CNG,Manual,West,Gujarat,Rajkot,1,1031136.77,0.0475,982159.69,147157.24,Bank Finance
S01623,2022-05-17,C10966,Customer 0966,Kia,Sonet,MPV,Diesel,Manual,East,Jharkhand,Ranchi,1,1915010.82,0.0433,1832030.03,218182.61,Bank Finance
S04789,2022-05-17,C10778,Customer 0778,Tata,Altroz,Hatchback,CNG,Manual,West,Maharashtra,Nashik,1,778386.48,0.0427,745184.81,63773.14,UPI
S03250,2022-05-17,C10723,Customer 0723,Hyundai,Creta,Sedan,Petrol,Automatic,South,Andhra Pradesh,Visakhapatnam,1,820188.41,0.0865,749222.19,60694.95,Credit Card
S01828,2022-05-17,C10573,Customer 0573,Toyota,Urban Cruiser Hyryder,Hatchback,Electric,Manual,West,Maharashtra,Pune,1,4916439.56,0.0632,4605743.11,161201.01,UPI
S00587,2022-05-18,C11035,Customer 1035,Hyundai,Exter,Hatchback,Petrol,Manual,South,Andhra Pradesh,Visakhapatnam,1,779235.04,0.0862,712096.83,74953.03,Bank Finance
S00974,2022-05-18,C10679,Customer 0679,Kia,Carens,SUV,Electric,Manual,South,Telangana,Warangal,1,1683944.59,0.0975,1519759.24,88641.17,Credit Card
S04932,2022-05-18,C10424,Customer 0424,Honda,City,SUV,Diesel,Manual,West,Maharashtra,Nagpur,1,1069364.66,0.0458,1020335.12,103015.13,Bank Finance
S03588,2022-05-19,C10720,Customer 0720,Hyundai,Verna,Sedan,Petrol,Manual,North,Delhi,New Delhi,1,1354826.43,0.0845,1240345.73,103292.37,Credit Card
S04627,2022-05-19,C10157,Customer 0157,Toyota,Urban Cruiser Hyryder,SUV,Hybrid,Automatic,West,Maharashtra,Nagpur,1,2580751.28,0.0708,2398046.9,210677.85,Cash
S04700,2022-05-19,C10477,Customer 0477,Maruti Suzuki,Baleno,SUV,Petrol,Manual,West,Maharashtra,Thane,1,1542842.9,0.0554,1457341.6,118951.28,Credit Card
S03897,2022-05-19,C10003,Customer 0003,Tata,Punch,Hatchback,Electric,Manual,West,Gujarat,Ahmedabad,1,1383143.01,0.0225,1351962.57,153067.63,Credit Card
S04838,2022-05-20,C10074,Customer 0074,Kia,Carens,SUV,Electric,Automatic,South,Tamil Nadu,Chennai,1,777848.88,0.0499,739063.02,82749.66,Bank Finance
S03628,2022-05-20,C10314,Customer 0314,Kia,Carens,MPV,Petrol,Automatic,North,Rajasthan,Jodhpur,1,2124857.44,0.0126,2098152.28,324252.21,Bank Finance
S04366,2022-05-20,C10681,Customer 0681,Mahindra,Thar,SUV,Petrol,Manual,North,Rajasthan,Udaipur,1,1798704.45,0.0465,1715142.69,207937.46,Bank Finance
S01665,2022-05-20,C11148,Customer 1148,Honda,Amaze,SUV,Petrol,Automatic,West,Goa,Panaji,1,1146526.17,0.0275,1115042.73,139225.84,Bank Finance
S03932,2022-05-22,C10376,Customer 0376,Volkswagen,Virtus,SUV,Diesel,Automatic,West,Goa,Margao,1,2856695.1,0.1266,2495062.28,174324.31,Credit Card
S01139,2022-05-22,C10069,Customer 0069,Mahindra,Scorpio-N,SUV,Electric,Manual,South,Karnataka,Mysuru,1,928603.32,0.0632,869886.99,98810.14,UPI
S04172,2022-05-23,C11078,Customer 1078,Maruti Suzuki,Dzire,Hatchback,CNG,Automatic,South,Tamil Nadu,Coimbatore,1,1162459.45,0.0595,1093309.88,135183.22,Bank Finance
S01109,2022-05-24,C10716,Customer 0716,Volkswagen,Tiguan,Sedan,Diesel,Automatic,South,Telangana,Hyderabad,1,1930910.1,0.0451,1843915.93,138170.55,UPI
S03733,2022-05-25,C11017,Customer 1017,Tata,Safari,SUV,CNG,Automatic,West,Goa,Margao,1,1822318.73,0.0422,1745438.76,140118.73,Cash
S00213,2022-05-26,C10013,Customer 0013,Toyota,Innova HyCross,SUV,Petrol,Automatic,South,Karnataka,Mangaluru,1,4596109.29,0.0551,4343034.26,357476.42,Bank Finance
S04837,2022-05-26,C11064,Customer 1064,Tata,Harrier,SUV,Petrol,Manual,North,Punjab,Ludhiana,1,2407512.53,0.0243,2348996.49,267160.55,Credit Card
S03352,2022-05-26,C10624,Customer 0624,Maruti Suzuki,Dzire,SUV,Petrol,Automatic,South,Telangana,Warangal,1,853699.19,0.0355,823355.18,103529.56,Bank Finance
S01607,2022-05-27,C10928,Customer 0928,Toyota,Urban Cruiser Hyryder,SUV,Petrol,Automatic,South,Kerala,Kochi,1,1453484.86,0.0547,1374013.09,48090.46,UPI
S02525,2022-05-27,C10009,Customer 0009,Mahindra,XUV 3XO,SUV,Petrol,Automatic,West,Gujarat,Surat,1,1426571.68,0.0762,1317852.19,176128.1,UPI
S04276,2022-05-28,C10457,Customer 0457,Maruti Suzuki,Dzire,SUV,Electric,Manual,South,Andhra Pradesh,Vijayawada,1,809950.0,0.0893,737598.84,77289.77,Bank Finance
S01035,2022-05-28,C11075,Customer 1075,Hyundai,Verna,Hatchback,Diesel,Manual,North,Punjab,Ludhiana,1,1767237.27,0.1094,1573952.5,209514.57,Bank Finance
S01015,2022-05-28,C10634,Customer 0634,Hyundai,Creta,Hatchback,Petrol,Manual,South,Telangana,Warangal,1,1433417.26,0.0555,1353875.3,246179.98,Bank Finance
S02512,2022-05-29,C10589,Customer 0589,Mahindra,Thar,SUV,Hybrid,Manual,West,Maharashtra,Nashik,1,1503438.54,0.0761,1389099.75,116889.48,UPI
S03582,2022-05-29,C10284,Customer 0284,Mahindra,Scorpio-N,SUV,Electric,Manual,East,West Bengal,Kolkata,1,1569805.75,0.0,1569805.75,57477.27,Credit Card
S03535,2022-05-30,C10547,Customer 0547,Toyota,Glanza,MPV,CNG,Automatic,North,Uttar Pradesh,Kanpur,1,1378318.66,0.0789,1269611.09,134000.39,Bank Finance
S03560,2022-05-30,C11054,Customer 1054,Hyundai,Exter,SUV,Petrol,Automatic,West,Gujarat,Rajkot,1,1307561.49,0.0803,1202587.36,109760.67,Bank Finance
S01168,2022-05-30,C10410,Customer 0410,Hyundai,i20,SUV,Hybrid,Manual,South,Kerala,Thiruvananthapuram,1,956139.52,0.0696,889569.17,97651.65,Cash
S00191,2022-05-30,C10990,Customer 0990,Kia,Sonet,SUV,Diesel,Automatic,West,Maharashtra,Pune,1,1857232.14,0.0247,1811335.47,164514.47,UPI
S00774,2022-05-31,C10128,Customer 0128,Hyundai,i20,SUV,Hybrid,Manual,West,Goa,Margao,1,1201927.9,0.0437,1149363.49,123387.38,Bank Finance
S00753,2022-05-31,C10680,Customer 0680,Mahindra,Thar,SUV,Diesel,Manual,West,Gujarat,Rajkot,1,1365650.7,0.056,1289138.73,130788.64,Bank Finance
S02530,2022-05-31,C10230,Customer 0230,Tata,Punch,Hatchback,Diesel,Automatic,North,Rajasthan,Jodhpur,1,1539929.14,0.0448,1470889.84,142449.18,UPI
S04096,2022-05-31,C10139,Customer 0139,Toyota,Fortuner,MPV,CNG,Automatic,West,Goa,Panaji,1,3100733.22,0.0749,2868599.25,360042.98,Bank Finance
S04041,2022-06-01,C10051,Customer 0051,Maruti Suzuki,Baleno,Sedan,Hybrid,Manual,South,Andhra Pradesh,Visakhapatnam,1,590739.01,0.0361,569425.75,83564.55,Credit Card
S04173,2022-06-02,C10052,Customer 0052,Maruti Suzuki,Baleno,SUV,Petrol,Automatic,East,West Bengal,Siliguri,1,1579804.11,0.0721,1465899.96,208554.23,Bank Finance
S01949,2022-06-02,C10641,Customer 0641,Kia,Carens,SUV,Electric,Automatic,West,Goa,Panaji,1,2333787.11,0.0294,2265273.08,199300.39,Bank Finance
S03613,2022-06-03,C11047,Customer 1047,Toyota,Fortuner,MPV,Diesel,Automatic,South,Karnataka,Mysuru,1,1009038.46,0.0647,943748.83,134792.77,Cash
S03571,2022-06-03,C10749,Customer 0749,Hyundai,Creta,Hatchback,Petrol,Manual,West,Maharashtra,Pune,1,742817.55,0.0521,704132.37,93786.37,Bank Finance
S00906,2022-06-03,C10159,Customer 0159,Mahindra,Thar,SUV,Petrol,Automatic,North,Delhi,New Delhi,1,1929540.35,0.1327,1673472.08,254832.55,Credit Card
S01173,2022-06-03,C10329,Customer 0329,Hyundai,Creta,Sedan,Diesel,Manual,East,Jharkhand,Jamshedpur,1,916999.27,0.0811,842650.79,75386.61,UPI
S02377,2022-06-03,C10716,Customer 0716,Kia,Seltos,SUV,Petrol,Manual,East,West Bengal,Kolkata,1,2076829.81,0.0875,1895073.24,167548.5,Cash
S04946,2022-06-03,C10376,Customer 0376,Toyota,Fortuner,MPV,CNG,Automatic,South,Tamil Nadu,Chennai,1,2317560.52,0.0254,2258628.91,102730.46,UPI
S01558,2022-06-04,C10701,Customer 0701,Mahindra,Bolero,SUV,Petrol,Manual,West,Maharashtra,Thane,1,1476702.25,0.0918,1341117.97,63691.09,Bank Finance
S02028,2022-06-04,C10582,Customer 0582,Maruti Suzuki,Grand Vitara,Hatchback,Petrol,Manual,North,Haryana,Gurugram,1,830205.54,0.0664,775084.77,41684.98,Bank Finance
S04698,2022-06-04,C11171,Customer 1171,Honda,Amaze,Sedan,Electric,Automatic,North,Haryana,Gurugram,1,1538525.24,0.0304,1491716.7,145223.25,Credit Card
S00234,2022-06-05,C10691,Customer 0691,Mahindra,XUV 3XO,SUV,CNG,Automatic,West,Gujarat,Ahmedabad,1,2080105.41,0.0583,1958731.92,165654.43,Credit Card
S03593,2022-06-05,C10763,Customer 0763,Volkswagen,Virtus,SUV,CNG,Manual,West,Maharashtra,Pune,1,3057205.68,0.0809,2809836.32,492449.66,Bank Finance
S00065,2022-06-06,C10019,Customer 0019,Mahindra,Thar,SUV,Petrol,Manual,South,Karnataka,Bengaluru,1,1752143.38,0.0348,1691092.6,140158.52,Credit Card
S00597,2022-06-06,C11147,Customer 1147,Maruti Suzuki,Grand Vitara,Sedan,CNG,Manual,West,Gujarat,Surat,1,661639.24,0.062,620605.74,101190.64,Cash
S04709,2022-06-06,C10985,Customer 0985,Honda,City,Sedan,Hybrid,Manual,West,Goa,Margao,1,958857.33,0.0465,914277.36,85776.38,Credit Card
S00678,2022-06-06,C10198,Customer 0198,Volkswagen,Virtus,SUV,Petrol,Automatic,West,Gujarat,Surat,1,2755455.11,0.0604,2588947.39,143802.5,UPI
S04826,2022-06-07,C11072,Customer 1072,Volkswagen,Virtus,SUV,Diesel,Manual,East,West Bengal,Siliguri,1,1558520.49,0.0224,1523578.94,135636.19,UPI
S01435,2022-06-07,C10095,Customer 0095,Toyota,Urban Cruiser Hyryder,SUV,Diesel,Automatic,South,Karnataka,Mangaluru,1,2673085.53,0.0324,2586415.36,179853.12,Credit Card
S04810,2022-06-07,C10197,Customer 0197,Volkswagen,Virtus,SUV,Diesel,Manual,North,Delhi,New Delhi,1,2177828.82,0.0214,2131212.51,180415.32,Bank Finance
S04540,2022-06-07,C11150,Customer 1150,Kia,Seltos,SUV,Electric,Manual,West,Goa,Margao,1,1757956.07,0.0125,1735909.46,175437.35,Bank Finance
S02258,2022-06-07,C10617,Customer 0617,Volkswagen,Tiguan,Sedan,Hybrid,Manual,North,Rajasthan,Jodhpur,1,1535839.7,0.0418,1471575.23,104657.62,Credit Card
S03984,2022-06-07,C11187,Customer 1187,Kia,Sonet,MPV,Petrol,Manual,West,Goa,Margao,1,1492607.89,0.0673,1392174.89,232072.99,Bank Finance
S01587,2022-06-07,C11013,Customer 1013,Hyundai,Verna,Sedan,CNG,Manual,West,Goa,Margao,1,939891.09,0.0498,893093.3,83102.9,UPI
S03304,2022-06-07,C10907,Customer 0907,Hyundai,i20,Sedan,Petrol,Automatic,West,Goa,Panaji,1,1616830.04,0.0629,1515154.41,145574.32,Bank Finance
S01754,2022-06-08,C10330,Customer 0330,Kia,Sonet,MPV,CNG,Manual,East,West Bengal,Siliguri,1,1763790.88,0.0547,1667227.69,213456.29,Credit Card
S02521,2022-06-08,C10519,Customer 0519,Honda,City,Sedan,Hybrid,Automatic,North,Haryana,Gurugram,1,2253205.71,0.043,2156412.57,211791.34,Credit Card
S02985,2022-06-08,C10374,Customer 0374,Mahindra,Scorpio-N,SUV,Petrol,Automatic,North,Delhi,New Delhi,1,1811082.39,0.045,1729519.35,139007.6,Cash
S04047,2022-06-08,C11018,Customer 1018,Kia,Carens,MPV,Petrol,Manual,South,Karnataka,Mysuru,1,1113365.22,0.0273,1082984.18,142469.46,Bank Finance
S01573,2022-06-09,C10181,Customer 0181,Volkswagen,Taigun,Sedan,Petrol,Automatic,South,Telangana,Hyderabad,1,2741265.47,0.0,2741265.47,463066.01,UPI
S04340,2022-06-09,C10105,Customer 0105,Honda,Amaze,Sedan,Hybrid,Automatic,South,Kerala,Thiruvananthapuram,1,1669485.71,0.0388,1604781.44,242417.02,Cash
S02151,2022-06-09,C11070,Customer 1070,Maruti Suzuki,Grand Vitara,SUV,Electric,Automatic,West,Gujarat,Rajkot,1,1405847.81,0.0286,1365570.67,96121.75,Credit Card
S03416,2022-06-09,C10011,Customer 0011,Honda,City,SUV,Electric,Manual,West,Goa,Margao,1,2059512.84,0.09,1874125.56,123299.66,Bank Finance
S02445,2022-06-10,C10263,Customer 0263,Maruti Suzuki,Dzire,Sedan,Electric,Automatic,West,Goa,Margao,1,1427111.21,0.0466,1360618.34,68884.71,Cash
S01664,2022-06-10,C10552,Customer 0552,Toyota,Innova HyCross,MPV,Petrol,Manual,South,Karnataka,Bengaluru,1,4342071.77,0.0833,3980165.47,355556.37,Bank Finance
S03261,2022-06-10,C10424,Customer 0424,Honda,City,Sedan,Diesel,Automatic,West,Maharashtra,Nagpur,1,920720.28,0.0814,845788.11,99637.54,Cash
S01555,2022-06-10,C11153,Customer 1153,Tata,Punch,Hatchback,Hybrid,Manual,North,Haryana,Gurugram,1,1658831.84,0.0218,1622691.45,179433.32,Bank Finance
S02449,2022-06-11,C10263,Customer 0263,Kia,Carens,SUV,CNG,Manual,West,Maharashtra,Mumbai,1,2339209.45,0.0055,2326323.41,198129.74,Cash
S03913,2022-06-11,C11064,Customer 1064,Hyundai,Verna,Hatchback,Petrol,Automatic,South,Tamil Nadu,Coimbatore,1,1311599.7,0.081,1205424.45,151003.28,Cash
S03465,2022-06-11,C10458,Customer 0458,Mahindra,Bolero,SUV,Electric,Automatic,South,Tamil Nadu,Madurai,1,1949728.94,0.0743,1804921.01,316682.16,UPI
S01460,2022-06-11,C10115,Customer 0115,Maruti Suzuki,Dzire,Hatchback,Diesel,Automatic,West,Maharashtra,Mumbai,1,1653634.99,0.0061,1643510.51,206280.54,UPI
S01886,2022-06-11,C10916,Customer 0916,Tata,Safari,Hatchback,CNG,Automatic,North,Uttar Pradesh,Lucknow,1,767141.09,0.0632,718640.56,71519.52,Cash
S04940,2022-06-11,C10790,Customer 0790,Volkswagen,Virtus,SUV,Electric,Automatic,West,Goa,Margao,1,2239352.74,0.0223,2189480.94,295300.76,Credit Card
S03070,2022-06-12,C10154,Customer 0154,Tata,Nexon,Hatchback,Diesel,Automatic,East,Jharkhand,Jamshedpur,1,1964313.93,0.0607,1845054.43,218616.38,Credit Card
S00050,2022-06-12,C10838,Customer 0838,Honda,Elevate,Sedan,Diesel,Automatic,East,Odisha,Cuttack,1,1531722.99,0.0446,1463362.72,220092.33,Bank Finance
S00386,2022-06-12,C11171,Customer 1171,Hyundai,Exter,SUV,Diesel,Automatic,East,Jharkhand,Ranchi,1,1704315.44,0.0372,1640972.53,189668.1,UPI
S02062,2022-06-12,C10054,Customer 0054,Kia,Sonet,MPV,Electric,Manual,South,Telangana,Warangal,1,1249184.21,0.039,1200517.63,99446.46,Cash
S02066,2022-06-13,C11063,Customer 1063,Kia,Sonet,SUV,Petrol,Automatic,West,Maharashtra,Pune,1,1538199.62,0.0664,1436090.8,199197.23,Bank Finance
S03417,2022-06-13,C10898,Customer 0898,Tata,Punch,Hatchback,Petrol,Automatic,West,Goa,Margao,1,1508111.58,0.0648,1410404.15,170328.25,UPI
S03288,2022-06-14,C10139,Customer 0139,Hyundai,Venue,Hatchback,Diesel,Automatic,West,Maharashtra,Mumbai,1,1683333.77,0.0414,1613563.98,232686.01,UPI
S02388,2022-06-14,C10321,Customer 0321,Toyota,Innova HyCross,Hatchback,Electric,Automatic,South,Tamil Nadu,Chennai,1,3204365.23,0.0517,3038765.95,209570.84,Cash
S01701,2022-06-14,C10224,Customer 0224,Hyundai,Exter,Sedan,Petrol,Automatic,West,Maharashtra,Nagpur,1,831140.35,0.0507,788996.92,51869.9,Bank Finance
S00086,2022-06-14,C11081,Customer 1081,Tata,Safari,SUV,Petrol,Manual,East,Odisha,Bhubaneswar,1,1107839.64,0.0131,1093338.38,38266.84,Cash
S04859,2022-06-14,C10213,Customer 0213,Tata,Altroz,Hatchback,Petrol,Automatic,South,Tamil Nadu,Madurai,1,1384832.38,0.071,1286486.32,68841.68,Bank Finance
S03341,2022-06-14,C11132,Customer 1132,Tata,Harrier,Hatchback,Petrol,Manual,South,Kerala,Thiruvananthapuram,1,975561.43,0.0586,918402.59,85349.83,Credit Card
S04915,2022-06-15,C10128,Customer 0128,Honda,Elevate,SUV,Electric,Automatic,West,Goa,Margao,1,1280062.66,0.0811,1176241.01,66523.09,Bank Finance
S03512,2022-06-15,C10992,Customer 0992,Honda,City,SUV,CNG,Manual,East,West Bengal,Siliguri,1,1806378.54,0.0474,1720721.2,235415.96,Bank Finance
S01771,2022-06-16,C10481,Customer 0481,Toyota,Innova HyCross,SUV,Diesel,Automatic,West,Goa,Panaji,1,5249933.01,0.0656,4905754.77,716261.62,UPI
S01374,2022-06-16,C10497,Customer 0497,Tata,Altroz,SUV,Petrol,Manual,West,Goa,Margao,1,1126008.51,0.0886,1026193.04,124614.85,Cash
S01359,2022-06-16,C11137,Customer 1137,Hyundai,Venue,SUV,Electric,Manual,West,Goa,Margao,1,1107859.75,0.0636,1037411.36,106821.24,Bank Finance
S00129,2022-06-16,C10634,Customer 0634,Toyota,Fortuner,Hatchback,Petrol,Manual,East,West Bengal,Kolkata,1,1468135.18,0.0606,1379194.16,200713.79,Cash
S04392,2022-06-18,C10016,Customer 0016,Hyundai,i20,SUV,Electric,Automatic,East,Jharkhand,Jamshedpur,1,1361134.98,0.0377,1309877.51,62318.37,Cash
S02967,2022-06-18,C11134,Customer 1134,Honda,Amaze,SUV,Petrol,Automatic,West,Gujarat,Rajkot,1,1316021.87,0.0624,1233955.97,155363.5,UPI
S04092,2022-06-18,C10318,Customer 0318,Toyota,Urban Cruiser Hyryder,Hatchback,Diesel,Automatic,West,Maharashtra,Pune,1,2968813.64,0.0469,2829428.69,144877.07,Credit Card
S01704,2022-06-18,C10236,Customer 0236,Mahindra,XUV700,SUV,Diesel,Manual,North,Haryana,Faridabad,1,1179912.32,0.0528,1117562.34,114306.3,Bank Finance
S02218,2022-06-18,C10727,Customer 0727,Volkswagen,Tiguan,SUV,Diesel,Automatic,West,Maharashtra,Thane,1,2382956.72,0.0783,2196402.89,325773.73,Bank Finance
S00258,2022-06-19,C10377,Customer 0377,Tata,Safari,Hatchback,Hybrid,Automatic,East,West Bengal,Kolkata,1,1933508.73,0.0377,1860609.98,183489.11,Credit Card
S01967,2022-06-19,C10781,Customer 0781,Toyota,Urban Cruiser Hyryder,MPV,Petrol,Automatic,North,Rajasthan,Jodhpur,1,3857744.63,0.0734,3574604.6,272753.54,Credit Card
S03458,2022-06-19,C10371,Customer 0371,Toyota,Innova HyCross,MPV,Petrol,Manual,East,West Bengal,Kolkata,1,3242647.84,0.0584,3053147.13,354563.52,Bank Finance
S03183,2022-06-20,C10928,Customer 0928,Kia,Carens,MPV,Petrol,Manual,South,Karnataka,Mangaluru,1,985908.1,0.0241,962160.09,66606.09,Bank Finance
S02872,2022-06-21,C10869,Customer 0869,Kia,Sonet,MPV,CNG,Manual,West,Gujarat,Surat,1,1298476.21,0.0614,1218695.16,99956.7,Cash
S04347,2022-06-21,C10856,Customer 0856,Honda,Elevate,Sedan,Petrol,Manual,South,Tamil Nadu,Madurai,1,2086639.23,0.0529,1976232.53,275490.9,Bank Finance
S03154,2022-06-21,C10898,Customer 0898,Toyota,Fortuner,MPV,Diesel,Manual,South,Tamil Nadu,Chennai,1,3997226.43,0.0685,3723539.79,418197.86,Bank Finance
S01728,2022-06-21,C10931,Customer 0931,Maruti Suzuki,Swift,Hatchback,Electric,Automatic,South,Kerala,Kochi,1,1040819.32,0.0563,982201.43,67005.68,UPI
S04557,2022-06-21,C10325,Customer 0325,Maruti Suzuki,Baleno,Sedan,Diesel,Manual,West,Maharashtra,Nagpur,1,772495.44,0.0348,745612.16,79320.71,UPI
S03371,2022-06-21,C10720,Customer 0720,Kia,Carens,SUV,CNG,Automatic,West,Maharashtra,Pune,1,1774081.51,0.0363,1709621.78,59836.76,UPI
S04542,2022-06-22,C10386,Customer 0386,Mahindra,Scorpio-N,SUV,Electric,Automatic,East,Jharkhand,Jamshedpur,1,1695687.86,0.0462,1617348.92,223208.83,Bank Finance
S00442,2022-06-22,C10966,Customer 0966,Toyota,Innova HyCross,Hatchback,Hybrid,Automatic,South,Tamil Nadu,Madurai,1,1682046.25,0.062,1577816.58,86627.08,Bank Finance
S03002,2022-06-22,C10473,Customer 0473,Mahindra,Scorpio-N,SUV,Diesel,Manual,East,Bihar,Patna,1,1535517.18,0.0199,1505003.1,166817.76,UPI
S01722,2022-06-24,C10202,Customer 0202,Tata,Punch,SUV,Electric,Automatic,West,Gujarat,Surat,1,1393638.8,0.0474,1327524.05,125470.94,Credit Card
S00681,2022-06-24,C10875,Customer 0875,Honda,Elevate,Sedan,Electric,Manual,West,Maharashtra,Nashik,1,1720675.78,0.0658,1607538.2,127435.46,Bank Finance
S02755,2022-06-24,C10787,Customer 0787,Honda,Elevate,Sedan,Electric,Manual,East,West Bengal,Kolkata,1,1353058.35,0.0104,1339013.3,184676.64,Cash
S02780,2022-06-24,C10138,Customer 0138,Maruti Suzuki,Dzire,Hatchback,Diesel,Automatic,South,Kerala,Kochi,1,902501.86,0.0205,883990.7,49957.69,Credit Card
S01600,2022-06-24,C10124,Customer 0124,Hyundai,Exter,Hatchback,Diesel,Manual,East,Bihar,Gaya,1,1110130.67,0.0045,1105166.57,148380.99,UPI
S00979,2022-06-24,C10843,Customer 0843,Toyota,Urban Cruiser Hyryder,SUV,Electric,Automatic,West,Goa,Margao,1,3231891.86,0.0394,3104701.52,283025.9,Credit Card
S02296,2022-06-24,C10242,Customer 0242,Honda,City,SUV,Electric,Manual,North,Haryana,Gurugram,1,1620656.47,0.0406,1554849.76,220638.12,Credit Card
S00502,2022-06-25,C10135,Customer 0135,Tata,Punch,Hatchback,Diesel,Manual,West,Maharashtra,Pune,1,808559.69,0.0183,793783.87,123603.04,Cash
S00114,2022-06-25,C11091,Customer 1091,Toyota,Fortuner,SUV,CNG,Manual,South,Karnataka,Bengaluru,1,1409721.77,0.1046,1262314.32,46629.04,Cash
S04907,2022-06-25,C10122,Customer 0122,Hyundai,Venue,SUV,Diesel,Manual,South,Karnataka,Mangaluru,1,1415344.54,0.063,1326181.44,174119.8,Bank Finance
S04146,2022-06-25,C11185,Customer 1185,Maruti Suzuki,Grand Vitara,Sedan,Diesel,Automatic,West,Goa,Margao,1,769281.79,0.0758,710979.14,67586.9,Bank Finance
S04130,2022-06-25,C10313,Customer 0313,Mahindra,Scorpio-N,SUV,Electric,Manual,West,Maharashtra,Nashik,1,1070182.35,0.0201,1048705.21,113293.22,UPI
S04572,2022-06-26,C11191,Customer 1191,Volkswagen,Virtus,Sedan,Diesel,Automatic,North,Uttar Pradesh,Lucknow,1,2986258.15,0.066,2789114.34,268705.05,Bank Finance
S02981,2022-06-26,C11069,Customer 1069,Tata,Safari,Hatchback,Hybrid,Manual,South,Tamil Nadu,Chennai,1,825658.91,0.0522,782588.09,81097.09,Cash
S03255,2022-06-27,C10105,Customer 0105,Volkswagen,Virtus,SUV,Diesel,Manual,North,Punjab,Ludhiana,1,2321753.05,0.0314,2248927.05,380386.16,Bank Finance
S03955,2022-06-28,C10261,Customer 0261,Toyota,Glanza,SUV,Diesel,Manual,West,Goa,Panaji,1,3920879.13,0.0802,3606300.25,440328.02,Cash
S04752,2022-06-29,C11097,Customer 1097,Toyota,Fortuner,SUV,Hybrid,Automatic,West,Maharashtra,Pune,1,2152118.5,0.015,2119747.35,205863.7,Bank Finance
S00523,2022-06-29,C10716,Customer 0716,Tata,Nexon,SUV,CNG,Manual,West,Gujarat,Surat,1,868998.45,0.0853,794886.32,27821.02,Bank Finance
S00740,2022-06-30,C10669,Customer 0669,Honda,City,SUV,Diesel,Automatic,West,Maharashtra,Nagpur,1,2205753.24,0.0636,2065505.0,237909.55,Bank Finance
S01425,2022-07-01,C10646,Customer 0646,Mahindra,Scorpio-N,SUV,Hybrid,Manual,West,Goa,Margao,1,874516.72,0.0452,835018.74,73362.44,UPI
S00113,2022-07-01,C10991,Customer 0991,Hyundai,Exter,SUV,Diesel,Automatic,West,Gujarat,Vadodara,1,1214722.85,0.0896,1105937.7,131601.77,Cash
S03775,2022-07-02,C10928,Customer 0928,Honda,Amaze,Sedan,Petrol,Automatic,West,Maharashtra,Thane,1,1439453.9,0.0264,1401456.83,49050.99,Bank Finance
S03324,2022-07-02,C10953,Customer 0953,Hyundai,Venue,SUV,Petrol,Manual,South,Tamil Nadu,Chennai,1,914148.27,0.0854,836095.61,114746.48,Bank Finance
S00039,2022-07-02,C10640,Customer 0640,Mahindra,Bolero,SUV,CNG,Manual,West,Maharashtra,Nagpur,1,1448288.87,0.0533,1371072.3,141101.21,Bank Finance
S01158,2022-07-03,C10820,Customer 0820,Mahindra,XUV700,SUV,Petrol,Manual,South,Karnataka,Mysuru,1,1771071.5,0.0845,1621473.88,201748.69,UPI
S04948,2022-07-03,C10716,Customer 0716,Volkswagen,Tiguan,SUV,Diesel,Automatic,West,Goa,Margao,1,1847477.68,0.0472,1760238.97,221142.87,Credit Card
S03289,2022-07-03,C10930,Customer 0930,Tata,Punch,SUV,Electric,Manual,West,Gujarat,Surat,1,1350466.01,0.0063,1341980.17,125665.16,Bank Finance
S02446,2022-07-03,C10889,Customer 0889,Hyundai,Venue,Hatchback,Electric,Manual,West,Goa,Margao,1,1778017.28,0.0339,1717787.51,209831.59,UPI
S01126,2022-07-03,C11152,Customer 1152,Maruti Suzuki,Grand Vitara,Hatchback,Diesel,Automatic,North,Rajasthan,Jodhpur,1,1069815.0,0.0671,998069.07,98545.84,Credit Card
S03140,2022-07-04,C10263,Customer 0263,Toyota,Urban Cruiser Hyryder,MPV,Diesel,Manual,South,Kerala,Thiruvananthapuram,1,3096119.7,0.0792,2850755.4,173987.85,Credit Card
S04473,2022-07-04,C10948,Customer 0948,Kia,Seltos,SUV,Petrol,Automatic,West,Goa,Margao,1,1955641.72,0.0564,1845296.6,290794.3,Bank Finance
S00714,2022-07-05,C10391,Customer 0391,Tata,Punch,Hatchback,Petrol,Automatic,West,Gujarat,Vadodara,1,1141697.45,0.1176,1007435.94,95646.0,Credit Card
S01218,2022-07-05,C10515,Customer 0515,Mahindra,Scorpio-N,SUV,CNG,Manual,West,Goa,Panaji,1,750242.04,0.0454,716154.93,66105.05,Bank Finance
S00749,2022-07-05,C10054,Customer 0054,Toyota,Innova HyCross,SUV,Diesel,Automatic,South,Andhra Pradesh,Visakhapatnam,1,1088701.41,0.0478,1036697.37,116354.5,Credit Card
S01751,2022-07-05,C10041,Customer 0041,Maruti Suzuki,Grand Vitara,SUV,CNG,Automatic,North,Punjab,Ludhiana,1,1106606.97,0.0667,1032836.31,127441.38,Credit Card
S03629,2022-07-05,C10389,Customer 0389,Mahindra,Bolero,SUV,CNG,Automatic,West,Maharashtra,Mumbai,1,2246156.48,0.0734,2081365.12,207637.32,Bank Finance
S03804,2022-07-05,C10857,Customer 0857,Honda,Elevate,Sedan,Petrol,Automatic,West,Goa,Margao,1,878392.83,0.0621,823853.64,78096.4,UPI
S04400,2022-07-05,C10987,Customer 0987,Kia,Carens,SUV,Petrol,Manual,North,Haryana,Gurugram,1,1938662.85,0.1113,1722928.89,129912.41,Credit Card
S01881,2022-07-06,C10356,Customer 0356,Volkswagen,Virtus,SUV,CNG,Automatic,South,Telangana,Hyderabad,1,2478041.55,0.0095,2454562.92,269584.14,Credit Card
S01122,2022-07-06,C10810,Customer 0810,Toyota,Urban Cruiser Hyryder,Hatchback,Petrol,Manual,East,Odisha,Bhubaneswar,1,1097955.1,0.0381,1056104.91,84887.01,Cash
S02594,2022-07-06,C11046,Customer 1046,Honda,Elevate,SUV,Electric,Manual,West,Goa,Margao,1,2261439.89,0.0792,2082262.44,165723.71,Bank Finance
S02338,2022-07-06,C10511,Customer 0511,Toyota,Glanza,Hatchback,Petrol,Manual,West,Maharashtra,Pune,1,1267354.05,0.0987,1142274.09,113257.56,Credit Card
S02360,2022-07-06,C10141,Customer 0141,Maruti Suzuki,Dzire,SUV,Diesel,Manual,North,Rajasthan,Jaipur,1,1166899.34,0.0502,1108321.61,65315.59,Bank Finance
S03359,2022-07-06,C10811,Customer 0811,Toyota,Urban Cruiser Hyryder,MPV,CNG,Manual,West,Maharashtra,Pune,1,3759789.65,0.0455,3588689.75,290465.73,Bank Finance
S03627,2022-07-06,C10875,Customer 0875,Maruti Suzuki,Swift,Hatchback,Petrol,Automatic,North,Punjab,Amritsar,1,1156814.29,0.0835,1060215.75,77062.97,Credit Card
S02402,2022-07-07,C10148,Customer 0148,Maruti Suzuki,Grand Vitara,Sedan,Petrol,Manual,West,Goa,Panaji,1,1636912.18,0.0068,1625801.18,169817.04,Bank Finance
S00066,2022-07-08,C10671,Customer 0671,Kia,Carens,MPV,Diesel,Automatic,North,Haryana,Gurugram,1,2292937.88,0.0352,2212194.73,291569.4,Credit Card
S02233,2022-07-09,C10157,Customer 0157,Mahindra,Thar,SUV,CNG,Automatic,West,Goa,Margao,1,2605441.89,0.0393,2502958.59,291629.64,Cash
S00009,2022-07-09,C10267,Customer 0267,Maruti Suzuki,Swift,Hatchback,CNG,Automatic,South,Karnataka,Mangaluru,1,1135207.41,0.0709,1054688.5,115074.74,Bank Finance
S01491,2022-07-09,C10122,Customer 0122,Toyota,Glanza,Hatchback,Petrol,Automatic,West,Maharashtra,Nagpur,1,2808583.68,0.0321,2718401.73,375990.33,Bank Finance
S02937,2022-07-09,C10988,Customer 0988,Mahindra,XUV 3XO,SUV,Petrol,Manual,South,Kerala,Kochi,1,1761977.83,0.0165,1732824.84,237260.47,Bank Finance
S03747,2022-07-09,C10512,Customer 0512,Maruti Suzuki,Baleno,Hatchback,Petrol,Manual,North,Haryana,Faridabad,1,1300663.25,0.0158,1280078.59,85708.89,Credit Card
S03135,2022-07-09,C10463,Customer 0463,Mahindra,XUV 3XO,SUV,Diesel,Manual,South,Karnataka,Mangaluru,1,1340254.45,0.0778,1235995.09,118294.3,UPI
S02283,2022-07-10,C10161,Customer 0161,Hyundai,i20,Hatchback,Diesel,Automatic,North,Punjab,Ludhiana,1,1385178.48,0.0187,1359327.83,131671.14,UPI
S03585,2022-07-10,C10088,Customer 0088,Honda,City,Sedan,Petrol,Automatic,North,Punjab,Chandigarh,1,891084.1,0.0838,816447.6,43043.34,Bank Finance
S02269,2022-07-10,C10007,Customer 0007,Kia,Sonet,SUV,CNG,Manual,South,Kerala,Kochi,1,2196669.68,0.0497,2087533.56,224913.71,Cash
S02412,2022-07-11,C10806,Customer 0806,Maruti Suzuki,Dzire,Sedan,Petrol,Manual,West,Maharashtra,Nagpur,1,1325202.4,0.0952,1199008.67,120800.73,Bank Finance
S00131,2022-07-11,C10560,Customer 0560,Mahindra,XUV 3XO,SUV,Electric,Manual,West,Goa,Margao,1,1042422.14,0.068,971542.55,53912.23,Bank Finance
S03174,2022-07-12,C10433,Customer 0433,Kia,Seltos,SUV,Diesel,Automatic,South,Karnataka,Bengaluru,1,1564994.54,0.0492,1487993.43,138422.7,UPI
S04861,2022-07-12,C10193,Customer 0193,Tata,Safari,Hatchback,Petrol,Automatic,West,Maharashtra,Pune,1,1409164.88,0.0499,1338863.55,123665.08,UPI
S00125,2022-07-13,C10107,Customer 0107,Hyundai,Creta,Sedan,CNG,Automatic,East,Bihar,Patna,1,824574.06,0.0874,752468.23,125747.97,Cash
S04488,2022-07-14,C10632,Customer 0632,Volkswagen,Virtus,SUV,CNG,Manual,West,Maharashtra,Mumbai,1,2708645.75,0.0721,2513321.44,358029.63,Bank Finance
S00610,2022-07-14,C10756,Customer 0756,Toyota,Fortuner,MPV,Diesel,Automatic,North,Delhi,New Delhi,1,3095586.44,0.0466,2951430.05,109190.5,UPI
S03965,2022-07-15,C10475,Customer 0475,Honda,Amaze,Sedan,Petrol,Manual,North,Uttar Pradesh,Lucknow,1,1272627.94,0.0599,1196457.06,108202.39,Bank Finance
S02555,2022-07-15,C10190,Customer 0190,Toyota,Urban Cruiser Hyryder,SUV,Electric,Manual,South,Tamil Nadu,Madurai,1,1352055.8,0.0729,1253487.2,97169.81,UPI
S04013,2022-07-15,C10245,Customer 0245,Mahindra,Bolero,SUV,CNG,Automatic,South,Kerala,Thiruvananthapuram,1,1949505.02,0.0875,1779015.68,123805.24,UPI
S01761,2022-07-15,C10502,Customer 0502,Honda,Elevate,Sedan,CNG,Automatic,South,Telangana,Warangal,1,916290.78,0.0619,859529.22,104001.28,Credit Card
S04904,2022-07-16,C10247,Customer 0247,Kia,Sonet,MPV,Diesel,Manual,West,Gujarat,Rajkot,1,2144237.62,0.079,1974756.74,252090.18,Cash
S00982,2022-07-17,C10897,Customer 0897,Mahindra,Bolero,SUV,Petrol,Manual,East,Jharkhand,Ranchi,1,2115506.9,0.0556,1997976.71,140156.4,Credit Card
S02694,2022-07-17,C10656,Customer 0656,Kia,Seltos,SUV,CNG,Manual,North,Uttar Pradesh,Lucknow,1,1795792.36,0.0751,1660961.81,159728.61,Credit Card
S00879,2022-07-17,C10237,Customer 0237,Toyota,Urban Cruiser Hyryder,SUV,Electric,Automatic,East,West Bengal,Siliguri,1,2566678.28,0.0924,2329576.37,102637.91,Bank Finance
S03414,2022-07-17,C10344,Customer 0344,Volkswagen,Tiguan,Sedan,Electric,Automatic,East,West Bengal,Siliguri,1,1666857.93,0.0529,1578745.96,91666.52,Credit Card
S01411,2022-07-18,C10632,Customer 0632,Mahindra,Bolero,SUV,Petrol,Manual,West,Maharashtra,Nagpur,1,2055448.32,0.0597,1932747.22,173176.95,Cash
S03634,2022-07-18,C10536,Customer 0536,Kia,Seltos,SUV,Electric,Automatic,North,Punjab,Chandigarh,1,1245418.33,0.0618,1168389.63,131120.02,Cash
S02038,2022-07-18,C10596,Customer 0596,Honda,City,SUV,Diesel,Automatic,East,West Bengal,Siliguri,1,1373690.57,0.0698,1277862.79,175562.62,Bank Finance
S02350,2022-07-18,C11138,Customer 1138,Maruti Suzuki,Baleno,Hatchback,Petrol,Automatic,South,Tamil Nadu,Coimbatore,1,1011429.57,0.0469,964005.61,87379.32,Bank Finance
S02586,2022-07-18,C10914,Customer 0914,Honda,City,SUV,CNG,Manual,South,Kerala,Thiruvananthapuram,1,1148875.23,0.0173,1128968.66,167245.89,Cash
S03429,2022-07-19,C10318,Customer 0318,Hyundai,Creta,Hatchback,CNG,Automatic,West,Goa,Panaji,1,854072.08,0.0747,790275.86,60745.88,Bank Finance
S02559,2022-07-19,C11115,Customer 1115,Maruti Suzuki,Brezza,Hatchback,Petrol,Manual,South,Tamil Nadu,Coimbatore,1,1283277.23,0.007,1274304.6,133124.37,UPI
S03900,2022-07-20,C10874,Customer 0874,Honda,Elevate,Sedan,Petrol,Automatic,East,Odisha,Bhubaneswar,1,1851697.35,0.1037,1659724.29,149676.47,Bank Finance
S01440,2022-07-20,C11070,Customer 1070,Toyota,Innova HyCross,MPV,Electric,Manual,North,Delhi,New Delhi,1,3749412.19,0.0493,3564677.52,709785.83,UPI
S02672,2022-07-20,C10005,Customer 0005,Honda,Elevate,SUV,Diesel,Automatic,South,Tamil Nadu,Chennai,1,753369.23,0.0779,694672.28,88153.82,Cash
S02498,2022-07-20,C10190,Customer 0190,Mahindra,Bolero,SUV,Diesel,Automatic,West,Goa,Margao,1,2108613.91,0.0314,2042436.23,212241.71,Cash
S04168,2022-07-20,C10519,Customer 0519,Honda,Amaze,Sedan,CNG,Manual,East,Bihar,Patna,1,1688605.12,0.096,1526565.41,199284.57,UPI
S04028,2022-07-20,C10069,Customer 0069,Maruti Suzuki,Baleno,Hatchback,Petrol,Manual,South,Tamil Nadu,Chennai,1,1530875.09,0.0484,1456725.09,173200.46,Credit Card
S01285,2022-07-21,C10258,Customer 0258,Tata,Altroz,Hatchback,CNG,Manual,West,Gujarat,Surat,1,1196556.25,0.041,1147468.4,124548.62,Bank Finance
S00236,2022-07-21,C11026,Customer 1026,Toyota,Urban Cruiser Hyryder,SUV,Petrol,Manual,West,Gujarat,Rajkot,1,1789329.83,0.0181,1756872.65,220963.63,Cash
S03842,2022-07-21,C10875,Customer 0875,Hyundai,i20,Hatchback,Diesel,Manual,West,Gujarat,Ahmedabad,1,1313939.69,0.0251,1281008.01,157647.89,UPI
S01492,2022-07-22,C10547,Customer 0547,Volkswagen,Virtus,SUV,Electric,Automatic,North,Uttar Pradesh,Lucknow,1,3375874.41,0.0439,3227665.16,318288.44,Credit Card
S02870,2022-07-22,C10820,Customer 0820,Maruti Suzuki,Brezza,Hatchback,Petrol,Automatic,West,Gujarat,Surat,1,1225487.87,0.0676,1142672.65,85385.75,Bank Finance
S00861,2022-07-22,C10839,Customer 0839,Toyota,Urban Cruiser Hyryder,SUV,Petrol,Automatic,South,Karnataka,Bengaluru,1,4443323.49,0.0252,4331149.53,479775.6,Credit Card
S03072,2022-07-23,C10818,Customer 0818,Maruti Suzuki,Baleno,Hatchback,Diesel,Automatic,East,West Bengal,Siliguri,1,947022.29,0.0,947022.29,122572.96,UPI
S02399,2022-07-23,C10858,Customer 0858,Kia,Sonet,MPV,CNG,Automatic,West,Gujarat,Vadodara,1,1092655.64,0.0748,1010898.83,57037.64,Bank Finance
S02871,2022-07-23,C10302,Customer 0302,Volkswagen,Taigun,Sedan,Petrol,Manual,West,Goa,Panaji,1,1697494.12,0.0978,1531395.19,152858.36,Credit Card
S04976,2022-07-24,C11109,Customer 1109,Volkswagen,Tiguan,SUV,Diesel,Automatic,East,Jharkhand,Jamshedpur,1,1483355.69,0.0295,1439537.03,261854.39,Credit Card
S04112,2022-07-24,C11036,Customer 1036,Toyota,Glanza,SUV,CNG,Automatic,East,Odisha,Cuttack,1,1604974.89,0.058,1511923.43,125111.91,UPI
S02162,2022-07-24,C10403,Customer 0403,Tata,Nexon,SUV,Petrol,Manual,West,Goa,Panaji,1,1233714.62,0.0909,1121560.89,94601.87,Bank Finance
S00203,2022-07-24,C10193,Customer 0193,Mahindra,Scorpio-N,SUV,Petrol,Automatic,North,Punjab,Amritsar,1,2579957.76,0.0787,2376989.05,213859.27,Cash
S04358,2022-07-25,C10385,Customer 0385,Kia,Sonet,MPV,Diesel,Manual,North,Rajasthan,Jodhpur,1,2283944.12,0.0906,2076987.8,115876.74,UPI
S01811,2022-07-25,C11127,Customer 1127,Volkswagen,Tiguan,SUV,CNG,Automatic,West,Gujarat,Vadodara,1,2154118.18,0.0377,2073012.69,171937.87,Credit Card
S04221,2022-07-25,C10049,Customer 0049,Hyundai,Venue,SUV,Electric,Manual,East,West Bengal,Kolkata,1,698339.29,0.0591,657034.38,60440.29,Credit Card
S00812,2022-07-25,C10126,Customer 0126,Hyundai,Exter,Hatchback,Electric,Manual,South,Kerala,Kochi,1,1724655.27,0.071,1602134.11,258752.31,Credit Card
S01684,2022-07-25,C10596,Customer 0596,Hyundai,Creta,Sedan,CNG,Manual,East,Bihar,Gaya,1,1383061.2,0.0206,1354569.68,146241.63,Cash
S02974,2022-07-26,C11199,Customer 1199,Tata,Harrier,SUV,CNG,Manual,North,Punjab,Chandigarh,1,2059876.39,0.0898,1874977.94,242114.07,Bank Finance
S03127,2022-07-26,C10499,Customer 0499,Hyundai,Venue,Sedan,CNG,Manual,South,Andhra Pradesh,Visakhapatnam,1,1818655.77,0.0727,1686374.35,112926.84,Credit Card
S00149,2022-07-26,C10546,Customer 0546,Volkswagen,Taigun,Sedan,Diesel,Manual,East,Odisha,Cuttack,1,1425345.02,0.0352,1375195.23,78169.22,Credit Card
S03223,2022-07-26,C11095,Customer 1095,Maruti Suzuki,Baleno,Hatchback,Petrol,Automatic,South,Andhra Pradesh,Vijayawada,1,1300065.66,0.0535,1230459.1,132497.21,Bank Finance
S02854,2022-07-26,C10988,Customer 0988,Tata,Harrier,SUV,Electric,Manual,East,Jharkhand,Ranchi,1,864173.76,0.0043,860469.32,84711.89,Bank Finance
S04225,2022-07-26,C10974,Customer 0974,Maruti Suzuki,Baleno,Hatchback,Petrol,Manual,West,Maharashtra,Pune,1,1113486.56,0.0952,1007437.79,92873.78,Credit Card
S00910,2022-07-27,C10266,Customer 0266,Hyundai,Verna,Hatchback,Petrol,Manual,East,Bihar,Gaya,1,1844665.9,0.0335,1782953.28,226314.81,Cash
S00919,2022-07-28,C10179,Customer 0179,Toyota,Innova HyCross,SUV,Petrol,Automatic,East,Odisha,Cuttack,1,2747135.16,0.0911,2496947.26,277695.35,UPI
S00306,2022-07-28,C11059,Customer 1059,Kia,Sonet,MPV,Electric,Manual,North,Delhi,New Delhi,1,1613455.05,0.055,1524644.58,130726.44,Bank Finance
S01169,2022-07-29,C10953,Customer 0953,Tata,Punch,SUV,CNG,Manual,West,Maharashtra,Pune,1,2211259.76,0.0617,2074838.39,72619.34,Bank Finance
S02991,2022-07-29,C11152,Customer 1152,Maruti Suzuki,Grand Vitara,SUV,Diesel,Automatic,South,Kerala,Kochi,1,1507719.27,0.0772,1391252.75,80335.63,UPI
S01983,2022-07-29,C10342,Customer 0342,Tata,Harrier,SUV,CNG,Manual,West,Gujarat,Ahmedabad,1,1524069.74,0.002,1520986.17,205353.37,Cash
S03631,2022-07-29,C11146,Customer 1146,Volkswagen,Tiguan,SUV,CNG,Manual,South,Karnataka,Mangaluru,1,2221318.68,0.0502,2109778.66,206905.7,Credit Card
S03735,2022-07-29,C10766,Customer 0766,Volkswagen,Taigun,Sedan,Diesel,Manual,North,Haryana,Faridabad,1,2670503.73,0.0523,2530966.49,204540.79,Bank Finance
S04914,2022-07-29,C10124,Customer 0124,Maruti Suzuki,Swift,Sedan,Petrol,Automatic,West,Goa,Panaji,1,746808.62,0.0285,725500.5,107717.11,UPI
S03881,2022-07-30,C10328,Customer 0328,Volkswagen,Virtus,Sedan,CNG,Manual,West,Maharashtra,Mumbai,1,1593183.79,0.0292,1546639.88,189869.21,Cash
S02067,2022-07-30,C10188,Customer 0188,Tata,Punch,SUV,CNG,Manual,West,Maharashtra,Thane,1,1566840.11,0.0312,1517985.9,132632.07,Bank Finance
S01053,2022-07-30,C10745,Customer 0745,Volkswagen,Tiguan,SUV,Electric,Automatic,East,West Bengal,Siliguri,1,1886781.53,0.0712,1752462.87,99477.97,UPI
S03237,2022-07-30,C10951,Customer 0951,Honda,City,Sedan,Diesel,Manual,West,Maharashtra,Pune,1,739300.96,0.0485,703465.06,95769.76,UPI
S01561,2022-07-31,C10331,Customer 0331,Maruti Suzuki,Baleno,SUV,Hybrid,Automatic,North,Delhi,New Delhi,1,788103.61,0.0391,757272.71,114592.87,Bank Finance
S04142,2022-07-31,C10034,Customer 0034,Maruti Suzuki,Swift,Sedan,Hybrid,Automatic,South,Kerala,Thiruvananthapuram,1,1266343.58,0.0725,1174485.42,152628.68,Bank Finance
S00162,2022-08-01,C10090,Customer 0090,Toyota,Fortuner,MPV,Electric,Automatic,South,Karnataka,Bengaluru,1,3261314.48,0.009,3231929.67,377244.29,Credit Card
S00318,2022-08-01,C11146,Customer 1146,Hyundai,Exter,Hatchback,Hybrid,Automatic,West,Goa,Panaji,1,1523721.87,0.0443,1456217.88,154929.4,Cash
S02100,2022-08-01,C10383,Customer 0383,Toyota,Fortuner,MPV,Electric,Manual,East,Odisha,Cuttack,1,3915330.08,0.0855,3580594.77,442903.88,Credit Card
S03268,2022-08-02,C10640,Customer 0640,Volkswagen,Virtus,SUV,Diesel,Automatic,South,Tamil Nadu,Chennai,1,2435351.91,0.0632,2281370.74,138721.14,Cash
S03745,2022-08-02,C11007,Customer 1007,Maruti Suzuki,Swift,Hatchback,Hybrid,Automatic,North,Haryana,Faridabad,1,1432905.91,0.0559,1352739.38,156798.25,Credit Card
S04098,2022-08-02,C10185,Customer 0185,Volkswagen,Virtus,SUV,Petrol,Automatic,South,Karnataka,Bengaluru,1,2883017.23,0.0059,2866150.81,310276.51,Bank Finance
S02757,2022-08-02,C10179,Customer 0179,Honda,Elevate,SUV,CNG,Manual,East,Jharkhand,Jamshedpur,1,1981293.87,0.0806,1821552.92,301850.25,Bank Finance
S04272,2022-08-02,C10664,Customer 0664,Honda,City,Sedan,Electric,Automatic,South,Andhra Pradesh,Visakhapatnam,1,1916054.02,0.0353,1848476.18,270041.21,Bank Finance
S03380,2022-08-02,C10059,Customer 0059,Hyundai,Verna,Hatchback,Diesel,Automatic,South,Telangana,Hyderabad,1,1673508.38,0.0572,1577809.14,55411.71,Bank Finance
S02749,2022-08-02,C10902,Customer 0902,Kia,Seltos,MPV,Petrol,Manual,West,Goa,Margao,1,2431618.28,0.0537,2301024.61,187163.27,UPI
S00644,2022-08-03,C10212,Customer 0212,Honda,City,SUV,Electric,Automatic,East,West Bengal,Siliguri,1,1865349.02,0.0522,1767896.0,252045.48,Cash
S00951,2022-08-03,C11131,Customer 1131,Volkswagen,Virtus,SUV,Petrol,Automatic,East,Odisha,Cuttack,1,2426284.34,0.081,2229685.19,242588.63,UPI
S04088,2022-08-04,C10972,Customer 0972,Volkswagen,Virtus,Sedan,Diesel,Manual,North,Punjab,Amritsar,1,2777423.11,0.0572,2618539.75,236661.75,Credit Card
S01837,2022-08-04,C10682,Customer 0682,Volkswagen,Taigun,Sedan,CNG,Automatic,West,Gujarat,Ahmedabad,1,1400841.5,0.0722,1299760.35,131419.53,Cash
S02674,2022-08-04,C10641,Customer 0641,Tata,Nexon,SUV,Petrol,Manual,East,Jharkhand,Ranchi,1,1253800.36,0.0825,1150409.01,107199.85,Cash
S01591,2022-08-04,C10704,Customer 0704,Hyundai,Creta,Hatchback,Petrol,Automatic,West,Goa,Margao,1,861729.64,0.0583,811478.19,50776.31,Bank Finance
S03221,2022-08-04,C10787,Customer 0787,Honda,Amaze,Sedan,Petrol,Manual,East,Jharkhand,Jamshedpur,1,1328572.62,0.0815,1220307.81,110172.07,UPI
S04239,2022-08-05,C10121,Customer 0121,Toyota,Fortuner,MPV,Petrol,Automatic,East,Jharkhand,Ranchi,1,3093449.23,0.0217,3026425.15,592733.39,Cash
S01007,2022-08-05,C11183,Customer 1183,Volkswagen,Virtus,SUV,Petrol,Manual,North,Delhi,New Delhi,1,1850582.94,0.0755,1710874.73,177296.93,Bank Finance
S03979,2022-08-06,C11159,Customer 1159,Tata,Harrier,SUV,Petrol,Manual,South,Tamil Nadu,Madurai,1,1755183.48,0.0553,1658194.34,160868.78,Bank Finance
S02382,2022-08-07,C10839,Customer 0839,Mahindra,Bolero,SUV,Petrol,Manual,South,Telangana,Warangal,1,1638067.52,0.0176,1609255.3,176285.89,Cash
S00776,2022-08-07,C10046,Customer 0046,Hyundai,Creta,SUV,CNG,Automatic,West,Gujarat,Ahmedabad,1,1084020.18,0.1116,963047.86,99625.42,Bank Finance
S01379,2022-08-07,C11159,Customer 1159,Volkswagen,Taigun,SUV,Diesel,Automatic,South,Tamil Nadu,Madurai,1,1860878.51,0.0893,1694736.26,117712.63,UPI
S01449,2022-08-08,C10090,Customer 0090,Hyundai,Venue,SUV,Electric,Manual,North,Haryana,Gurugram,1,935457.86,0.0137,922648.33,118020.61,Credit Card
S00932,2022-08-08,C10384,Customer 0384,Honda,City,SUV,CNG,Automatic,South,Kerala,Kochi,1,1219985.46,0.0557,1151985.74,141131.87,Credit Card
S00453,2022-08-08,C10291,Customer 0291,Toyota,Urban Cruiser Hyryder,SUV,Diesel,Automatic,North,Haryana,Gurugram,1,3413315.13,0.068,3181279.28,400313.81,Bank Finance
S04741,2022-08-08,C11065,Customer 1065,Honda,Amaze,SUV,Diesel,Automatic,South,Tamil Nadu,Madurai,1,1018256.77,0.0412,976283.66,93716.06,Cash
S02692,2022-08-08,C10408,Customer 0408,Mahindra,XUV700,SUV,CNG,Manual,East,Bihar,Gaya,1,1526311.95,0.0247,1488556.08,192793.53,Bank Finance
S03518,2022-08-09,C11065,Customer 1065,Volkswagen,Tiguan,Sedan,CNG,Manual,South,Karnataka,Mangaluru,1,2757480.35,0.0923,2502957.83,150109.27,Bank Finance
S02301,2022-08-09,C10485,Customer 0485,Mahindra,Scorpio-N,SUV,CNG,Automatic,West,Gujarat,Rajkot,1,1673039.03,0.0183,1642452.26,155476.07,UPI
S01391,2022-08-10,C10372,Customer 0372,Honda,Elevate,Sedan,Petrol,Automatic,South,Telangana,Hyderabad,1,1840428.26,0.0733,1705562.45,122691.52,Cash
S03973,2022-08-10,C10291,Customer 0291,Tata,Safari,SUV,Diesel,Manual,North,Rajasthan,Jaipur,1,1255697.45,0.0827,1151819.01,97913.61,UPI
S02543,2022-08-11,C10185,Customer 0185,Kia,Carens,MPV,CNG,Manual,South,Karnataka,Mysuru,1,2366256.01,0.053,2240832.15,400748.83,Bank Finance
S02515,2022-08-11,C11113,Customer 1113,Volkswagen,Taigun,Sedan,Diesel,Manual,West,Gujarat,Ahmedabad,1,2487271.7,0.0692,2315109.17,249971.94,Credit Card
S02919,2022-08-11,C11126,Customer 1126,Mahindra,Thar,SUV,Diesel,Automatic,South,Karnataka,Bengaluru,1,1488560.71,0.1046,1332801.4,68137.0,Cash
S04219,2022-08-11,C10503,Customer 0503,Toyota,Glanza,SUV,Electric,Manual,North,Haryana,Gurugram,1,2217517.53,0.0506,2105316.4,151900.23,Cash
S04368,2022-08-11,C10417,Customer 0417,Mahindra,Bolero,SUV,Petrol,Automatic,East,Odisha,Bhubaneswar,1,1130887.07,0.1013,1016367.38,116447.58,UPI
S00448,2022-08-11,C11107,Customer 1107,Hyundai,Exter,SUV,Hybrid,Automatic,East,West Bengal,Siliguri,1,1620574.92,0.0767,1496279.26,131535.62,Credit Card
S02760,2022-08-12,C10068,Customer 0068,Mahindra,Thar,SUV,Petrol,Manual,East,West Bengal,Kolkata,1,1616258.26,0.1035,1449015.72,178695.5,Cash
S04710,2022-08-12,C10089,Customer 0089,Volkswagen,Virtus,Sedan,CNG,Manual,West,Maharashtra,Thane,1,2553065.11,0.0317,2472239.12,207765.59,Bank Finance
S04386,2022-08-12,C10383,Customer 0383,Tata,Nexon,SUV,CNG,Automatic,North,Uttar Pradesh,Lucknow,1,1541578.76,0.0736,1428056.6,188173.58,Bank Finance
S01894,2022-08-12,C10939,Customer 0939,Honda,Elevate,Sedan,Petrol,Manual,North,Punjab,Ludhiana,1,1197801.11,0.0591,1127018.85,127353.39,Bank Finance
S03019,2022-08-12,C10332,Customer 0332,Toyota,Urban Cruiser Hyryder,Hatchback,Petrol,Manual,North,Uttar Pradesh,Lucknow,1,3768435.99,0.0759,3482556.2,528169.77,Bank Finance
S00811,2022-08-13,C10884,Customer 0884,Hyundai,i20,SUV,Diesel,Manual,South,Kerala,Thiruvananthapuram,1,1626594.77,0.1023,1460171.01,81376.65,Bank Finance
S01482,2022-08-14,C10565,Customer 0565,Honda,City,SUV,Petrol,Manual,South,Karnataka,Bengaluru,1,727618.19,0.0448,695030.13,48450.29,Credit Card
S02210,2022-08-14,C10227,Customer 0227,Maruti Suzuki,Swift,Sedan,Electric,Automatic,North,Rajasthan,Jodhpur,1,978890.87,0.0774,903173.23,53015.41,Credit Card
S04839,2022-08-14,C10376,Customer 0376,Volkswagen,Tiguan,SUV,CNG,Manual,South,Andhra Pradesh,Vijayawada,1,2930555.53,0.0365,2823718.56,287210.3,Bank Finance
S03711,2022-08-14,C10649,Customer 0649,Kia,Carens,MPV,Hybrid,Automatic,North,Haryana,Faridabad,1,2038297.42,0.0115,2014893.73,213652.99,UPI
S01937,2022-08-15,C11064,Customer 1064,Kia,Seltos,SUV,Electric,Manual,West,Gujarat,Vadodara,1,1860448.59,0.0276,1809072.96,277196.15,UPI
S04203,2022-08-15,C10718,Customer 0718,Honda,Amaze,Sedan,Petrol,Manual,West,Maharashtra,Pune,1,1412135.73,0.0736,1308177.31,108901.36,Bank Finance
S03222,2022-08-15,C10384,Customer 0384,Kia,Sonet,MPV,Petrol,Manual,West,Goa,Panaji,1,1541954.33,0.0175,1514993.2,176196.92,UPI
S04769,2022-08-16,C10858,Customer 0858,Tata,Safari,SUV,Petrol,Automatic,South,Karnataka,Bengaluru,1,1648737.79,0.06,1549765.6,147751.08,UPI
S01111,2022-08-17,C10426,Customer 0426,Hyundai,Verna,Hatchback,Petrol,Automatic,North,Delhi,New Delhi,1,1765480.67,0.0689,1643805.11,130701.32,Bank Finance
S01120,2022-08-17,C10675,Customer 0675,Honda,Amaze,SUV,Diesel,Manual,South,Tamil Nadu,Coimbatore,1,1319928.9,0.0563,1245565.25,115678.91,Bank Finance
S01443,2022-08-17,C11062,Customer 1062,Honda,Amaze,SUV,Petrol,Automatic,South,Kerala,Kochi,1,997301.64,0.0599,937513.72,100023.38,Bank Finance
S02148,2022-08-18,C10150,Customer 0150,Mahindra,Thar,SUV,Diesel,Automatic,South,Andhra Pradesh,Vijayawada,1,1488850.36,0.0586,1401593.7,119348.59,UPI
S01532,2022-08-18,C11030,Customer 1030,Tata,Nexon,Hatchback,Electric,Manual,South,Karnataka,Mangaluru,1,1607075.72,0.023,1570049.6,250787.21,Bank Finance
S05000,2022-08-18,C10881,Customer 0881,Volkswagen,Tiguan,Sedan,Petrol,Automatic,East,West Bengal,Siliguri,1,1441515.36,0.0943,1305619.38,115684.61,UPI
S03933,2022-08-18,C11039,Customer 1039,Volkswagen,Virtus,SUV,Diesel,Automatic,East,West Bengal,Siliguri,1,1836081.19,0.0593,1727163.08,267045.35,Bank Finance
S03916,2022-08-18,C10641,Customer 0641,Toyota,Urban Cruiser Hyryder,SUV,CNG,Automatic,North,Punjab,Chandigarh,1,2834379.0,0.0621,2658329.12,232663.71,Bank Finance
S02552,2022-08-18,C10664,Customer 0664,Volkswagen,Tiguan,SUV,Petrol,Automatic,North,Haryana,Gurugram,1,2963086.35,0.072,2749599.25,438079.37,Bank Finance
S00579,2022-08-18,C10916,Customer 0916,Mahindra,XUV700,SUV,Diesel,Automatic,West,Goa,Margao,1,1192956.13,0.0421,1142694.26,88358.21,Cash
S02888,2022-08-19,C10559,Customer 0559,Mahindra,Bolero,SUV,Diesel,Manual,West,Gujarat,Surat,1,1339636.22,0.037,1290116.48,174972.51,Bank Finance
S04143,2022-08-19,C11110,Customer 1110,Tata,Nexon,SUV,Petrol,Manual,South,Kerala,Thiruvananthapuram,1,2041219.58,0.0626,1913483.55,227178.16,Bank Finance
S04583,2022-08-20,C10210,Customer 0210,Tata,Safari,Hatchback,Diesel,Automatic,South,Karnataka,Mysuru,1,1606200.65,0.0834,1472293.1,162994.97,Cash
S00649,2022-08-20,C10216,Customer 0216,Honda,City,Sedan,CNG,Automatic,West,Maharashtra,Nagpur,1,1404504.58,0.0468,1338758.55,91843.22,Bank Finance
S04696,2022-08-20,C10407,Customer 0407,Tata,Altroz,Hatchback,Electric,Manual,North,Haryana,Faridabad,1,1176779.08,0.0511,1116590.43,147098.33,UPI
S00807,2022-08-21,C10661,Customer 0661,Maruti Suzuki,Baleno,Sedan,Electric,Manual,West,Goa,Margao,1,756176.9,0.0784,696899.86,97871.95,Bank Finance
S04009,2022-08-22,C10176,Customer 0176,Mahindra,XUV700,SUV,Petrol,Automatic,South,Kerala,Kochi,1,1456304.24,0.0563,1374297.93,134533.69,Bank Finance
S02505,2022-08-22,C10274,Customer 0274,Toyota,Fortuner,MPV,CNG,Manual,West,Maharashtra,Pune,1,2107452.84,0.0439,2014917.45,130596.14,Credit Card
S00390,2022-08-22,C10114,Customer 0114,Mahindra,Scorpio-N,SUV,Diesel,Manual,North,Haryana,Gurugram,1,1336044.8,0.0893,1216735.42,140112.81,Cash
S03578,2022-08-22,C10109,Customer 0109,Hyundai,Exter,Sedan,Petrol,Automatic,South,Kerala,Thiruvananthapuram,1,1355497.85,0.0483,1290058.77,92356.66,Bank Finance
S01982,2022-08-22,C10138,Customer 0138,Kia,Carens,SUV,Diesel,Manual,North,Delhi,New Delhi,1,1467565.0,0.0577,1382957.12,213097.74,Bank Finance
S01327,2022-08-22,C10492,Customer 0492,Honda,Elevate,SUV,Electric,Manual,East,Odisha,Cuttack,1,837617.78,0.0407,803505.46,123284.58,Bank Finance
S02969,2022-08-22,C10822,Customer 0822,Maruti Suzuki,Baleno,Hatchback,Petrol,Automatic,South,Kerala,Kochi,1,1101663.91,0.0571,1038803.39,112233.17,UPI
S00154,2022-08-23,C10261,Customer 0261,Tata,Harrier,SUV,Hybrid,Automatic,West,Gujarat,Ahmedabad,1,840285.25,0.0497,798511.26,75814.1,Bank Finance
S03336,2022-08-23,C10395,Customer 0395,Honda,City,Sedan,Electric,Automatic,West,Maharashtra,Nashik,1,1131837.1,0.0325,1094996.44,143164.85,Bank Finance
S03980,2022-08-23,C11075,Customer 1075,Honda,Amaze,SUV,Diesel,Manual,West,Maharashtra,Thane,1,1125713.95,0.0346,1086796.21,68549.65,Cash
S01708,2022-08-23,C10139,Customer 0139,Toyota,Glanza,MPV,CNG,Automatic,East,Jharkhand,Ranchi,1,2988975.36,0.0338,2887895.38,356048.45,Credit Card
S00918,2022-08-23,C10477,Customer 0477,Hyundai,Exter,SUV,Diesel,Manual,North,Rajasthan,Udaipur,1,2104510.8,0.0813,1933384.56,229261.41,Bank Finance
S02589,2022-08-24,C11194,Customer 1194,Toyota,Fortuner,SUV,Petrol,Automatic,South,Andhra Pradesh,Vijayawada,1,5412166.77,0.0226,5290046.68,930906.87,Cash
S03303,2022-08-25,C10082,Customer 0082,Volkswagen,Taigun,Sedan,CNG,Automatic,West,Goa,Panaji,1,2280505.53,0.0969,2059537.6,304909.14,UPI
S01994,2022-08-25,C10928,Customer 0928,Hyundai,Creta,Hatchback,Diesel,Manual,South,Telangana,Warangal,1,1632460.23,0.0283,1586220.76,156813.72,Credit Card
S03428,2022-08-25,C10293,Customer 0293,Honda,Amaze,SUV,Diesel,Automatic,West,Gujarat,Vadodara,1,2132572.77,0.0643,1995425.84,309817.69,Credit Card
S04341,2022-08-25,C10258,Customer 0258,Mahindra,Bolero,SUV,Petrol,Automatic,South,Tamil Nadu,Madurai,1,1708891.89,0.0446,1632605.85,121013.66,UPI
S01444,2022-08-26,C10346,Customer 0346,Mahindra,Bolero,SUV,CNG,Manual,West,Goa,Margao,1,1435456.39,0.0577,1352597.08,205554.14,Cash
S03326,2022-08-26,C10350,Customer 0350,Honda,Elevate,SUV,Petrol,Automatic,West,Gujarat,Rajkot,1,1256123.18,0.0929,1139368.75,103831.47,Cash
S02208,2022-08-26,C11089,Customer 1089,Mahindra,Bolero,SUV,CNG,Manual,East,Jharkhand,Jamshedpur,1,1668477.19,0.0497,1585596.05,145408.12,Bank Finance
S02024,2022-08-26,C10665,Customer 0665,Maruti Suzuki,Baleno,Hatchback,Electric,Manual,East,Odisha,Cuttack,1,898709.03,0.0412,861714.4,43912.55,Cash
S03390,2022-08-26,C10938,Customer 0938,Maruti Suzuki,Swift,Hatchback,Hybrid,Automatic,North,Haryana,Gurugram,1,1105420.32,0.0551,1044482.47,163176.02,UPI
S03659,2022-08-26,C11078,Customer 1078,Mahindra,Thar,SUV,Electric,Manual,North,Uttar Pradesh,Noida,1,1918657.72,0.0636,1796598.09,114219.97,Bank Finance
S04294,2022-08-27,C10183,Customer 0183,Mahindra,XUV 3XO,SUV,Diesel,Automatic,East,Odisha,Cuttack,1,2139217.74,0.0572,2016893.48,205641.61,UPI
S04985,2022-08-27,C11137,Customer 1137,Mahindra,XUV700,SUV,Diesel,Manual,West,Maharashtra,Nagpur,1,1861326.61,0.0329,1800160.55,223406.39,UPI
S01269,2022-08-28,C10956,Customer 0956,Volkswagen,Virtus,SUV,Hybrid,Automatic,North,Punjab,Chandigarh,1,2184429.14,0.0806,2008415.67,299702.44,UPI
S01670,2022-08-28,C10669,Customer 0669,Maruti Suzuki,Dzire,SUV,Diesel,Automatic,North,Punjab,Ludhiana,1,1261938.45,0.0096,1249873.11,223970.95,Cash
S01423,2022-08-28,C10163,Customer 0163,Mahindra,XUV700,SUV,Petrol,Manual,West,Maharashtra,Pune,1,2471332.24,0.034,2387215.49,256435.97,Bank Finance
S04984,2022-08-30,C10026,Customer 0026,Maruti Suzuki,Swift,Hatchback,Diesel,Manual,West,Goa,Panaji,1,716735.65,0.0482,682222.74,84557.59,Cash
S02386,2022-08-30,C10330,Customer 0330,Maruti Suzuki,Baleno,SUV,CNG,Automatic,West,Gujarat,Surat,1,989278.86,0.0227,966787.34,46666.47,Bank Finance
S04093,2022-08-30,C10121,Customer 0121,Tata,Altroz,Hatchback,Diesel,Automatic,North,Uttar Pradesh,Noida,1,2261084.72,0.0564,2133651.04,224580.53,Credit Card
S04069,2022-08-30,C10517,Customer 0517,Tata,Safari,SUV,CNG,Manual,South,Karnataka,Mysuru,1,1224545.43,0.0812,1125081.89,96352.71,Credit Card
S04726,2022-08-31,C10259,Customer 0259,Toyota,Fortuner,MPV,Diesel,Automatic,North,Rajasthan,Udaipur,1,1740943.69,0.0272,1693536.32,176308.4,Bank Finance
S02504,2022-08-31,C10477,Customer 0477,Volkswagen,Tiguan,SUV,Diesel,Automatic,West,Goa,Margao,1,3163259.57,0.074,2929235.36,381154.27,Bank Finance
S02731,2022-08-31,C10213,Customer 0213,Volkswagen,Tiguan,SUV,Petrol,Manual,West,Goa,Margao,1,3519770.04,0.0476,3352245.42,399700.55,Bank Finance
S01215,2022-08-31,C10763,Customer 0763,Hyundai,Verna,Sedan,Electric,Automatic,North,Rajasthan,Jaipur,1,924621.02,0.0595,869612.88,156080.44,UPI
S02365,2022-09-01,C10518,Customer 0518,Toyota,Urban Cruiser Hyryder,SUV,Diesel,Automatic,West,Maharashtra,Nagpur,1,2972565.76,0.0484,2828696.53,285216.79,Bank Finance
S00036,2022-09-01,C10521,Customer 0521,Kia,Carens,MPV,Petrol,Automatic,South,Kerala,Thiruvananthapuram,1,861443.1,0.0758,796144.09,89028.82,UPI
S00870,2022-09-02,C10504,Customer 0504,Maruti Suzuki,Brezza,Sedan,Petrol,Manual,North,Punjab,Amritsar,1,1074617.08,0.0417,1029790.2,89606.26,Cash
S02920,2022-09-02,C10777,Customer 0777,Hyundai,Verna,Sedan,Hybrid,Automatic,South,Kerala,Thiruvananthapuram,1,1331955.3,0.0619,1249548.48,104521.33,UPI
S00311,2022-09-02,C10333,Customer 0333,Maruti Suzuki,Baleno,SUV,Petrol,Automatic,East,West Bengal,Siliguri,1,647513.46,0.0,647513.46,94319.41,Cash
S04707,2022-09-02,C10797,Customer 0797,Kia,Carens,MPV,Petrol,Automatic,North,Haryana,Gurugram,1,2324083.78,0.0796,2139068.32,385144.65,Cash
S01560,2022-09-02,C10952,Customer 0952,Toyota,Innova HyCross,MPV,Diesel,Automatic,West,Goa,Panaji,1,3732412.35,0.048,3553308.44,638202.04,Cash
S00241,2022-09-03,C10240,Customer 0240,Hyundai,Creta,SUV,Petrol,Manual,South,Andhra Pradesh,Visakhapatnam,1,1505100.14,0.0318,1457242.66,126586.72,Cash
S01480,2022-09-03,C10093,Customer 0093,Mahindra,XUV 3XO,SUV,Petrol,Automatic,East,West Bengal,Siliguri,1,1050065.86,0.0452,1002581.16,35090.34,Bank Finance
S04230,2022-09-03,C11163,Customer 1163,Maruti Suzuki,Dzire,SUV,Hybrid,Manual,North,Delhi,New Delhi,1,852372.36,0.0925,773508.61,93388.3,Bank Finance
S01615,2022-09-05,C11139,Customer 1139,Kia,Sonet,MPV,Petrol,Manual,North,Haryana,Gurugram,1,751178.03,0.0607,705608.62,69260.07,Credit Card
S01792,2022-09-05,C10702,Customer 0702,Maruti Suzuki,Swift,Hatchback,Hybrid,Manual,West,Goa,Panaji,1,1080807.84,0.0982,974630.26,57432.33,Bank Finance
S03699,2022-09-05,C10173,Customer 0173,Tata,Punch,SUV,Petrol,Automatic,North,Haryana,Faridabad,1,1931353.73,0.0169,1898645.45,102798.23,Bank Finance
S01070,2022-09-06,C10459,Customer 0459,Toyota,Urban Cruiser Hyryder,SUV,CNG,Manual,East,West Bengal,Kolkata,1,2567974.23,0.0877,2342666.19,399542.42,UPI
S04662,2022-09-06,C10229,Customer 0229,Tata,Punch,SUV,CNG,Automatic,West,Maharashtra,Nashik,1,1521602.19,0.0374,1464672.31,82265.67,Bank Finance
S00305,2022-09-06,C10062,Customer 0062,Maruti Suzuki,Baleno,SUV,Petrol,Manual,West,Maharashtra,Nashik,1,1294119.95,0.0334,1250857.54,103499.71,Bank Finance
S03487,2022-09-06,C11150,Customer 1150,Mahindra,Thar,SUV,CNG,Manual,South,Kerala,Thiruvananthapuram,1,1377486.39,0.0245,1343745.18,113585.29,Credit Card
S02474,2022-09-06,C11107,Customer 1107,Mahindra,XUV 3XO,SUV,CNG,Manual,North,Punjab,Amritsar,1,1161408.19,0.0631,1088175.39,110686.73,Bank Finance
S03193,2022-09-07,C11039,Customer 1039,Honda,City,SUV,Petrol,Automatic,West,Maharashtra,Nashik,1,1458608.57,0.0497,1386106.98,166491.52,Bank Finance
S00856,2022-09-07,C10411,Customer 0411,Kia,Seltos,MPV,Diesel,Automatic,North,Rajasthan,Udaipur,1,897665.83,0.0395,862228.94,62231.81,Cash
S04105,2022-09-07,C10864,Customer 0864,Kia,Seltos,MPV,CNG,Manual,East,Odisha,Cuttack,1,983172.04,0.0477,936232.49,111774.65,Cash
S03330,2022-09-08,C10124,Customer 0124,Maruti Suzuki,Grand Vitara,SUV,Diesel,Manual,North,Uttar Pradesh,Lucknow,1,1082936.0,0.0231,1057925.33,108016.52,Bank Finance
S01710,2022-09-08,C10216,Customer 0216,Mahindra,Scorpio-N,SUV,CNG,Manual,North,Rajasthan,Jodhpur,1,2191363.66,0.0352,2114269.95,261386.42,Bank Finance
S03618,2022-09-08,C10405,Customer 0405,Toyota,Innova HyCross,SUV,Diesel,Manual,West,Maharashtra,Nagpur,1,3304880.78,0.0726,3064987.55,398673.84,Bank Finance
S00048,2022-09-09,C11138,Customer 1138,Honda,City,SUV,CNG,Automatic,South,Karnataka,Mysuru,1,1883350.24,0.0657,1759586.53,168188.41,Credit Card
S03748,2022-09-09,C10423,Customer 0423,Kia,Seltos,SUV,CNG,Automatic,South,Kerala,Kochi,1,2324355.31,0.0541,2198682.82,288532.3,Bank Finance
S03519,2022-09-09,C11017,Customer 1017,Mahindra,XUV700,SUV,Diesel,Manual,South,Andhra Pradesh,Vijayawada,1,1463891.48,0.0927,1328213.83,162365.05,Bank Finance
S02746,2022-09-09,C10082,Customer 0082,Kia,Carens,MPV,Diesel,Manual,East,Jharkhand,Jamshedpur,1,1308089.73,0.0589,1230979.42,103157.48,Bank Finance
S01657,2022-09-09,C11046,Customer 1046,Honda,Amaze,Sedan,Electric,Automatic,East,West Bengal,Kolkata,1,2012217.51,0.1031,1804788.57,185043.05,Cash
S01758,2022-09-09,C10987,Customer 0987,Mahindra,XUV700,SUV,Petrol,Manual,North,Haryana,Faridabad,1,1955038.52,0.0839,1790917.17,171028.46,Bank Finance
S01868,2022-09-09,C10190,Customer 0190,Maruti Suzuki,Dzire,SUV,Petrol,Automatic,East,Jharkhand,Ranchi,1,917873.71,0.0234,896376.97,133968.97,Bank Finance
S01164,2022-09-10,C10691,Customer 0691,Mahindra,Thar,SUV,Petrol,Manual,South,Karnataka,Mangaluru,1,1914616.47,0.0483,1822086.81,350529.42,UPI
S03777,2022-09-11,C10460,Customer 0460,Honda,City,Sedan,Petrol,Manual,West,Gujarat,Ahmedabad,1,1866439.42,0.0604,1753717.66,125596.13,Bank Finance
S02115,2022-09-11,C10253,Customer 0253,Kia,Carens,SUV,Diesel,Automatic,South,Karnataka,Bengaluru,1,2696215.39,0.031,2612513.83,287071.53,Bank Finance
S02666,2022-09-12,C10749,Customer 0749,Hyundai,Creta,Hatchback,Hybrid,Manual,West,Goa,Panaji,1,1082959.84,0.0594,1018628.05,124699.82,Credit Card
S01952,2022-09-12,C10699,Customer 0699,Kia,Seltos,MPV,Petrol,Automatic,West,Maharashtra,Nagpur,1,1480001.59,0.0517,1403456.82,63696.92,Bank Finance
S04620,2022-09-12,C11197,Customer 1197,Honda,Amaze,SUV,Hybrid,Manual,East,Bihar,Gaya,1,1395090.07,0.0581,1313995.98,196043.57,UPI
S00332,2022-09-12,C10324,Customer 0324,Hyundai,Verna,SUV,Hybrid,Manual,West,Maharashtra,Thane,1,840890.7,0.0716,780723.35,112054.62,Credit Card
S03744,2022-09-13,C10448,Customer 0448,Honda,City,SUV,Petrol,Automatic,North,Punjab,Chandigarh,1,2148990.82,0.0828,1971047.0,337529.13,UPI
S02407,2022-09-13,C10459,Customer 0459,Tata,Nexon,Hatchback,Diesel,Automatic,South,Telangana,Hyderabad,1,2063335.0,0.0677,1923658.77,251352.13,Credit Card
S02788,2022-09-13,C10806,Customer 0806,Tata,Altroz,Hatchback,Diesel,Automatic,South,Karnataka,Mysuru,1,1667433.28,0.0514,1581753.29,215144.83,UPI
S02687,2022-09-14,C10149,Customer 0149,Hyundai,Exter,Hatchback,Electric,Manual,East,Odisha,Bhubaneswar,1,1188447.83,0.0941,1076665.43,106456.29,Bank Finance
S04018,2022-09-14,C10255,Customer 0255,Mahindra,Scorpio-N,SUV,CNG,Automatic,East,Jharkhand,Ranchi,1,2559770.1,0.0377,2463189.64,322723.74,UPI
S04746,2022-09-14,C10624,Customer 0624,Hyundai,Venue,Hatchback,Hybrid,Manual,West,Gujarat,Vadodara,1,1433683.93,0.0676,1336712.45,156481.69,Bank Finance
S01849,2022-09-15,C11079,Customer 1079,Toyota,Fortuner,SUV,Hybrid,Automatic,North,Rajasthan,Jodhpur,1,3785532.06,0.0235,3696664.17,358234.76,Cash
S04456,2022-09-15,C10201,Customer 0201,Maruti Suzuki,Swift,Sedan,Petrol,Manual,South,Telangana,Warangal,1,889069.42,0.03,862409.54,100227.95,Bank Finance
S02793,2022-09-15,C10311,Customer 0311,Hyundai,Verna,Hatchback,Diesel,Automatic,North,Haryana,Gurugram,1,1661394.04,0.0709,1543646.93,308729.39,UPI
S02573,2022-09-15,C10417,Customer 0417,Mahindra,Bolero,SUV,Petrol,Manual,West,Gujarat,Surat,1,1001727.47,0.0286,973032.77,111457.15,Bank Finance
S02895,2022-09-15,C10820,Customer 0820,Toyota,Innova HyCross,MPV,CNG,Automatic,South,Andhra Pradesh,Visakhapatnam,1,1352904.81,0.0381,1301418.78,117202.55,Bank Finance
S01473,2022-09-16,C10596,Customer 0596,Kia,Sonet,SUV,Diesel,Automatic,North,Punjab,Amritsar,1,1514329.1,0.005,1506831.74,150296.2,UPI
S00574,2022-09-16,C10318,Customer 0318,Mahindra,Scorpio-N,SUV,CNG,Manual,South,Kerala,Kochi,1,1549926.98,0.0563,1462613.94,190307.35,Credit Card
S04593,2022-09-16,C10274,Customer 0274,Honda,City,SUV,Diesel,Automatic,West,Gujarat,Ahmedabad,1,1720344.05,0.0329,1663740.54,104596.7,Credit Card
S03556,2022-09-17,C10478,Customer 0478,Honda,City,Sedan,Diesel,Manual,West,Maharashtra,Nagpur,1,1715241.69,0.0344,1656239.17,206730.64,UPI
S03868,2022-09-17,C10849,Customer 0849,Kia,Seltos,SUV,Electric,Manual,North,Delhi,New Delhi,1,1133289.44,0.0078,1124447.69,120673.62,Bank Finance
S03869,2022-09-17,C10336,Customer 0336,Hyundai,Venue,SUV,Petrol,Automatic,East,Jharkhand,Jamshedpur,1,1517230.38,0.0632,1421311.04,82539.18,Bank Finance
S02590,2022-09-17,C10669,Customer 0669,Maruti Suzuki,Grand Vitara,Sedan,CNG,Manual,South,Andhra Pradesh,Visakhapatnam,1,1255831.64,0.0445,1199938.07,178004.01,Cash
S04587,2022-09-18,C11015,Customer 1015,Tata,Safari,Hatchback,Hybrid,Manual,West,Goa,Margao,1,940651.1,0.0729,872111.02,91685.78,Bank Finance
S01023,2022-09-18,C11017,Customer 1017,Hyundai,Venue,Sedan,CNG,Automatic,North,Haryana,Gurugram,1,1887682.43,0.0048,1878649.62,226196.42,UPI
S02646,2022-09-18,C10114,Customer 0114,Kia,Sonet,MPV,CNG,Automatic,North,Rajasthan,Jodhpur,1,2028325.25,0.0653,1895842.13,193734.34,Credit Card
S02226,2022-09-18,C11109,Customer 1109,Kia,Seltos,MPV,Petrol,Manual,East,Odisha,Cuttack,1,1542156.47,0.0156,1518094.74,141642.51,Bank Finance
S03543,2022-09-19,C10318,Customer 0318,Hyundai,i20,SUV,Electric,Automatic,South,Karnataka,Bengaluru,1,1680516.25,0.0416,1610657.75,133814.36,Cash
S03904,2022-09-19,C10248,Customer 0248,Hyundai,Venue,SUV,Petrol,Automatic,North,Uttar Pradesh,Lucknow,1,1018196.73,0.0,1018196.73,142964.74,Bank Finance
S02670,2022-09-19,C10066,Customer 0066,Maruti Suzuki,Dzire,Sedan,Petrol,Manual,East,West Bengal,Kolkata,1,1310148.52,0.059,1232904.91,138484.61,Bank Finance
S03871,2022-09-19,C10347,Customer 0347,Toyota,Glanza,Hatchback,Electric,Automatic,South,Kerala,Kochi,1,3680114.11,0.0527,3486009.29,221686.66,Bank Finance
S02540,2022-09-20,C11199,Customer 1199,Maruti Suzuki,Baleno,SUV,Petrol,Automatic,West,Gujarat,Surat,1,909950.85,0.0701,846122.91,128555.71,Cash
S04926,2022-09-20,C10781,Customer 0781,Kia,Carens,MPV,Electric,Automatic,East,Jharkhand,Jamshedpur,1,1468621.68,0.0465,1400334.79,129065.69,Bank Finance
S01825,2022-09-20,C10126,Customer 0126,Toyota,Urban Cruiser Hyryder,MPV,Diesel,Manual,South,Tamil Nadu,Chennai,1,4152904.74,0.0303,4027023.02,642445.95,Cash
S01192,2022-09-20,C10064,Customer 0064,Maruti Suzuki,Dzire,Hatchback,Petrol,Manual,East,Jharkhand,Ranchi,1,1054737.75,0.0462,1005973.38,121267.46,Cash
S02972,2022-09-21,C10544,Customer 0544,Honda,City,Sedan,Diesel,Automatic,South,Tamil Nadu,Coimbatore,1,1791702.54,0.0528,1697015.79,200624.07,Credit Card
S04464,2022-09-21,C10681,Customer 0681,Mahindra,Thar,SUV,CNG,Automatic,West,Maharashtra,Thane,1,1015414.34,0.0877,926364.42,158383.55,UPI
S02231,2022-09-21,C10820,Customer 0820,Maruti Suzuki,Dzire,Sedan,CNG,Automatic,East,Bihar,Gaya,1,975743.94,0.044,932836.78,80264.42,UPI
S04189,2022-09-21,C10549,Customer 0549,Hyundai,Exter,Sedan,Diesel,Automatic,West,Gujarat,Surat,1,1701194.9,0.0157,1674478.45,194523.68,Bank Finance
S04550,2022-09-22,C10455,Customer 0455,Toyota,Innova HyCross,Hatchback,Electric,Automatic,South,Tamil Nadu,Coimbatore,1,897701.96,0.0583,845371.13,92116.5,Bank Finance
S00402,2022-09-22,C10078,Customer 0078,Volkswagen,Virtus,Sedan,Petrol,Automatic,South,Karnataka,Bengaluru,1,2115153.14,0.0593,1989725.15,159526.04,Bank Finance
S04182,2022-09-22,C11072,Customer 1072,Mahindra,Scorpio-N,SUV,Hybrid,Automatic,South,Telangana,Warangal,1,1444531.14,0.0861,1320220.03,113251.02,Cash
S02267,2022-09-22,C10005,Customer 0005,Tata,Harrier,SUV,CNG,Automatic,East,Jharkhand,Jamshedpur,1,2297776.12,0.051,2180547.56,290920.87,Bank Finance
S03115,2022-09-22,C10534,Customer 0534,Volkswagen,Virtus,SUV,Diesel,Automatic,South,Telangana,Warangal,1,2316784.07,0.0168,2277802.52,99192.75,Cash
S04637,2022-09-22,C10922,Customer 0922,Hyundai,Venue,Hatchback,Petrol,Manual,North,Punjab,Ludhiana,1,1646396.33,0.097,1486670.7,132504.44,Credit Card
S03669,2022-09-22,C10505,Customer 0505,Honda,City,SUV,Electric,Automatic,West,Gujarat,Ahmedabad,1,804441.22,0.0637,753193.23,74794.83,Bank Finance
S00783,2022-09-24,C10114,Customer 0114,Volkswagen,Tiguan,Sedan,Petrol,Manual,East,Odisha,Cuttack,1,1771486.95,0.0436,1694172.92,132128.8,UPI
S04271,2022-09-24,C10467,Customer 0467,Hyundai,Creta,Sedan,Diesel,Manual,South,Tamil Nadu,Chennai,1,1672854.19,0.0185,1641898.77,135344.55,Bank Finance
S00225,2022-09-24,C10003,Customer 0003,Kia,Carens,MPV,Diesel,Automatic,West,Goa,Margao,1,1145529.14,0.0407,1098896.8,197843.15,UPI
S02336,2022-09-24,C10504,Customer 0504,Volkswagen,Tiguan,SUV,Petrol,Automatic,South,Tamil Nadu,Chennai,1,2988313.81,0.0268,2908097.1,229770.65,Bank Finance
S02070,2022-09-24,C10224,Customer 0224,Maruti Suzuki,Grand Vitara,Hatchback,Hybrid,Manual,West,Gujarat,Surat,1,1480314.06,0.0474,1410164.16,194476.76,Cash
S04198,2022-09-25,C10149,Customer 0149,Honda,City,SUV,Hybrid,Manual,North,Haryana,Faridabad,1,793038.4,0.0912,720742.77,25226.0,Credit Card
S03567,2022-09-25,C10014,Customer 0014,Kia,Seltos,SUV,Petrol,Automatic,South,Kerala,Thiruvananthapuram,1,1520765.49,0.0573,1433592.3,106675.9,Bank Finance
S04451,2022-09-26,C10342,Customer 0342,Tata,Nexon,SUV,Electric,Automatic,North,Uttar Pradesh,Lucknow,1,726519.06,0.0394,697904.38,75521.87,Bank Finance
S04674,2022-09-27,C10385,Customer 0385,Kia,Sonet,MPV,CNG,Automatic,South,Andhra Pradesh,Visakhapatnam,1,749831.49,0.0614,703826.27,71226.37,UPI
S02700,2022-09-27,C10024,Customer 0024,Maruti Suzuki,Dzire,SUV,Hybrid,Manual,North,Uttar Pradesh,Lucknow,1,1416001.63,0.1195,1246809.5,141513.11,Bank Finance
S00724,2022-09-27,C10583,Customer 0583,Toyota,Glanza,Hatchback,CNG,Automatic,West,Gujarat,Vadodara,1,3848419.3,0.1099,3425411.37,298242.83,Bank Finance
S01335,2022-09-27,C10821,Customer 0821,Honda,City,Sedan,CNG,Automatic,South,Andhra Pradesh,Vijayawada,1,1683889.1,0.0268,1638752.16,119499.52,Credit Card
S00842,2022-09-28,C10702,Customer 0702,Tata,Punch,SUV,Diesel,Automatic,West,Maharashtra,Thane,1,725709.41,0.0338,701204.7,71050.02,Credit Card
S01113,2022-09-28,C10381,Customer 0381,Maruti Suzuki,Baleno,SUV,Diesel,Manual,North,Haryana,Faridabad,1,1205631.98,0.0825,1106155.52,45455.38,UPI
S04372,2022-09-29,C10389,Customer 0389,Volkswagen,Virtus,SUV,Petrol,Automatic,South,Andhra Pradesh,Visakhapatnam,1,1759829.04,0.0308,1705612.18,198722.3,Bank Finance
S00693,2022-09-29,C10179,Customer 0179,Kia,Carens,MPV,Electric,Automatic,North,Rajasthan,Jaipur,1,1197869.67,0.0345,1156505.52,204142.64,Bank Finance
S00648,2022-09-29,C10149,Customer 0149,Toyota,Glanza,Hatchback,CNG,Automatic,North,Delhi,New Delhi,1,745488.92,0.0641,697700.64,89387.3,Bank Finance
S04004,2022-09-29,C10691,Customer 0691,Volkswagen,Taigun,Sedan,Petrol,Automatic,South,Karnataka,Bengaluru,1,1349293.71,0.041,1293953.2,62955.04,UPI
S00969,2022-09-29,C10667,Customer 0667,Volkswagen,Tiguan,SUV,Petrol,Automatic,West,Gujarat,Surat,1,1444083.94,0.03,1400768.95,203253.93,Bank Finance
S03915,2022-09-30,C10405,Customer 0405,Hyundai,Exter,SUV,Diesel,Manual,South,Andhra Pradesh,Vijayawada,1,986887.86,0.0829,905057.93,120625.69,Cash
S01867,2022-09-30,C10624,Customer 0624,Toyota,Urban Cruiser Hyryder,SUV,Petrol,Automatic,East,West Bengal,Siliguri,1,3820863.08,0.0711,3549244.82,441393.52,Bank Finance
S02211,2022-09-30,C10409,Customer 0409,Maruti Suzuki,Baleno,Hatchback,Petrol,Manual,West,Maharashtra,Nagpur,1,1066884.83,0.0891,971792.93,56980.64,Bank Finance
S02302,2022-09-30,C10707,Customer 0707,Tata,Punch,SUV,Petrol,Automatic,North,Punjab,Amritsar,1,879018.58,0.0582,827818.1,77803.21,Cash
S01685,2022-10-01,C10105,Customer 0105,Hyundai,Creta,Hatchback,Petrol,Automatic,West,Goa,Panaji,1,857804.87,0.035,827787.23,102283.62,Bank Finance
S03789,2022-10-01,C10158,Customer 0158,Kia,Carens,SUV,CNG,Automatic,South,Telangana,Warangal,1,1791109.27,0.0937,1623199.29,246924.49,Bank Finance
S02349,2022-10-02,C10114,Customer 0114,Kia,Carens,MPV,Diesel,Manual,West,Goa,Panaji,1,1214876.26,0.0704,1129369.1,112820.38,Bank Finance
S04539,2022-10-02,C11148,Customer 1148,Toyota,Innova HyCross,SUV,Diesel,Automatic,West,Gujarat,Vadodara,1,2371776.62,0.0642,2219444.91,271279.63,Bank Finance
S00800,2022-10-02,C10064,Customer 0064,Honda,Elevate,Sedan,Petrol,Manual,West,Maharashtra,Pune,1,1608931.11,0.0775,1484186.56,202066.77,Cash
S03479,2022-10-03,C10804,Customer 0804,Tata,Nexon,SUV,Hybrid,Automatic,South,Andhra Pradesh,Vijayawada,1,726383.39,0.0636,680209.09,52273.9,Credit Card
S02790,2022-10-03,C10699,Customer 0699,Tata,Punch,SUV,Petrol,Automatic,West,Goa,Margao,1,1793884.8,0.0624,1681998.25,146749.79,Credit Card
S01369,2022-10-04,C11199,Customer 1199,Volkswagen,Tiguan,SUV,Petrol,Automatic,South,Tamil Nadu,Coimbatore,1,1604371.91,0.0446,1532858.44,113132.26,Cash
S00038,2022-10-04,C10294,Customer 0294,Maruti Suzuki,Brezza,SUV,Electric,Automatic,North,Haryana,Gurugram,1,1403484.46,0.0537,1328162.97,58508.9,Bank Finance
S01802,2022-10-04,C10408,Customer 0408,Mahindra,Thar,SUV,Hybrid,Automatic,South,Tamil Nadu,Chennai,1,1449771.56,0.0079,1438366.95,70327.25,UPI
S01255,2022-10-04,C11183,Customer 1183,Hyundai,Verna,Hatchback,Petrol,Manual,North,Haryana,Gurugram,1,1131230.52,0.0408,1085116.08,164481.88,Credit Card
S03559,2022-10-05,C10395,Customer 0395,Kia,Sonet,SUV,Petrol,Automatic,South,Tamil Nadu,Madurai,1,1022559.24,0.0704,950587.9,83433.57,Cash
S04578,2022-10-07,C10242,Customer 0242,Hyundai,Venue,SUV,Hybrid,Automatic,West,Goa,Panaji,1,1302145.55,0.1131,1154875.26,165232.18,Bank Finance
S02275,2022-10-07,C10369,Customer 0369,Honda,City,SUV,Electric,Manual,West,Gujarat,Ahmedabad,1,2017529.64,0.0698,1876737.45,193969.75,Bank Finance
S01650,2022-10-08,C10007,Customer 0007,Honda,City,Sedan,Diesel,Manual,West,Gujarat,Surat,1,1762707.61,0.0326,1705203.45,193827.65,UPI
S02373,2022-10-08,C10459,Customer 0459,Tata,Nexon,Hatchback,CNG,Manual,North,Punjab,Chandigarh,1,1310849.26,0.0505,1244670.7,125517.7,Bank Finance
S02943,2022-10-08,C10652,Customer 0652,Kia,Sonet,SUV,Petrol,Manual,West,Gujarat,Surat,1,2504341.91,0.0237,2445069.78,196569.94,Credit Card
S04927,2022-10-08,C10865,Customer 0865,Kia,Carens,SUV,CNG,Manual,North,Rajasthan,Jodhpur,1,1291182.89,0.0604,1213216.34,174429.79,Bank Finance
S01743,2022-10-08,C10229,Customer 0229,Maruti Suzuki,Brezza,Sedan,CNG,Automatic,North,Rajasthan,Jodhpur,1,742972.94,0.0425,711425.42,56008.07,Bank Finance
S02691,2022-10-08,C10534,Customer 0534,Volkswagen,Taigun,Sedan,Petrol,Manual,East,West Bengal,Siliguri,1,2207239.87,0.0877,2013715.09,204181.92,UPI
S03859,2022-10-08,C11054,Customer 1054,Hyundai,i20,Sedan,CNG,Automatic,West,Gujarat,Vadodara,1,1367854.21,0.0994,1231866.82,150132.23,Bank Finance
S03295,2022-10-09,C10492,Customer 0492,Mahindra,XUV 3XO,SUV,Electric,Automatic,North,Uttar Pradesh,Noida,1,1900338.3,0.0647,1777404.64,229391.2,Credit Card
S01205,2022-10-09,C11054,Customer 1054,Honda,Elevate,SUV,CNG,Manual,South,Karnataka,Mysuru,1,1561405.33,0.0355,1505990.39,216481.27,UPI
S03105,2022-10-09,C10064,Customer 0064,Hyundai,Creta,Sedan,Petrol,Automatic,South,Kerala,Kochi,1,1342739.59,0.1065,1199742.89,104893.77,Bank Finance
S04651,2022-10-09,C11040,Customer 1040,Honda,Elevate,SUV,Petrol,Automatic,East,Odisha,Bhubaneswar,1,2250151.24,0.0408,2158424.2,187102.54,Cash
S04901,2022-10-09,C11147,Customer 1147,Tata,Harrier,Hatchback,Petrol,Manual,South,Telangana,Warangal,1,1101383.92,0.0376,1059979.35,159622.16,UPI
S02508,2022-10-10,C10875,Customer 0875,Hyundai,Exter,SUV,Petrol,Manual,West,Goa,Panaji,1,1612111.67,0.0034,1606620.83,173384.55,UPI
S01337,2022-10-11,C10790,Customer 0790,Tata,Safari,Hatchback,Electric,Automatic,East,Bihar,Patna,1,1257197.37,0.0457,1199801.03,239960.21,Credit Card
S00840,2022-10-11,C10809,Customer 0809,Hyundai,Verna,Hatchback,Petrol,Manual,East,Bihar,Gaya,1,1352585.53,0.0298,1312277.17,177975.49,Bank Finance
S02422,2022-10-12,C10588,Customer 0588,Maruti Suzuki,Brezza,SUV,Petrol,Manual,North,Haryana,Gurugram,1,1065070.07,0.0671,993560.47,133332.92,Bank Finance
S03499,2022-10-12,C10081,Customer 0081,Volkswagen,Taigun,SUV,Electric,Automatic,West,Maharashtra,Thane,1,1259717.71,0.0661,1176487.55,80795.41,Credit Card
S00401,2022-10-12,C11155,Customer 1155,Tata,Safari,Hatchback,Petrol,Automatic,East,Bihar,Gaya,1,1591840.35,0.07,1480363.14,149742.91,Cash
S01524,2022-10-12,C11095,Customer 1095,Maruti Suzuki,Grand Vitara,SUV,Petrol,Manual,West,Maharashtra,Mumbai,1,1054916.91,0.0668,984466.28,120113.07,Bank Finance
S00493,2022-10-12,C11166,Customer 1166,Hyundai,i20,SUV,Petrol,Automatic,West,Goa,Panaji,1,1229380.77,0.0534,1163710.63,73712.06,Cash
S03137,2022-10-12,C10946,Customer 0946,Maruti Suzuki,Dzire,SUV,Petrol,Automatic,South,Karnataka,Bengaluru,1,1340077.0,0.0501,1272920.88,111785.69,Credit Card
S03557,2022-10-12,C10179,Customer 0179,Maruti Suzuki,Dzire,Hatchback,Petrol,Automatic,West,Goa,Margao,1,839500.83,0.0335,811390.97,66542.9,UPI
S01236,2022-10-13,C10221,Customer 0221,Tata,Safari,Hatchback,Diesel,Manual,West,Maharashtra,Nagpur,1,1707284.87,0.0664,1593976.06,236179.14,Credit Card
S03118,2022-10-13,C10731,Customer 0731,Toyota,Urban Cruiser Hyryder,MPV,Petrol,Manual,South,Tamil Nadu,Madurai,1,2034055.74,0.0396,1953539.8,151863.82,Cash
S04192,2022-10-13,C10149,Customer 0149,Honda,Elevate,Sedan,Hybrid,Automatic,North,Uttar Pradesh,Kanpur,1,960532.4,0.0586,904227.78,67618.89,Bank Finance
S01030,2022-10-13,C10960,Customer 0960,Mahindra,Thar,SUV,Petrol,Automatic,West,Goa,Margao,1,2401714.66,0.0629,2250618.21,149598.82,Credit Card
S00590,2022-10-13,C10065,Customer 0065,Honda,City,SUV,Petrol,Automatic,South,Andhra Pradesh,Vijayawada,1,2208040.29,0.0278,2146657.02,175303.59,Cash
S02234,2022-10-14,C10763,Customer 0763,Maruti Suzuki,Swift,Hatchback,Petrol,Manual,West,Goa,Panaji,1,1326652.37,0.0498,1260600.04,159940.02,Bank Finance
S00430,2022-10-14,C10570,Customer 0570,Hyundai,Exter,Hatchback,Diesel,Automatic,West,Gujarat,Vadodara,1,908354.98,0.0069,902059.19,87056.07,Credit Card
S04599,2022-10-14,C10324,Customer 0324,Maruti Suzuki,Swift,Hatchback,CNG,Manual,West,Gujarat,Rajkot,1,1066093.38,0.0304,1033716.43,93324.13,Bank Finance
S00702,2022-10-15,C10082,Customer 0082,Hyundai,i20,SUV,Petrol,Manual,North,Uttar Pradesh,Kanpur,1,1471202.62,0.0586,1384926.06,145811.66,Bank Finance
S02127,2022-10-15,C10386,Customer 0386,Hyundai,Verna,Hatchback,Hybrid,Automatic,East,Jharkhand,Jamshedpur,1,773391.54,0.0366,745119.93,79608.7,Credit Card
S02054,2022-10-15,C10849,Customer 0849,Honda,Elevate,SUV,Petrol,Automatic,East,West Bengal,Siliguri,1,1474128.06,0.045,1407798.66,218789.39,Bank Finance
S01313,2022-10-15,C10824,Customer 0824,Hyundai,i20,Sedan,Diesel,Manual,North,Rajasthan,Jaipur,1,1695083.89,0.0321,1640706.89,140295.1,Cash
S02825,2022-10-15,C10922,Customer 0922,Honda,Elevate,Sedan,Electric,Automatic,West,Maharashtra,Nagpur,1,1074172.31,0.0555,1014525.13,74259.6,Bank Finance
S01131,2022-10-17,C10991,Customer 0991,Honda,Elevate,Sedan,Petrol,Automatic,West,Maharashtra,Mumbai,1,1618101.91,0.027,1574460.07,214622.45,Bank Finance
S01898,2022-10-17,C10324,Customer 0324,Honda,Amaze,Sedan,Petrol,Manual,North,Haryana,Gurugram,1,1024583.58,0.0506,972770.67,80870.91,UPI
S01190,2022-10-18,C10503,Customer 0503,Mahindra,XUV 3XO,SUV,Petrol,Automatic,East,Odisha,Cuttack,1,1088370.96,0.1027,976648.16,50240.81,Cash
S02777,2022-10-18,C11180,Customer 1180,Maruti Suzuki,Baleno,SUV,Diesel,Manual,South,Tamil Nadu,Madurai,1,1017865.57,0.0776,938854.18,107255.4,UPI
S04879,2022-10-19,C10144,Customer 0144,Toyota,Innova HyCross,SUV,Hybrid,Automatic,West,Maharashtra,Mumbai,1,1235785.82,0.0781,1139239.84,112942.15,Cash
S00985,2022-10-19,C10701,Customer 0701,Mahindra,XUV 3XO,SUV,Petrol,Automatic,West,Goa,Margao,1,1944487.27,0.1033,1743707.98,101404.32,Bank Finance
S01696,2022-10-19,C10974,Customer 0974,Volkswagen,Taigun,Sedan,Diesel,Automatic,West,Goa,Margao,1,1282181.59,0.0933,1162609.3,63055.2,Bank Finance
S04621,2022-10-19,C10377,Customer 0377,Tata,Punch,Hatchback,Diesel,Manual,South,Telangana,Hyderabad,1,1807545.1,0.0688,1683272.87,213100.51,UPI
S04163,2022-10-19,C10226,Customer 0226,Tata,Nexon,Hatchback,Petrol,Manual,West,Gujarat,Surat,1,1474624.7,0.0386,1417682.33,128910.05,UPI
S03185,2022-10-19,C10661,Customer 0661,Maruti Suzuki,Baleno,Hatchback,Diesel,Manual,South,Karnataka,Mysuru,1,728795.3,0.0659,680800.45,50901.99,Bank Finance
S00542,2022-10-20,C10770,Customer 0770,Honda,Elevate,SUV,CNG,Manual,West,Maharashtra,Nashik,1,848358.98,0.0548,801864.15,95091.43,UPI
S04286,2022-10-20,C10389,Customer 0389,Volkswagen,Taigun,SUV,Electric,Manual,North,Punjab,Chandigarh,1,2465355.24,0.0786,2271523.24,185031.48,Bank Finance
S03676,2022-10-20,C10640,Customer 0640,Honda,City,SUV,Hybrid,Automatic,North,Delhi,New Delhi,1,2062620.29,0.085,1887349.35,209820.35,Bank Finance
S03919,2022-10-20,C10105,Customer 0105,Tata,Altroz,SUV,Petrol,Manual,South,Kerala,Thiruvananthapuram,1,1178980.4,0.046,1124733.29,77812.88,Bank Finance
S01500,2022-10-20,C10213,Customer 0213,Mahindra,Scorpio-N,SUV,Petrol,Manual,East,Odisha,Cuttack,1,919469.83,0.0412,881591.93,139826.74,Bank Finance
S04887,2022-10-20,C10253,Customer 0253,Toyota,Innova HyCross,MPV,Diesel,Automatic,East,Odisha,Cuttack,1,2284099.5,0.0639,2138111.12,177537.57,UPI
S03039,2022-10-21,C10665,Customer 0665,Kia,Sonet,MPV,CNG,Manual,South,Kerala,Kochi,1,1319659.54,0.0425,1263555.32,92161.11,UPI
S04207,2022-10-21,C10372,Customer 0372,Tata,Safari,SUV,Petrol,Automatic,South,Tamil Nadu,Chennai,1,1648215.13,0.0642,1542374.11,198650.62,Bank Finance
S00067,2022-10-21,C10902,Customer 0902,Maruti Suzuki,Dzire,SUV,Electric,Automatic,West,Gujarat,Surat,1,948245.95,0.0422,908239.46,124768.86,Bank Finance
S02599,2022-10-22,C10995,Customer 0995,Tata,Harrier,SUV,CNG,Manual,East,Bihar,Gaya,1,1037120.72,0.0317,1004233.22,81935.41,Bank Finance
S00551,2022-10-22,C10734,Customer 0734,Honda,Elevate,Sedan,Diesel,Automatic,West,Gujarat,Rajkot,1,953981.26,0.0415,914383.79,91042.7,Cash
S03922,2022-10-22,C10467,Customer 0467,Mahindra,Thar,SUV,Diesel,Automatic,West,Maharashtra,Thane,1,901632.89,0.0539,853036.82,70008.22,Bank Finance
S00301,2022-10-22,C10389,Customer 0389,Honda,Elevate,SUV,Petrol,Automatic,West,Goa,Panaji,1,971722.57,0.0146,957548.35,133819.38,Credit Card
S00546,2022-10-22,C10124,Customer 0124,Kia,Sonet,SUV,Electric,Automatic,South,Telangana,Hyderabad,1,2255531.67,0.0328,2181637.33,249744.42,UPI
S02193,2022-10-22,C10637,Customer 0637,Toyota,Glanza,Hatchback,Petrol,Manual,West,Gujarat,Rajkot,1,3709468.39,0.0442,3545486.84,402481.26,Bank Finance
S03202,2022-10-22,C11018,Customer 1018,Kia,Sonet,MPV,CNG,Manual,South,Kerala,Kochi,1,2355103.92,0.0042,2345140.79,241120.51,UPI
S00960,2022-10-23,C10956,Customer 0956,Tata,Harrier,Hatchback,Petrol,Manual,North,Delhi,New Delhi,1,1820654.05,0.0352,1756617.08,289613.73,Bank Finance
S04792,2022-10-23,C10104,Customer 0104,Kia,Carens,SUV,CNG,Manual,South,Tamil Nadu,Madurai,1,807768.98,0.0647,755524.3,107460.5,Cash
S04738,2022-10-23,C10990,Customer 0990,Hyundai,Exter,Sedan,Petrol,Manual,South,Andhra Pradesh,Vijayawada,1,1538503.73,0.0829,1410975.03,191406.61,Credit Card
S01326,2022-10-23,C10739,Customer 0739,Honda,Elevate,Sedan,Petrol,Automatic,South,Telangana,Warangal,1,1602473.03,0.1112,1424351.03,101882.6,Bank Finance
S02501,2022-10-24,C10932,Customer 0932,Hyundai,Creta,Hatchback,Electric,Automatic,South,Telangana,Warangal,1,917481.68,0.0545,867438.71,64244.24,UPI
S01388,2022-10-24,C10636,Customer 0636,Honda,Elevate,Sedan,Electric,Automatic,East,West Bengal,Siliguri,1,2033078.4,0.0308,1970521.98,256624.36,UPI
S03503,2022-10-24,C10946,Customer 0946,Mahindra,XUV700,SUV,Diesel,Automatic,North,Delhi,New Delhi,1,1787184.79,0.0315,1730836.61,154595.98,Cash
S03779,2022-10-24,C11017,Customer 1017,Mahindra,Scorpio-N,SUV,Diesel,Automatic,East,Jharkhand,Ranchi,1,1700156.84,0.0896,1547826.82,112052.61,Cash
S04994,2022-10-24,C10032,Customer 0032,Volkswagen,Virtus,SUV,Hybrid,Automatic,South,Karnataka,Mangaluru,1,1438062.92,0.043,1376237.0,150981.59,UPI
S03836,2022-10-24,C11095,Customer 1095,Mahindra,Bolero,SUV,Petrol,Automatic,West,Goa,Panaji,1,2430914.79,0.0741,2250829.68,338860.13,Cash
S03103,2022-10-25,C10511,Customer 0511,Kia,Sonet,SUV,Petrol,Automatic,West,Goa,Panaji,1,976903.44,0.0518,926254.76,32418.92,Bank Finance
S03889,2022-10-25,C10715,Customer 0715,Maruti Suzuki,Baleno,Hatchback,Petrol,Automatic,North,Delhi,New Delhi,1,1157192.76,0.0544,1094225.6,116892.2,Cash
S01437,2022-10-25,C10225,Customer 0225,Honda,Elevate,SUV,CNG,Automatic,East,Bihar,Patna,1,2103277.72,0.0412,2016552.32,226244.9,UPI
S04603,2022-10-25,C10400,Customer 0400,Kia,Sonet,MPV,Hybrid,Manual,East,Odisha,Bhubaneswar,1,2009131.98,0.0142,1980653.73,174978.2,UPI
S03902,2022-10-26,C10242,Customer 0242,Hyundai,i20,SUV,Petrol,Automatic,West,Maharashtra,Nashik,1,1581765.17,0.0558,1493527.8,114519.24,UPI
S02277,2022-10-27,C11109,Customer 1109,Hyundai,Exter,Sedan,Diesel,Automatic,East,Jharkhand,Jamshedpur,1,1491160.29,0.0478,1419910.48,138291.72,Bank Finance
S02139,2022-10-27,C10324,Customer 0324,Maruti Suzuki,Swift,SUV,Hybrid,Manual,North,Haryana,Gurugram,1,723239.11,0.0449,690768.39,39167.26,Bank Finance
S01618,2022-10-27,C10458,Customer 0458,Hyundai,i20,Sedan,Electric,Automatic,South,Kerala,Thiruvananthapuram,1,2045959.39,0.0763,1889936.2,259280.14,Bank Finance
S04856,2022-10-27,C10928,Customer 0928,Kia,Seltos,SUV,Hybrid,Automatic,West,Gujarat,Ahmedabad,1,1079765.93,0.063,1011788.2,133907.2,UPI
S04830,2022-10-27,C11091,Customer 1091,Tata,Nexon,Hatchback,Diesel,Manual,West,Goa,Margao,1,1688898.68,0.0568,1592985.47,118960.39,Bank Finance
S00345,2022-10-28,C10451,Customer 0451,Hyundai,Verna,SUV,Petrol,Automatic,West,Gujarat,Ahmedabad,1,1117757.43,0.0642,1045953.39,140165.95,Bank Finance
S01734,2022-10-28,C10792,Customer 0792,Mahindra,XUV700,SUV,CNG,Automatic,South,Karnataka,Mangaluru,1,1141756.45,0.0989,1028893.45,103292.14,UPI
S01284,2022-10-29,C10841,Customer 0841,Hyundai,i20,Hatchback,Petrol,Automatic,West,Goa,Panaji,1,865792.81,0.05,822538.26,79174.71,Cash
S03852,2022-10-29,C11133,Customer 1133,Honda,Elevate,SUV,Petrol,Automatic,West,Gujarat,Ahmedabad,1,1446287.62,0.1102,1286899.14,126999.2,UPI
S03729,2022-10-29,C10421,Customer 0421,Honda,Elevate,SUV,Diesel,Manual,West,Gujarat,Surat,1,2179848.61,0.0878,1988435.33,307488.04,Bank Finance
S03996,2022-10-29,C10389,Customer 0389,Volkswagen,Virtus,Sedan,Electric,Manual,South,Andhra Pradesh,Visakhapatnam,1,2929944.19,0.069,2727917.35,205409.53,UPI
S02708,2022-10-30,C11101,Customer 1101,Honda,Elevate,SUV,Petrol,Manual,West,Gujarat,Rajkot,1,1035604.73,0.0259,1008825.05,116186.07,Bank Finance
S03156,2022-10-30,C10017,Customer 0017,Toyota,Urban Cruiser Hyryder,SUV,Petrol,Manual,East,Jharkhand,Ranchi,1,4083578.59,0.0775,3767043.82,304650.65,Bank Finance
S02495,2022-10-30,C10255,Customer 0255,Kia,Sonet,SUV,Petrol,Manual,West,Goa,Panaji,1,825219.95,0.0956,746322.47,88197.18,Bank Finance
S01970,2022-10-30,C10792,Customer 0792,Honda,City,SUV,Petrol,Automatic,West,Goa,Panaji,1,1802452.3,0.0819,1654835.65,57919.25,Bank Finance
S00299,2022-10-30,C10144,Customer 0144,Hyundai,Creta,Sedan,Electric,Manual,West,Gujarat,Vadodara,1,1492048.45,0.0754,1379538.31,78206.19,Credit Card
S00640,2022-10-30,C10765,Customer 0765,Kia,Carens,SUV,Petrol,Manual,West,Goa,Margao,1,2358659.58,0.0541,2231132.54,311553.92,Cash
S02300,2022-10-31,C10876,Customer 0876,Tata,Harrier,SUV,CNG,Manual,West,Goa,Margao,1,1881093.23,0.0803,1729966.72,68681.74,Bank Finance
S00931,2022-11-01,C10389,Customer 0389,Mahindra,XUV 3XO,SUV,CNG,Automatic,West,Gujarat,Surat,1,2042369.2,0.0752,1888722.91,236098.19,Bank Finance
S03307,2022-11-02,C10820,Customer 0820,Hyundai,Verna,Sedan,Diesel,Automatic,West,Maharashtra,Pune,1,1057143.93,0.06,993665.8,34778.3,Bank Finance
S03500,2022-11-02,C10606,Customer 0606,Hyundai,Exter,SUV,Hybrid,Automatic,South,Kerala,Thiruvananthapuram,1,1327454.16,0.0434,1269872.53,149616.64,Cash
S01452,2022-11-02,C11137,Customer 1137,Kia,Seltos,SUV,Diesel,Manual,North,Punjab,Ludhiana,1,815520.01,0.0218,797705.22,56835.3,Bank Finance
S01080,2022-11-02,C10970,Customer 0970,Tata,Safari,SUV,Diesel,Manual,West,Gujarat,Ahmedabad,1,1677037.73,0.1041,1502378.75,172238.74,Bank Finance
S02394,2022-11-03,C10956,Customer 0956,Mahindra,Bolero,SUV,Hybrid,Automatic,West,Goa,Margao,1,1161550.52,0.0419,1112844.77,121810.35,Bank Finance
S01851,2022-11-03,C11142,Customer 1142,Honda,Elevate,SUV,Petrol,Manual,West,Maharashtra,Thane,1,2085831.59,0.0699,1939937.27,190731.82,Credit Card
S00875,2022-11-03,C10341,Customer 0341,Hyundai,Verna,SUV,Hybrid,Manual,North,Haryana,Gurugram,1,1637021.43,0.0477,1558876.93,204517.14,Credit Card
S03247,2022-11-03,C10915,Customer 0915,Mahindra,Thar,SUV,CNG,Manual,West,Maharashtra,Mumbai,1,1106383.21,0.0045,1101403.62,116552.09,Bank Finance
S04179,2022-11-03,C10259,Customer 0259,Maruti Suzuki,Dzire,Hatchback,Petrol,Automatic,South,Tamil Nadu,Chennai,1,1003887.69,0.0331,970643.37,173609.87,Bank Finance
S04678,2022-11-03,C10423,Customer 0423,Honda,Elevate,Sedan,Hybrid,Automatic,East,West Bengal,Kolkata,1,1396675.41,0.0037,1391539.16,144442.33,UPI
S01679,2022-11-04,C11112,Customer 1112,Mahindra,Thar,SUV,Petrol,Manual,West,Maharashtra,Pune,1,1759786.24,0.0798,1619271.7,200313.55,Bank Finance
S01150,2022-11-04,C10108,Customer 0108,Tata,Safari,SUV,Hybrid,Automatic,West,Maharashtra,Mumbai,1,1796250.89,0.0772,1657626.29,224054.25,Bank Finance
S00417,2022-11-05,C10187,Customer 0187,Hyundai,Creta,Sedan,CNG,Manual,West,Gujarat,Rajkot,1,1778626.08,0.0641,1664646.88,202972.73,UPI
S04067,2022-11-05,C10776,Customer 0776,Kia,Carens,MPV,Petrol,Manual,South,Telangana,Warangal,1,1122752.52,0.0248,1094880.76,92573.04,Bank Finance
S03776,2022-11-05,C10320,Customer 0320,Honda,City,SUV,Diesel,Automatic,West,Gujarat,Vadodara,1,2254076.35,0.0666,2103896.6,177163.46,Bank Finance
S04903,2022-11-05,C10702,Customer 0702,Kia,Seltos,MPV,Petrol,Automatic,South,Tamil Nadu,Chennai,1,2567869.42,0.0614,2410157.35,241454.93,UPI
S01163,2022-11-06,C10450,Customer 0450,Hyundai,Creta,Sedan,Petrol,Manual,South,Andhra Pradesh,Vijayawada,1,1623160.3,0.0966,1466356.46,199894.58,UPI
S00073,2022-11-06,C10149,Customer 0149,Tata,Altroz,Hatchback,CNG,Manual,North,Haryana,Faridabad,1,1988862.31,0.0625,1864655.88,118662.31,Bank Finance
S03988,2022-11-06,C10185,Customer 0185,Tata,Safari,SUV,CNG,Manual,West,Goa,Panaji,1,1209131.47,0.0767,1116394.64,39073.81,UPI
S04672,2022-11-06,C11159,Customer 1159,Tata,Safari,SUV,Petrol,Automatic,South,Telangana,Hyderabad,1,1158669.99,0.0715,1075796.03,49000.69,Bank Finance
S01658,2022-11-07,C10470,Customer 0470,Kia,Sonet,SUV,CNG,Automatic,South,Telangana,Warangal,1,2600919.64,0.0497,2471555.17,298421.82,Bank Finance
S04579,2022-11-07,C10756,Customer 0756,Honda,Amaze,SUV,Diesel,Automatic,South,Kerala,Thiruvananthapuram,1,1738200.51,0.064,1627027.64,207167.36,Bank Finance
S00385,2022-11-07,C10172,Customer 0172,Honda,Amaze,SUV,Hybrid,Manual,North,Rajasthan,Jodhpur,1,1641400.87,0.0194,1609603.27,91343.51,Credit Card
S01384,2022-11-07,C10300,Customer 0300,Mahindra,Scorpio-N,SUV,CNG,Automatic,East,West Bengal,Siliguri,1,1824051.81,0.0701,1696106.26,218863.88,UPI
S02596,2022-11-07,C10345,Customer 0345,Toyota,Glanza,Hatchback,Electric,Manual,North,Delhi,New Delhi,1,4915290.11,0.0327,4754735.15,707237.46,UPI
S01245,2022-11-08,C10111,Customer 0111,Honda,Amaze,Sedan,Petrol,Automatic,North,Punjab,Ludhiana,1,1507869.29,0.0596,1417987.54,51896.5,Bank Finance
S04845,2022-11-08,C10054,Customer 0054,Hyundai,Venue,SUV,Petrol,Automatic,West,Goa,Panaji,1,1434545.08,0.0489,1364421.75,256161.67,UPI
S01671,2022-11-08,C10726,Customer 0726,Volkswagen,Virtus,SUV,Petrol,Manual,South,Andhra Pradesh,Vijayawada,1,2305742.33,0.0475,2196185.12,296104.13,Credit Card
S03319,2022-11-08,C10427,Customer 0427,Kia,Sonet,SUV,Hybrid,Automatic,East,Bihar,Gaya,1,1385439.5,0.0,1385439.5,178164.11,Cash
S03041,2022-11-08,C11159,Customer 1159,Toyota,Glanza,MPV,Petrol,Automatic,North,Punjab,Amritsar,1,1174637.29,0.065,1098304.73,56006.94,Bank Finance
S04111,2022-11-08,C10489,Customer 0489,Hyundai,Venue,Hatchback,Hybrid,Automatic,South,Telangana,Hyderabad,1,1194110.9,0.041,1145126.69,54777.29,Credit Card
S01067,2022-11-09,C10366,Customer 0366,Volkswagen,Taigun,SUV,Petrol,Manual,West,Gujarat,Surat,1,1994997.17,0.0958,1803910.18,171331.07,Bank Finance
S04991,2022-11-09,C10394,Customer 0394,Kia,Carens,MPV,Petrol,Manual,South,Andhra Pradesh,Visakhapatnam,1,1715908.82,0.0924,1557290.67,220273.18,UPI
S02710,2022-11-09,C10541,Customer 0541,Kia,Sonet,MPV,Hybrid,Manual,South,Karnataka,Bengaluru,1,1477556.27,0.0711,1372547.12,188964.45,Bank Finance
S01640,2022-11-09,C10301,Customer 0301,Hyundai,Venue,Sedan,Petrol,Automatic,West,Gujarat,Ahmedabad,1,1348882.02,0.0569,1272078.46,232334.31,Bank Finance
S00862,2022-11-10,C10780,Customer 0780,Honda,Amaze,SUV,CNG,Manual,West,Goa,Panaji,1,1507228.7,0.0716,1399382.42,113021.54,Bank Finance
S04562,2022-11-10,C11137,Customer 1137,Hyundai,Venue,Sedan,Electric,Manual,South,Andhra Pradesh,Vijayawada,1,869150.37,0.019,852595.55,79465.37,Cash
S01304,2022-11-10,C10966,Customer 0966,Mahindra,Bolero,SUV,CNG,Automatic,South,Kerala,Kochi,1,1005489.86,0.0814,923599.66,95034.16,Bank Finance
S02625,2022-11-10,C10351,Customer 0351,Volkswagen,Tiguan,SUV,Petrol,Automatic,South,Tamil Nadu,Coimbatore,1,2429101.85,0.0764,2243622.42,284910.1,UPI
S00298,2022-11-10,C10709,Customer 0709,Maruti Suzuki,Grand Vitara,Hatchback,Petrol,Manual,North,Punjab,Amritsar,1,1459075.74,0.0737,1351500.89,114899.2,Credit Card
S00866,2022-11-10,C10053,Customer 0053,Toyota,Glanza,SUV,Petrol,Manual,West,Gujarat,Rajkot,1,2106164.33,0.074,1950266.5,298754.67,UPI
S00135,2022-11-10,C10865,Customer 0865,Hyundai,Venue,Hatchback,Hybrid,Automatic,West,Maharashtra,Thane,1,1410114.71,0.0444,1347563.74,245784.97,Cash
S00686,2022-11-11,C10036,Customer 0036,Toyota,Fortuner,Hatchback,Electric,Manual,North,Rajasthan,Udaipur,1,3679756.79,0.0158,3621656.78,551905.43,Bank Finance
S02901,2022-11-11,C10422,Customer 0422,Mahindra,XUV 3XO,SUV,Electric,Automatic,South,Karnataka,Mysuru,1,2264056.65,0.0686,2108815.83,188234.89,Cash
S03071,2022-11-11,C11171,Customer 1171,Hyundai,i20,Sedan,Petrol,Automatic,South,Telangana,Hyderabad,1,1372384.33,0.0449,1310742.87,155787.74,Bank Finance
S00053,2022-11-12,C10559,Customer 0559,Volkswagen,Virtus,Sedan,Hybrid,Automatic,West,Goa,Panaji,1,1836112.32,0.0299,1781253.27,134559.28,Bank Finance
S02297,2022-11-12,C10063,Customer 0063,Maruti Suzuki,Baleno,Hatchback,Petrol,Manual,South,Karnataka,Bengaluru,1,1490122.47,0.0276,1448949.47,116088.76,Bank Finance
S03521,2022-11-12,C10177,Customer 0177,Maruti Suzuki,Swift,Hatchback,Diesel,Automatic,South,Andhra Pradesh,Visakhapatnam,1,1462156.06,0.0517,1386597.39,185998.61,Credit Card
S03130,2022-11-12,C10807,Customer 0807,Tata,Safari,SUV,Electric,Automatic,South,Tamil Nadu,Chennai,1,1770203.95,0.0673,1651146.9,149073.24,Cash
S00847,2022-11-13,C10056,Customer 0056,Hyundai,Venue,SUV,Electric,Manual,South,Kerala,Thiruvananthapuram,1,1749129.35,0.0486,1664194.8,224492.36,UPI
S04566,2022-11-13,C10253,Customer 0253,Volkswagen,Tiguan,SUV,Petrol,Automatic,North,Rajasthan,Jaipur,1,1536592.95,0.1013,1380891.15,118786.33,Bank Finance
S03017,2022-11-13,C10512,Customer 0512,Kia,Seltos,MPV,Electric,Automatic,South,Telangana,Warangal,1,856633.44,0.0856,783309.5,47039.78,Credit Card
S04393,2022-11-13,C10716,Customer 0716,Tata,Safari,Hatchback,Diesel,Automatic,West,Maharashtra,Nagpur,1,1696320.83,0.0592,1595903.53,168428.83,Bank Finance
S03287,2022-11-14,C10158,Customer 0158,Honda,City,Sedan,Petrol,Automatic,West,Goa,Panaji,1,1225588.99,0.0498,1164531.97,154919.5,UPI
S03995,2022-11-14,C11108,Customer 1108,Mahindra,Thar,SUV,CNG,Automatic,North,Haryana,Faridabad,1,2224689.7,0.0301,2157791.51,393027.87,Bank Finance
S02775,2022-11-14,C11146,Customer 1146,Volkswagen,Virtus,SUV,CNG,Automatic,West,Goa,Panaji,1,1778918.57,0.0829,1631410.25,170895.3,Credit Card
S03740,2022-11-14,C10117,Customer 0117,Honda,Amaze,Sedan,CNG,Automatic,East,Bihar,Gaya,1,2100557.26,0.0264,2045088.97,192760.19,Cash
S02273,2022-11-15,C10328,Customer 0328,Kia,Seltos,MPV,CNG,Automatic,South,Andhra Pradesh,Visakhapatnam,1,1865485.04,0.0851,1706800.01,185256.26,Credit Card
S02862,2022-11-15,C10946,Customer 0946,Mahindra,Thar,SUV,Hybrid,Manual,South,Karnataka,Mangaluru,1,1049062.42,0.0236,1024291.2,105032.49,Bank Finance
S03619,2022-11-15,C10088,Customer 0088,Honda,Elevate,Sedan,Petrol,Manual,West,Goa,Margao,1,818093.51,0.0333,790853.2,86906.71,Bank Finance
S02507,2022-11-15,C10238,Customer 0238,Hyundai,Exter,SUV,Hybrid,Manual,East,Odisha,Cuttack,1,1435839.35,0.0463,1369424.88,157376.88,Bank Finance
S01003,2022-11-15,C10820,Customer 0820,Toyota,Glanza,Hatchback,Petrol,Automatic,East,Bihar,Patna,1,2570318.49,0.0535,2432679.99,204352.86,UPI
S03379,2022-11-16,C10596,Customer 0596,Maruti Suzuki,Brezza,Sedan,Hybrid,Automatic,West,Gujarat,Rajkot,1,1013327.39,0.0627,949793.52,46577.11,Cash
S00177,2022-11-16,C10178,Customer 0178,Kia,Seltos,SUV,Diesel,Automatic,West,Gujarat,Ahmedabad,1,1154213.49,0.0748,1067850.31,136011.33,Bank Finance
S03515,2022-11-16,C11166,Customer 1166,Toyota,Urban Cruiser Hyryder,Hatchback,CNG,Automatic,South,Karnataka,Mysuru,1,2576934.87,0.0306,2498002.97,87430.1,Bank Finance
S03577,2022-11-16,C10686,Customer 0686,Honda,Amaze,Sedan,Hybrid,Automatic,West,Gujarat,Rajkot,1,1352209.71,0.0504,1284012.62,71178.89,Bank Finance
S02381,2022-11-16,C10133,Customer 0133,Mahindra,XUV 3XO,SUV,Diesel,Manual,North,Haryana,Gurugram,1,972641.62,0.0473,926634.26,115012.12,Bank Finance
S00845,2022-11-17,C10045,Customer 0045,Hyundai,Venue,Sedan,Petrol,Automatic,North,Delhi,New Delhi,1,768782.85,0.07,714959.51,89445.37,Bank Finance
S01594,2022-11-17,C11095,Customer 1095,Volkswagen,Tiguan,Sedan,Diesel,Manual,East,West Bengal,Siliguri,1,1935404.25,0.026,1885004.07,157896.73,Cash
S02824,2022-11-17,C10407,Customer 0407,Hyundai,Verna,Sedan,Diesel,Automatic,North,Punjab,Ludhiana,1,2021823.91,0.0389,1943228.71,207333.79,Bank Finance
S00764,2022-11-17,C10164,Customer 0164,Maruti Suzuki,Baleno,Sedan,Petrol,Automatic,West,Gujarat,Vadodara,1,1319698.6,0.0787,1215792.99,132710.12,Credit Card
S01291,2022-11-18,C10783,Customer 0783,Tata,Harrier,Hatchback,Petrol,Manual,South,Tamil Nadu,Madurai,1,2254193.94,0.04,2163975.57,254452.68,Bank Finance
S04388,2022-11-18,C10244,Customer 0244,Maruti Suzuki,Brezza,Hatchback,Petrol,Automatic,South,Karnataka,Mysuru,1,1214066.64,0.0397,1165885.42,58239.42,Bank Finance
S03463,2022-11-18,C10739,Customer 0739,Tata,Altroz,Hatchback,Diesel,Automatic,North,Haryana,Gurugram,1,1324342.69,0.057,1248873.62,117381.18,UPI
S00096,2022-11-20,C10804,Customer 0804,Kia,Carens,SUV,Hybrid,Automatic,East,West Bengal,Siliguri,1,1502827.43,0.0238,1467090.99,239301.99,Credit Card
S01741,2022-11-20,C11039,Customer 1039,Honda,Amaze,SUV,Petrol,Automatic,East,Jharkhand,Jamshedpur,1,759574.5,0.044,726145.32,83558.43,UPI
S00477,2022-11-20,C10126,Customer 0126,Hyundai,Verna,Hatchback,CNG,Manual,West,Gujarat,Surat,1,1155709.93,0.0907,1050874.58,175231.7,Bank Finance
S02177,2022-11-20,C10916,Customer 0916,Volkswagen,Virtus,Sedan,Diesel,Manual,South,Andhra Pradesh,Visakhapatnam,1,2749350.17,0.0773,2536697.09,220047.23,Credit Card
S04151,2022-11-21,C10714,Customer 0714,Maruti Suzuki,Baleno,SUV,Electric,Automatic,West,Maharashtra,Mumbai,1,1461684.55,0.074,1353587.59,105800.59,Credit Card
S02683,2022-11-21,C11083,Customer 1083,Volkswagen,Virtus,SUV,Diesel,Automatic,South,Karnataka,Bengaluru,1,1545375.46,0.071,1435699.99,108856.4,Credit Card
S00292,2022-11-21,C10422,Customer 0422,Maruti Suzuki,Swift,Hatchback,Electric,Manual,East,Jharkhand,Ranchi,1,960950.42,0.0095,951794.76,80587.72,Bank Finance
S01316,2022-11-21,C10752,Customer 0752,Toyota,Fortuner,Hatchback,Electric,Manual,North,Uttar Pradesh,Noida,1,1908231.72,0.0641,1785947.53,126770.44,Bank Finance
S03021,2022-11-21,C10364,Customer 0364,Honda,Elevate,SUV,Petrol,Automatic,South,Tamil Nadu,Chennai,1,1313158.79,0.0433,1256249.71,131727.45,Bank Finance
S02097,2022-11-21,C11181,Customer 1181,Honda,Amaze,SUV,CNG,Manual,East,Bihar,Patna,1,1636556.98,0.0472,1559343.34,75085.6,UPI
S02202,2022-11-21,C10510,Customer 0510,Mahindra,Bolero,SUV,Electric,Automatic,North,Rajasthan,Jodhpur,1,900958.29,0.0619,845230.37,55510.27,Cash
S01017,2022-11-22,C10134,Customer 0134,Maruti Suzuki,Grand Vitara,SUV,CNG,Manual,North,Rajasthan,Jaipur,1,688004.02,0.0427,658607.96,51662.72,UPI
S03178,2022-11-22,C10699,Customer 0699,Toyota,Fortuner,SUV,Electric,Manual,East,Odisha,Bhubaneswar,1,5335314.36,0.036,5143063.66,588501.93,UPI
S00556,2022-11-22,C10532,Customer 0532,Mahindra,Bolero,SUV,Diesel,Automatic,South,Kerala,Kochi,1,1780129.24,0.0273,1731509.84,271481.12,UPI
S03176,2022-11-22,C10438,Customer 0438,Mahindra,Bolero,SUV,Electric,Automatic,North,Haryana,Faridabad,1,1902355.96,0.0766,1756692.31,188102.79,UPI
S00598,2022-11-22,C10916,Customer 0916,Kia,Seltos,SUV,Electric,Automatic,South,Karnataka,Mysuru,1,968345.63,0.0497,920175.47,76602.78,Bank Finance
S02391,2022-11-23,C10256,Customer 0256,Hyundai,Creta,Hatchback,Petrol,Automatic,West,Gujarat,Rajkot,1,1299063.16,0.0825,1191895.4,87185.04,Credit Card
S01355,2022-11-23,C10566,Customer 0566,Honda,Amaze,Sedan,Diesel,Manual,East,Bihar,Gaya,1,1323191.92,0.1059,1183101.14,114181.01,Cash
S00423,2022-11-23,C10426,Customer 0426,Hyundai,Exter,Sedan,Diesel,Manual,North,Delhi,New Delhi,1,829173.45,0.0805,762398.29,53717.92,Credit Card
S04556,2022-11-23,C10013,Customer 0013,Honda,City,SUV,Hybrid,Manual,North,Delhi,New Delhi,1,1576871.4,0.0152,1552900.75,159987.88,UPI
S02450,2022-11-23,C10276,Customer 0276,Mahindra,Bolero,SUV,Electric,Automatic,West,Maharashtra,Pune,1,2035064.72,0.0798,1872647.0,310009.72,Cash
S04598,2022-11-24,C10082,Customer 0082,Tata,Harrier,Hatchback,Diesel,Automatic,South,Tamil Nadu,Coimbatore,1,1560848.48,0.0559,1473627.39,152541.84,Bank Finance
S01917,2022-11-24,C10730,Customer 0730,Maruti Suzuki,Swift,Hatchback,Petrol,Automatic,South,Telangana,Hyderabad,1,857887.24,0.03,832187.73,29126.57,Bank Finance
S04652,2022-11-24,C11146,Customer 1146,Honda,City,Sedan,Petrol,Manual,West,Goa,Panaji,1,1321391.28,0.0557,1247841.53,100541.2,UPI
S01187,2022-11-25,C10121,Customer 0121,Kia,Sonet,SUV,Hybrid,Automatic,South,Telangana,Hyderabad,1,963450.92,0.0479,917286.82,124972.27,Bank Finance
S01221,2022-11-25,C11148,Customer 1148,Kia,Seltos,MPV,Diesel,Automatic,South,Telangana,Warangal,1,1169734.82,0.0559,1104325.26,107200.27,Bank Finance
S04154,2022-11-25,C10504,Customer 0504,Kia,Carens,SUV,Hybrid,Automatic,West,Gujarat,Surat,1,1899766.83,0.0026,1894790.26,176391.67,UPI
S00376,2022-11-25,C10121,Customer 0121,Volkswagen,Taigun,Sedan,Diesel,Automatic,South,Telangana,Warangal,1,2273019.34,0.0789,2093752.41,334582.09,UPI
S04242,2022-11-25,C10637,Customer 0637,Kia,Sonet,SUV,Diesel,Manual,East,Bihar,Patna,1,1013485.48,0.0624,950255.98,88483.77,Bank Finance
S03928,2022-11-26,C11110,Customer 1110,Hyundai,i20,Hatchback,Petrol,Automatic,North,Haryana,Faridabad,1,1281011.59,0.0993,1153858.3,156627.3,Bank Finance
S01297,2022-11-26,C10374,Customer 0374,Maruti Suzuki,Brezza,Sedan,Petrol,Manual,North,Haryana,Gurugram,1,987184.74,0.0782,910017.37,182003.47,UPI
S04758,2022-11-26,C10028,Customer 0028,Kia,Carens,MPV,Petrol,Automatic,South,Telangana,Warangal,1,1914060.77,0.0584,1802260.94,237050.91,Bank Finance
S04790,2022-11-26,C11176,Customer 1176,Kia,Sonet,SUV,Diesel,Automatic,North,Punjab,Amritsar,1,1213255.47,0.0972,1095307.67,83632.17,UPI
S01197,2022-11-27,C10688,Customer 0688,Honda,City,Sedan,Petrol,Manual,West,Goa,Panaji,1,1096685.38,0.0472,1044923.06,141465.47,Credit Card
S01134,2022-11-28,C10650,Customer 0650,Volkswagen,Tiguan,SUV,Electric,Manual,North,Uttar Pradesh,Lucknow,1,1676897.17,0.0491,1594529.2,55808.52,Credit Card
S04331,2022-11-28,C10075,Customer 0075,Volkswagen,Virtus,SUV,Electric,Manual,South,Tamil Nadu,Coimbatore,1,3105490.91,0.0598,2919715.51,176371.67,Bank Finance
S03610,2022-11-28,C10919,Customer 0919,Maruti Suzuki,Brezza,Sedan,Electric,Automatic,East,Bihar,Gaya,1,1605585.11,0.0666,1498690.18,129270.64,Bank Finance
S03274,2022-11-29,C10114,Customer 0114,Honda,Elevate,Sedan,Diesel,Manual,South,Kerala,Thiruvananthapuram,1,1834505.27,0.0943,1661558.73,160484.71,Cash
S03357,2022-11-29,C10777,Customer 0777,Mahindra,XUV700,SUV,Hybrid,Manual,East,Odisha,Bhubaneswar,1,1694643.81,0.0533,1604330.98,86993.69,Bank Finance
S02343,2022-11-30,C10160,Customer 0160,Volkswagen,Virtus,SUV,Diesel,Manual,East,Jharkhand,Ranchi,1,2021723.45,0.01,2001587.52,93330.99,Credit Card
S00864,2022-12-01,C10530,Customer 0530,Honda,Amaze,SUV,Electric,Automatic,South,Telangana,Warangal,1,1009041.99,0.0404,968245.13,84798.18,Credit Card
S03551,2022-12-01,C10159,Customer 0159,Honda,Amaze,Sedan,Electric,Manual,East,Jharkhand,Ranchi,1,1360241.22,0.0563,1283631.26,126969.99,Bank Finance
S04815,2022-12-01,C10065,Customer 0065,Volkswagen,Taigun,SUV,Electric,Manual,North,Uttar Pradesh,Lucknow,1,1649613.38,0.046,1573767.18,145816.25,UPI
S01931,2022-12-01,C11002,Customer 1002,Maruti Suzuki,Grand Vitara,Sedan,Electric,Manual,South,Telangana,Warangal,1,1616634.74,0.0472,1540273.06,258997.73,Bank Finance
S04872,2022-12-02,C11146,Customer 1146,Mahindra,XUV 3XO,SUV,Diesel,Automatic,West,Maharashtra,Nagpur,1,2228914.12,0.0847,2040118.53,313755.14,Cash
S03489,2022-12-02,C10686,Customer 0686,Mahindra,XUV 3XO,SUV,Electric,Automatic,West,Maharashtra,Mumbai,1,1319786.97,0.0627,1237057.53,160352.37,Cash
S04181,2022-12-02,C11133,Customer 1133,Hyundai,Creta,Hatchback,Diesel,Manual,North,Uttar Pradesh,Lucknow,1,1985261.66,0.0538,1878392.66,212473.3,Bank Finance
S00040,2022-12-03,C10442,Customer 0442,Honda,City,SUV,Hybrid,Manual,East,Jharkhand,Ranchi,1,1003633.37,0.0524,951001.83,135472.66,Bank Finance
S04149,2022-12-03,C10634,Customer 0634,Mahindra,Scorpio-N,SUV,Petrol,Automatic,West,Maharashtra,Thane,1,1848727.74,0.0219,1808225.95,168388.37,Cash
S02889,2022-12-03,C10518,Customer 0518,Mahindra,XUV700,SUV,Petrol,Manual,South,Karnataka,Bengaluru,1,1857087.24,0.0888,1692131.89,117145.31,Bank Finance
S03306,2022-12-03,C10095,Customer 0095,Honda,City,SUV,CNG,Manual,South,Karnataka,Mangaluru,1,1490460.84,0.0523,1412558.75,192387.21,Bank Finance
S02023,2022-12-04,C10273,Customer 0273,Toyota,Innova HyCross,Hatchback,Petrol,Manual,West,Goa,Panaji,1,2602554.34,0.0653,2432641.38,395289.36,Bank Finance
S02060,2022-12-04,C10801,Customer 0801,Hyundai,Verna,SUV,Petrol,Manual,South,Telangana,Warangal,1,963430.18,0.0075,956207.03,116365.27,UPI
S02560,2022-12-04,C10624,Customer 0624,Toyota,Urban Cruiser Hyryder,SUV,Diesel,Automatic,North,Punjab,Chandigarh,1,1134528.17,0.023,1108430.75,160820.26,UPI
S01829,2022-12-04,C11019,Customer 1019,Hyundai,Exter,Sedan,Electric,Manual,East,Odisha,Bhubaneswar,1,1126622.95,0.0993,1014699.79,97403.82,UPI
S01450,2022-12-04,C10706,Customer 0706,Honda,City,Sedan,Hybrid,Automatic,West,Maharashtra,Pune,1,2020440.85,0.0273,1965195.18,225374.34,Bank Finance
S04254,2022-12-05,C10286,Customer 0286,Tata,Safari,SUV,Electric,Manual,West,Maharashtra,Nagpur,1,2304357.83,0.0404,2211255.93,276550.2,Bank Finance
S01940,2022-12-05,C10551,Customer 0551,Hyundai,Verna,Hatchback,Diesel,Manual,West,Gujarat,Vadodara,1,681734.13,0.0532,645466.9,86282.72,Bank Finance
S01417,2022-12-05,C10410,Customer 0410,Kia,Seltos,SUV,Diesel,Manual,West,Maharashtra,Nagpur,1,2618478.9,0.0519,2482573.46,264615.29,Cash
S02387,2022-12-05,C10533,Customer 0533,Mahindra,Scorpio-N,SUV,Petrol,Automatic,West,Maharashtra,Mumbai,1,2012036.96,0.0545,1902459.75,243614.22,UPI
S04193,2022-12-05,C10869,Customer 0869,Hyundai,Exter,Sedan,Hybrid,Manual,North,Uttar Pradesh,Lucknow,1,813156.46,0.0512,771553.25,28074.4,UPI
S01314,2022-12-06,C11021,Customer 1021,Tata,Harrier,Hatchback,Diesel,Automatic,East,Bihar,Gaya,1,1048241.95,0.0653,979831.66,138346.61,UPI
S00986,2022-12-06,C10003,Customer 0003,Honda,Elevate,SUV,Petrol,Manual,West,Goa,Panaji,1,1405820.02,0.0281,1366311.26,174502.51,UPI
S01112,2022-12-07,C10185,Customer 0185,Maruti Suzuki,Brezza,Hatchback,Hybrid,Automatic,West,Maharashtra,Nagpur,1,858965.17,0.079,791138.73,60554.87,UPI
S01844,2022-12-08,C11005,Customer 1005,Toyota,Urban Cruiser Hyryder,MPV,Diesel,Manual,North,Delhi,New Delhi,1,3704064.59,0.0756,3423875.48,285975.73,Credit Card
S01083,2022-12-08,C10942,Customer 0942,Kia,Carens,MPV,Hybrid,Automatic,West,Maharashtra,Nashik,1,1530429.24,0.0991,1378761.15,179319.79,UPI
S01333,2022-12-08,C10960,Customer 0960,Honda,Amaze,Sedan,Electric,Manual,North,Uttar Pradesh,Kanpur,1,1114619.21,0.0763,1029585.36,157950.02,Credit Card
S02571,2022-12-08,C10590,Customer 0590,Volkswagen,Tiguan,SUV,Electric,Manual,West,Gujarat,Surat,1,2759405.22,0.0629,2585942.92,382766.33,Bank Finance
S04216,2022-12-09,C10449,Customer 0449,Tata,Punch,Hatchback,Petrol,Manual,East,West Bengal,Kolkata,1,1897062.49,0.034,1832552.58,223757.44,Bank Finance
S02808,2022-12-09,C10763,Customer 0763,Honda,Elevate,Sedan,Electric,Automatic,West,Gujarat,Ahmedabad,1,888583.89,0.0344,858007.74,70664.15,Bank Finance
S01167,2022-12-09,C10347,Customer 0347,Kia,Seltos,SUV,Diesel,Automatic,West,Gujarat,Vadodara,1,908333.46,0.0344,877109.86,45497.42,Bank Finance
S02249,2022-12-10,C11119,Customer 1119,Toyota,Fortuner,SUV,CNG,Manual,South,Kerala,Kochi,1,1630148.89,0.0501,1548503.27,309700.65,Bank Finance
S02561,2022-12-10,C10746,Customer 0746,Honda,City,SUV,Petrol,Manual,South,Kerala,Kochi,1,1854465.63,0.0801,1705908.89,201326.42,UPI
S03920,2022-12-11,C10028,Customer 0028,Tata,Punch,Hatchback,Hybrid,Automatic,North,Delhi,New Delhi,1,2022824.45,0.0536,1914305.34,271780.04,Credit Card
S04064,2022-12-11,C11086,Customer 1086,Honda,Elevate,Sedan,Hybrid,Automatic,North,Punjab,Amritsar,1,840257.46,0.0441,803185.62,55423.75,UPI
S00416,2022-12-11,C10009,Customer 0009,Maruti Suzuki,Dzire,SUV,Petrol,Automatic,East,Odisha,Bhubaneswar,1,1269297.92,0.0776,1170861.74,123718.69,Bank Finance
S03407,2022-12-12,C10642,Customer 0642,Volkswagen,Virtus,SUV,CNG,Automatic,East,Jharkhand,Ranchi,1,3113585.1,0.0671,2904611.72,337050.92,Bank Finance
S02163,2022-12-12,C11061,Customer 1061,Hyundai,Venue,Sedan,Petrol,Automatic,North,Delhi,New Delhi,1,1546018.35,0.0523,1465126.02,145530.6,Bank Finance
S04570,2022-12-12,C10555,Customer 0555,Toyota,Glanza,SUV,Diesel,Automatic,West,Goa,Margao,1,5075359.42,0.0312,4917202.55,726248.89,Credit Card
S04285,2022-12-13,C10442,Customer 0442,Mahindra,XUV700,SUV,Diesel,Manual,West,Maharashtra,Mumbai,1,1380512.56,0.0652,1290519.81,133398.64,Credit Card
S04750,2022-12-13,C10066,Customer 0066,Honda,Amaze,Sedan,CNG,Automatic,South,Kerala,Kochi,1,767765.13,0.0482,730795.57,117641.04,Bank Finance
S02548,2022-12-13,C10146,Customer 0146,Tata,Nexon,Hatchback,Hybrid,Manual,South,Karnataka,Bengaluru,1,677568.35,0.0589,637687.2,94287.02,Bank Finance
S01418,2022-12-13,C11116,Customer 1116,Mahindra,Scorpio-N,SUV,Petrol,Manual,East,Odisha,Bhubaneswar,1,2185573.85,0.0509,2074320.23,284100.86,Bank Finance
S04211,2022-12-14,C10886,Customer 0886,Maruti Suzuki,Brezza,Sedan,Electric,Automatic,West,Gujarat,Rajkot,1,1666379.69,0.0931,1511166.09,178918.44,Bank Finance
S01225,2022-12-14,C11129,Customer 1129,Hyundai,Creta,SUV,Electric,Automatic,East,Odisha,Cuttack,1,1521177.82,0.0383,1462899.1,148176.12,Bank Finance
S02500,2022-12-14,C10528,Customer 0528,Hyundai,i20,Hatchback,Electric,Automatic,West,Maharashtra,Thane,1,1512315.89,0.078,1394340.62,109237.03,UPI
S03282,2022-12-15,C10985,Customer 0985,Toyota,Innova HyCross,MPV,Diesel,Manual,East,Bihar,Patna,1,2447300.15,0.0624,2294652.37,168820.95,UPI
S04011,2022-12-15,C10878,Customer 0878,Hyundai,Venue,Sedan,Hybrid,Manual,South,Kerala,Thiruvananthapuram,1,1357763.58,0.0882,1238067.18,43332.35,Bank Finance
S00568,2022-12-16,C10873,Customer 0873,Hyundai,Venue,Sedan,CNG,Manual,West,Maharashtra,Nashik,1,1290704.37,0.0702,1200140.19,118957.71,Credit Card
S02782,2022-12-16,C10669,Customer 0669,Toyota,Fortuner,SUV,Petrol,Automatic,South,Karnataka,Mysuru,1,2139037.17,0.0525,2026757.64,268604.8,UPI
S00387,2022-12-16,C10734,Customer 0734,Mahindra,Thar,SUV,Petrol,Automatic,East,Odisha,Cuttack,1,2508830.49,0.0604,2357328.42,351668.36,Bank Finance
S02800,2022-12-16,C10756,Customer 0756,Maruti Suzuki,Dzire,Sedan,CNG,Automatic,North,Punjab,Amritsar,1,707391.2,0.0551,668400.02,75223.74,Cash
S01343,2022-12-17,C10276,Customer 0276,Hyundai,Creta,Sedan,Petrol,Automatic,South,Telangana,Hyderabad,1,748265.95,0.0552,706987.85,72973.42,UPI
S04489,2022-12-17,C10961,Customer 0961,Volkswagen,Tiguan,Sedan,Diesel,Automatic,South,Andhra Pradesh,Vijayawada,1,3345132.52,0.0708,3108151.6,285043.04,UPI
S03766,2022-12-17,C10257,Customer 0257,Kia,Sonet,MPV,Petrol,Automatic,North,Delhi,New Delhi,1,1578855.8,0.0561,1490352.49,126968.43,Credit Card
S04421,2022-12-17,C10307,Customer 0307,Honda,City,Sedan,Electric,Manual,East,Jharkhand,Ranchi,1,756456.26,0.0392,726774.46,48383.5,Bank Finance
S04091,2022-12-17,C10287,Customer 0287,Honda,City,Sedan,Petrol,Automatic,South,Telangana,Warangal,1,2360257.72,0.0596,2219494.3,145825.74,UPI
S03697,2022-12-18,C10673,Customer 0673,Tata,Altroz,Hatchback,Petrol,Automatic,North,Uttar Pradesh,Kanpur,1,1142911.16,0.0164,1124204.27,62209.4,Bank Finance
S00456,2022-12-18,C11157,Customer 1157,Honda,Amaze,Sedan,Petrol,Automatic,West,Gujarat,Rajkot,1,930300.52,0.0539,880129.08,71445.88,Credit Card
S04442,2022-12-18,C10862,Customer 0862,Honda,City,Sedan,Diesel,Manual,South,Kerala,Thiruvananthapuram,1,1954875.34,0.0531,1850998.16,219759.38,Bank Finance
S02004,2022-12-18,C10383,Customer 0383,Hyundai,Venue,Hatchback,CNG,Automatic,East,West Bengal,Kolkata,1,1492246.58,0.1064,1333540.64,151752.41,Credit Card
S04761,2022-12-19,C10381,Customer 0381,Honda,Amaze,SUV,Electric,Manual,South,Tamil Nadu,Madurai,1,984986.59,0.0414,944229.07,93253.68,Bank Finance
S01306,2022-12-19,C10162,Customer 0162,Tata,Harrier,SUV,Hybrid,Automatic,North,Delhi,New Delhi,1,1172011.35,0.0503,1113001.4,136814.28,Credit Card
S04884,2022-12-19,C10260,Customer 0260,Hyundai,Verna,Hatchback,Hybrid,Manual,South,Tamil Nadu,Madurai,1,1716173.28,0.0404,1646898.12,104432.08,Bank Finance
S01020,2022-12-19,C10515,Customer 0515,Volkswagen,Tiguan,SUV,Electric,Automatic,West,Gujarat,Ahmedabad,1,1801543.84,0.0893,1640746.36,157991.91,UPI
S03490,2022-12-20,C10445,Customer 0445,Mahindra,XUV700,SUV,Diesel,Manual,North,Punjab,Ludhiana,1,1832160.52,0.0317,1774063.26,268549.97,Bank Finance
S04065,2022-12-20,C10843,Customer 0843,Honda,Amaze,Sedan,CNG,Automatic,South,Telangana,Warangal,1,1353933.92,0.0159,1332350.5,138059.56,Credit Card
S04909,2022-12-20,C10796,Customer 0796,Honda,Amaze,SUV,Petrol,Manual,East,West Bengal,Kolkata,1,2067648.56,0.0509,1962482.12,196209.91,Bank Finance
S00704,2022-12-20,C10122,Customer 0122,Maruti Suzuki,Brezza,Sedan,Petrol,Automatic,West,Gujarat,Rajkot,1,686005.5,0.0482,652933.04,103787.17,Bank Finance
S01144,2022-12-21,C11045,Customer 1045,Mahindra,Scorpio-N,SUV,Petrol,Automatic,West,Gujarat,Ahmedabad,1,1184477.86,0.0443,1131971.44,134529.38,Cash
S04481,2022-12-21,C10710,Customer 0710,Mahindra,Scorpio-N,SUV,Hybrid,Automatic,East,West Bengal,Siliguri,1,1948408.33,0.0565,1838263.37,169117.1,UPI
S04543,2022-12-21,C10618,Customer 0618,Kia,Carens,SUV,CNG,Automatic,West,Goa,Panaji,1,798349.0,0.0616,749172.1,97163.84,Bank Finance
S03843,2022-12-21,C10596,Customer 0596,Maruti Suzuki,Baleno,SUV,Petrol,Automatic,North,Delhi,New Delhi,1,1401297.54,0.0302,1359038.68,106544.73,Bank Finance
S00582,2022-12-22,C10547,Customer 0547,Mahindra,XUV 3XO,SUV,Petrol,Manual,West,Goa,Panaji,1,952990.02,0.0849,872125.39,38517.77,Bank Finance
S03231,2022-12-22,C10730,Customer 0730,Mahindra,Bolero,SUV,CNG,Manual,West,Goa,Margao,1,1006480.0,0.0551,950989.08,91963.7,Cash
S02327,2022-12-22,C10821,Customer 0821,Volkswagen,Tiguan,SUV,Diesel,Manual,West,Gujarat,Rajkot,1,1656029.06,0.0352,1597717.86,82946.47,Cash
S02112,2022-12-23,C10664,Customer 0664,Honda,Elevate,Sedan,Electric,Automatic,West,Goa,Margao,1,2027245.14,0.061,1903678.17,362866.9,Bank Finance
S02910,2022-12-23,C10566,Customer 0566,Hyundai,Exter,Sedan,CNG,Automatic,North,Rajasthan,Jodhpur,1,1383636.23,0.0317,1339727.26,164851.44,Bank Finance
S03765,2022-12-23,C10554,Customer 0554,Kia,Seltos,SUV,Petrol,Automatic,East,West Bengal,Siliguri,1,1793708.05,0.0338,1733001.86,208958.85,UPI
S02031,2022-12-23,C10804,Customer 0804,Kia,Seltos,MPV,Diesel,Automatic,North,Uttar Pradesh,Noida,1,981393.6,0.0234,958436.17,123391.19,UPI
S04508,2022-12-24,C10868,Customer 0868,Tata,Altroz,SUV,Diesel,Manual,South,Andhra Pradesh,Vijayawada,1,2137495.59,0.0706,1986594.33,176993.57,Credit Card
S02776,2022-12-24,C10356,Customer 0356,Maruti Suzuki,Grand Vitara,Sedan,Electric,Manual,North,Punjab,Chandigarh,1,748777.64,0.0747,692808.36,56857.16,Cash
S01038,2022-12-24,C10261,Customer 0261,Honda,Elevate,SUV,Diesel,Manual,South,Telangana,Warangal,1,951704.13,0.0155,936921.39,134630.92,Credit Card
S03459,2022-12-24,C10839,Customer 0839,Hyundai,Exter,Hatchback,Diesel,Automatic,West,Maharashtra,Thane,1,966641.99,0.0511,917204.3,90638.85,Credit Card
S03594,2022-12-24,C10163,Customer 0163,Maruti Suzuki,Grand Vitara,SUV,Electric,Automatic,East,West Bengal,Siliguri,1,1171471.57,0.0423,1121941.88,39267.97,Bank Finance
S03406,2022-12-25,C10128,Customer 0128,Tata,Punch,SUV,Diesel,Manual,West,Maharashtra,Mumbai,1,1000942.39,0.071,929910.26,80643.66,Bank Finance
S03384,2022-12-25,C10111,Customer 0111,Honda,Amaze,SUV,Petrol,Automatic,South,Tamil Nadu,Chennai,1,1453356.09,0.0657,1357938.67,125690.67,Credit Card
S04703,2022-12-25,C10198,Customer 0198,Honda,Elevate,Sedan,Electric,Manual,North,Haryana,Faridabad,1,1927919.78,0.0344,1861602.86,183528.08,Credit Card
S02005,2022-12-25,C10702,Customer 0702,Hyundai,Verna,Sedan,Petrol,Manual,South,Telangana,Warangal,1,1219046.55,0.0458,1163184.63,174158.55,Bank Finance
S04857,2022-12-26,C11085,Customer 1085,Toyota,Innova HyCross,SUV,Petrol,Automatic,West,Maharashtra,Mumbai,1,4155534.7,0.0132,4100885.62,143531.0,Bank Finance
S04122,2022-12-26,C10698,Customer 0698,Kia,Sonet,MPV,Diesel,Automatic,West,Gujarat,Rajkot,1,1874171.46,0.0659,1750644.16,278208.65,Bank Finance
S04383,2022-12-26,C10722,Customer 0722,Mahindra,XUV 3XO,SUV,Petrol,Manual,North,Delhi,New Delhi,1,1004441.69,0.0644,939805.21,67546.72,Bank Finance
S02358,2022-12-26,C10936,Customer 0936,Honda,City,SUV,Diesel,Automatic,North,Rajasthan,Jodhpur,1,1591923.0,0.0661,1486632.07,162601.03,Cash
S02992,2022-12-26,C10364,Customer 0364,Kia,Carens,MPV,Petrol,Automatic,West,Maharashtra,Thane,1,1192637.31,0.0455,1138331.95,172943.19,UPI
S00531,2022-12-27,C10734,Customer 0734,Volkswagen,Taigun,SUV,Electric,Automatic,South,Kerala,Kochi,1,2282846.77,0.054,2159609.09,227878.16,UPI
S03845,2022-12-27,C10931,Customer 0931,Kia,Seltos,MPV,CNG,Automatic,South,Kerala,Thiruvananthapuram,1,1125819.28,0.0398,1081025.84,84678.38,Bank Finance
S02116,2022-12-27,C11131,Customer 1131,Maruti Suzuki,Swift,Sedan,Petrol,Manual,North,Haryana,Gurugram,1,983969.66,0.0055,978583.19,118965.4,Credit Card
S03814,2022-12-27,C10714,Customer 0714,Volkswagen,Taigun,SUV,Diesel,Manual,West,Goa,Panaji,1,2166888.26,0.0582,2040843.66,269750.36,UPI
S03886,2022-12-28,C10749,Customer 0749,Maruti Suzuki,Grand Vitara,SUV,CNG,Manual,West,Maharashtra,Pune,1,1561176.46,0.0811,1434582.56,202709.23,Cash
S02284,2022-12-28,C10823,Customer 0823,Honda,Elevate,Sedan,Petrol,Manual,North,Punjab,Chandigarh,1,2032745.18,0.0427,1945888.28,151230.38,Cash
S00378,2022-12-28,C10389,Customer 0389,Volkswagen,Tiguan,SUV,Electric,Automatic,East,West Bengal,Siliguri,1,1601809.59,0.0545,1514509.19,174184.19,UPI
S02043,2022-12-28,C10875,Customer 0875,Honda,Elevate,SUV,Electric,Manual,West,Goa,Panaji,1,917675.66,0.0748,849006.02,62692.54,Bank Finance
S00937,2022-12-29,C10058,Customer 0058,Hyundai,i20,Sedan,Petrol,Automatic,East,Odisha,Bhubaneswar,1,995008.42,0.0027,992322.54,139546.98,Credit Card
S04343,2022-12-29,C10234,Customer 0234,Volkswagen,Tiguan,SUV,Petrol,Manual,South,Karnataka,Mysuru,1,1992740.12,0.0331,1926812.19,67438.43,UPI
S02063,2022-12-30,C10669,Customer 0669,Toyota,Glanza,MPV,Electric,Automatic,South,Kerala,Kochi,1,912687.41,0.0761,843201.47,88430.38,Bank Finance
S04736,2022-12-31,C10342,Customer 0342,Hyundai,i20,SUV,CNG,Automatic,South,Kerala,Thiruvananthapuram,1,1385894.92,0.0551,1309540.97,178187.98,Cash
S01568,2022-12-31,C10200,Customer 0200,Honda,Elevate,SUV,Diesel,Automatic,East,Bihar,Gaya,1,2202070.34,0.082,2021580.52,221818.4,Credit Card
S01504,2022-12-31,C10727,Customer 0727,Mahindra,XUV700,SUV,Electric,Automatic,West,Gujarat,Rajkot,1,1969126.03,0.082,1807583.42,185485.66,Bank Finance
S04522,2023-01-01,C10296,Customer 0296,Hyundai,Creta,Sedan,Hybrid,Automatic,West,Gujarat,Surat,1,1392640.73,0.0299,1351033.17,116699.6,UPI
S04014,2023-01-01,C10358,Customer 0358,Volkswagen,Virtus,SUV,Diesel,Manual,North,Punjab,Amritsar,1,2659159.18,0.0684,2477268.42,228921.48,Bank Finance
S03529,2023-01-01,C11193,Customer 1193,Hyundai,i20,Hatchback,Electric,Automatic,North,Punjab,Amritsar,1,1005075.31,0.0277,977278.05,94287.28,Bank Finance
S02209,2023-01-02,C10680,Customer 0680,Maruti Suzuki,Swift,SUV,Electric,Manual,South,Karnataka,Mangaluru,1,847451.77,0.0532,802351.75,74522.46,Bank Finance
S03892,2023-01-02,C10180,Customer 0180,Tata,Nexon,Hatchback,CNG,Manual,North,Delhi,New Delhi,1,2192170.75,0.0241,2139396.1,103724.67,UPI
S04444,2023-01-02,C11076,Customer 1076,Hyundai,i20,SUV,Petrol,Automatic,West,Gujarat,Vadodara,1,1106148.87,0.0322,1070539.78,179243.98,Cash
S00616,2023-01-02,C10395,Customer 0395,Mahindra,Thar,SUV,Petrol,Manual,South,Andhra Pradesh,Visakhapatnam,1,2150306.28,0.025,2096475.82,192586.82,Cash
S00880,2023-01-02,C10824,Customer 0824,Toyota,Fortuner,MPV,Diesel,Automatic,South,Karnataka,Mysuru,1,875014.15,0.0655,817703.27,142714.66,Credit Card
S03773,2023-01-03,C10901,Customer 0901,Volkswagen,Taigun,SUV,Petrol,Automatic,East,Odisha,Bhubaneswar,1,1479599.45,0.0418,1417784.95,186822.62,Cash
S01301,2023-01-03,C10804,Customer 0804,Hyundai,i20,SUV,Petrol,Automatic,South,Telangana,Hyderabad,1,1783116.39,0.0953,1613241.97,163812.77,UPI
S02841,2023-01-03,C10873,Customer 0873,Kia,Seltos,SUV,Electric,Manual,North,Uttar Pradesh,Lucknow,1,1860303.67,0.0995,1675237.01,150490.58,Bank Finance
S03960,2023-01-04,C11040,Customer 1040,Maruti Suzuki,Brezza,Hatchback,Petrol,Automatic,West,Gujarat,Surat,1,1137080.48,0.082,1043886.86,124017.95,Credit Card
S02556,2023-01-04,C10187,Customer 0187,Mahindra,Bolero,SUV,Electric,Manual,East,Jharkhand,Ranchi,1,1758024.98,0.084,1610286.21,87336.86,Bank Finance
S02706,2023-01-05,C10289,Customer 0289,Honda,City,Sedan,Electric,Automatic,North,Uttar Pradesh,Lucknow,1,2109522.31,0.0869,1926297.47,239861.87,Bank Finance
S03476,2023-01-05,C10654,Customer 0654,Hyundai,Venue,Sedan,CNG,Manual,South,Telangana,Warangal,1,1403111.29,0.0735,1299929.92,96293.26,Bank Finance
S04816,2023-01-05,C10054,Customer 0054,Toyota,Glanza,SUV,Petrol,Automatic,North,Haryana,Gurugram,1,2727368.1,0.0532,2582398.3,116887.38,Credit Card
S00075,2023-01-05,C10034,Customer 0034,Kia,Sonet,MPV,Petrol,Manual,South,Tamil Nadu,Coimbatore,1,2701694.0,0.0327,2613234.07,259828.55,Cash
S00636,2023-01-05,C10197,Customer 0197,Mahindra,XUV 3XO,SUV,Hybrid,Manual,South,Kerala,Thiruvananthapuram,1,1208150.17,0.0276,1174803.3,90510.17,UPI
S00280,2023-01-06,C10836,Customer 0836,Hyundai,Verna,Sedan,Petrol,Automatic,West,Maharashtra,Mumbai,1,694233.07,0.0764,641164.83,50939.94,Bank Finance
S00331,2023-01-06,C10784,Customer 0784,Maruti Suzuki,Brezza,Hatchback,Diesel,Automatic,South,Andhra Pradesh,Visakhapatnam,1,940845.27,0.0819,863762.91,57386.73,Credit Card
S03614,2023-01-07,C10001,Customer 0001,Toyota,Glanza,MPV,Petrol,Automatic,East,Jharkhand,Jamshedpur,1,5029305.07,0.0531,4762228.83,309000.33,Bank Finance
S00465,2023-01-07,C10566,Customer 0566,Toyota,Glanza,MPV,Diesel,Automatic,North,Haryana,Gurugram,1,4531627.03,0.0317,4388015.61,277305.99,UPI
S04690,2023-01-07,C11146,Customer 1146,Toyota,Fortuner,MPV,Petrol,Manual,West,Maharashtra,Nagpur,1,1186892.16,0.0617,1113633.88,111604.79,Credit Card
S03405,2023-01-07,C11148,Customer 1148,Honda,Amaze,Sedan,Electric,Automatic,South,Tamil Nadu,Coimbatore,1,1703603.81,0.0653,1592381.21,136743.29,Credit Card
S00514,2023-01-08,C10273,Customer 0273,Maruti Suzuki,Baleno,SUV,CNG,Manual,West,Goa,Margao,1,1032044.4,0.0803,949152.66,116486.04,Bank Finance
S03195,2023-01-08,C10992,Customer 0992,Volkswagen,Taigun,SUV,CNG,Automatic,South,Kerala,Thiruvananthapuram,1,2229167.43,0.0476,2123037.28,190178.33,Cash
S01350,2023-01-08,C10255,Customer 0255,Kia,Carens,SUV,CNG,Manual,West,Maharashtra,Thane,1,2029671.33,0.0851,1856904.53,239304.85,UPI
S02093,2023-01-08,C10393,Customer 0393,Maruti Suzuki,Grand Vitara,SUV,Diesel,Manual,North,Rajasthan,Jodhpur,1,941894.14,0.0644,881208.28,110112.74,Bank Finance
S00661,2023-01-08,C10124,Customer 0124,Maruti Suzuki,Dzire,Sedan,Diesel,Manual,North,Punjab,Amritsar,1,688567.33,0.026,670660.38,76633.99,Credit Card
S03885,2023-01-08,C10160,Customer 0160,Volkswagen,Virtus,SUV,Petrol,Manual,South,Andhra Pradesh,Vijayawada,1,1298924.27,0.0721,1205272.53,179521.97,UPI
S01737,2023-01-08,C10574,Customer 0574,Hyundai,Venue,Sedan,Petrol,Manual,West,Maharashtra,Thane,1,1993744.65,0.0291,1935665.78,343460.65,Bank Finance
S02245,2023-01-09,C10229,Customer 0229,Hyundai,Creta,Sedan,Diesel,Automatic,West,Goa,Panaji,1,1311402.3,0.0252,1278310.45,203144.73,Bank Finance
S02693,2023-01-09,C10905,Customer 0905,Mahindra,Bolero,SUV,Diesel,Automatic,South,Karnataka,Bengaluru,1,2186990.36,0.0264,2129285.43,82738.52,Bank Finance
S00663,2023-01-09,C10099,Customer 0099,Toyota,Innova HyCross,SUV,CNG,Automatic,North,Delhi,New Delhi,1,3470809.11,0.0227,3392189.93,193753.05,Bank Finance
S00557,2023-01-09,C10287,Customer 0287,Kia,Carens,SUV,Electric,Automatic,South,Karnataka,Bengaluru,1,1997571.36,0.0404,1916786.61,231851.68,Cash
S01282,2023-01-09,C10154,Customer 0154,Kia,Carens,MPV,CNG,Automatic,North,Punjab,Amritsar,1,2246792.41,0.0884,2048160.83,220902.22,Credit Card
S02364,2023-01-10,C10760,Customer 0760,Maruti Suzuki,Dzire,Sedan,Petrol,Automatic,West,Maharashtra,Mumbai,1,652175.0,0.07,606546.4,61673.68,Bank Finance
S00433,2023-01-10,C10287,Customer 0287,Honda,Elevate,Sedan,Petrol,Manual,South,Kerala,Thiruvananthapuram,1,907196.72,0.0636,849517.45,69145.98,Bank Finance
S00689,2023-01-10,C10781,Customer 0781,Tata,Altroz,Hatchback,Hybrid,Automatic,East,Odisha,Bhubaneswar,1,1590256.51,0.0257,1549413.39,166113.29,Bank Finance
S00904,2023-01-10,C10126,Customer 0126,Honda,Elevate,Sedan,CNG,Automatic,West,Gujarat,Vadodara,1,1435214.39,0.0293,1393182.89,183984.52,Cash
S00057,2023-01-11,C10898,Customer 0898,Mahindra,XUV700,SUV,Diesel,Manual,South,Telangana,Warangal,1,1419390.85,0.0494,1349274.74,47224.62,Credit Card
S02068,2023-01-11,C10426,Customer 0426,Volkswagen,Tiguan,SUV,Petrol,Automatic,South,Andhra Pradesh,Visakhapatnam,1,2557759.87,0.0301,2480810.74,408988.49,Bank Finance
S03242,2023-01-11,C11144,Customer 1144,Tata,Altroz,Hatchback,Petrol,Manual,South,Telangana,Hyderabad,1,1324721.93,0.0379,1274541.08,201744.09,Bank Finance
S00107,2023-01-12,C10596,Customer 0596,Volkswagen,Virtus,SUV,CNG,Manual,South,Tamil Nadu,Coimbatore,1,3240342.69,0.0,3240342.69,416064.37,Cash
S00857,2023-01-12,C10700,Customer 0700,Toyota,Innova HyCross,MPV,Hybrid,Manual,South,Telangana,Hyderabad,1,3153064.02,0.0537,2983611.8,367728.08,Bank Finance
S04735,2023-01-12,C10682,Customer 0682,Mahindra,Scorpio-N,SUV,Diesel,Manual,North,Punjab,Chandigarh,1,1923658.46,0.0635,1801589.39,250320.21,Cash
S00150,2023-01-13,C11121,Customer 1121,Toyota,Innova HyCross,Hatchback,Electric,Manual,North,Uttar Pradesh,Kanpur,1,4925222.82,0.041,4723146.09,313555.8,Bank Finance
S03376,2023-01-13,C10260,Customer 0260,Volkswagen,Tiguan,Sedan,Hybrid,Manual,North,Rajasthan,Jodhpur,1,2855106.24,0.0758,2638754.64,179856.19,UPI
S01258,2023-01-13,C10292,Customer 0292,Kia,Seltos,MPV,Petrol,Manual,South,Tamil Nadu,Madurai,1,1225290.78,0.0692,1140495.69,124009.31,Bank Finance
S04597,2023-01-14,C10686,Customer 0686,Hyundai,Verna,SUV,Diesel,Automatic,East,Jharkhand,Jamshedpur,1,1861078.97,0.0288,1807546.32,219187.65,Bank Finance
S01272,2023-01-14,C10101,Customer 0101,Toyota,Urban Cruiser Hyryder,MPV,Petrol,Manual,East,Bihar,Patna,1,4086442.2,0.0792,3762951.76,301962.03,Bank Finance
S01394,2023-01-14,C10226,Customer 0226,Honda,City,Sedan,Hybrid,Automatic,West,Maharashtra,Pune,1,990014.54,0.018,972187.75,103779.08,UPI
S00912,2023-01-15,C10950,Customer 0950,Kia,Sonet,MPV,Petrol,Manual,East,West Bengal,Siliguri,1,1578386.38,0.0823,1448538.02,211992.16,Bank Finance
S02144,2023-01-15,C10559,Customer 0559,Maruti Suzuki,Baleno,Hatchback,Petrol,Automatic,West,Goa,Panaji,1,1154517.23,0.0011,1153282.43,79005.69,Credit Card
S01202,2023-01-15,C10808,Customer 0808,Volkswagen,Virtus,Sedan,Diesel,Manual,West,Goa,Margao,1,1378734.32,0.0604,1295485.65,213791.86,Bank Finance
S02206,2023-01-16,C10290,Customer 0290,Honda,Elevate,Sedan,Petrol,Manual,West,Goa,Margao,1,1850520.9,0.0343,1787067.57,315290.54,UPI
S00662,2023-01-16,C10220,Customer 0220,Honda,Amaze,SUV,Electric,Automatic,South,Kerala,Kochi,1,1042742.61,0.0651,974818.3,88017.64,Cash
S01212,2023-01-16,C10970,Customer 0970,Toyota,Innova HyCross,SUV,Petrol,Manual,North,Punjab,Amritsar,1,2250329.36,0.0848,2059588.4,311502.94,Credit Card
S02262,2023-01-16,C10682,Customer 0682,Honda,Amaze,Sedan,Electric,Manual,West,Goa,Margao,1,1540218.33,0.0614,1445585.85,172312.45,Cash
S03031,2023-01-17,C10349,Customer 0349,Honda,Amaze,Sedan,CNG,Automatic,South,Kerala,Thiruvananthapuram,1,2354231.71,0.0864,2150770.18,267357.48,Credit Card
S00698,2023-01-17,C10783,Customer 0783,Mahindra,Thar,SUV,Diesel,Automatic,West,Goa,Margao,1,2163273.72,0.0786,1993282.03,168749.11,UPI
S00734,2023-01-17,C10383,Customer 0383,Hyundai,Venue,Sedan,Diesel,Automatic,North,Punjab,Chandigarh,1,1184777.93,0.048,1127881.49,75795.5,Bank Finance
S00525,2023-01-18,C10953,Customer 0953,Tata,Altroz,SUV,Electric,Manual,West,Goa,Margao,1,2077522.88,0.0713,1929367.96,274526.47,Bank Finance
S04048,2023-01-19,C10101,Customer 0101,Honda,Amaze,SUV,Diesel,Automatic,North,Haryana,Gurugram,1,1875801.4,0.0755,1734250.67,200623.72,UPI
S01307,2023-01-19,C10678,Customer 0678,Tata,Safari,SUV,Petrol,Automatic,South,Andhra Pradesh,Visakhapatnam,1,2167658.14,0.0671,2022127.26,282379.98,Bank Finance
S01127,2023-01-19,C10713,Customer 0713,Kia,Seltos,MPV,Electric,Automatic,South,Andhra Pradesh,Visakhapatnam,1,1720176.98,0.0491,1635738.6,110814.4,Bank Finance
S03720,2023-01-19,C10139,Customer 0139,Volkswagen,Virtus,Sedan,Petrol,Automatic,North,Haryana,Gurugram,1,2181769.94,0.0787,2010013.31,239087.5,UPI
S00415,2023-01-19,C11199,Customer 1199,Toyota,Glanza,MPV,Diesel,Manual,North,Delhi,New Delhi,1,2176020.57,0.0575,2050999.98,202315.17,UPI
S02605,2023-01-19,C10196,Customer 0196,Honda,Elevate,SUV,Petrol,Manual,West,Goa,Panaji,1,1683960.9,0.0,1683960.9,251403.01,Cash
S04135,2023-01-19,C10032,Customer 0032,Honda,Amaze,SUV,Diesel,Automatic,West,Goa,Panaji,1,1075191.32,0.0489,1022609.63,69932.24,Bank Finance
S02875,2023-01-21,C10255,Customer 0255,Toyota,Glanza,SUV,Hybrid,Manual,East,Jharkhand,Jamshedpur,1,2560327.48,0.016,2519323.72,232545.52,Credit Card
S03335,2023-01-21,C10445,Customer 0445,Maruti Suzuki,Swift,Sedan,Hybrid,Automatic,West,Gujarat,Vadodara,1,1489484.31,0.0689,1386837.91,174746.34,Cash
S01032,2023-01-21,C10704,Customer 0704,Honda,City,SUV,Electric,Automatic,North,Punjab,Amritsar,1,836866.81,0.0229,817693.76,74417.75,Bank Finance
S04314,2023-01-21,C11157,Customer 1157,Maruti Suzuki,Grand Vitara,Hatchback,CNG,Manual,West,Goa,Panaji,1,1614111.46,0.0669,1506165.74,193697.18,Bank Finance
S02820,2023-01-21,C10172,Customer 0172,Toyota,Fortuner,Hatchback,Diesel,Automatic,North,Delhi,New Delhi,1,3771547.86,0.0373,3631040.63,360206.05,Cash
S03082,2023-01-22,C10345,Customer 0345,Honda,Amaze,Sedan,Petrol,Automatic,South,Andhra Pradesh,Vijayawada,1,1578234.94,0.082,1448858.85,128649.52,Credit Card
S01174,2023-01-22,C10070,Customer 0070,Kia,Seltos,SUV,Electric,Automatic,North,Punjab,Amritsar,1,2355977.95,0.0579,2219498.99,317417.06,Bank Finance
S04422,2023-01-22,C11103,Customer 1103,Honda,Elevate,Sedan,CNG,Automatic,North,Rajasthan,Udaipur,1,1968750.59,0.0638,1843188.13,185459.28,Bank Finance
S02048,2023-01-22,C10816,Customer 0816,Volkswagen,Taigun,Sedan,CNG,Manual,West,Maharashtra,Thane,1,1849666.24,0.0576,1743037.75,161211.69,Credit Card
S03447,2023-01-23,C10551,Customer 0551,Maruti Suzuki,Baleno,Hatchback,Diesel,Automatic,West,Maharashtra,Mumbai,1,1092801.78,0.0792,1006281.4,67797.8,UPI
S00342,2023-01-23,C10084,Customer 0084,Hyundai,Verna,SUV,Electric,Manual,West,Gujarat,Rajkot,1,2043659.48,0.0682,1904207.87,124502.15,Bank Finance
S02763,2023-01-24,C11110,Customer 1110,Mahindra,XUV 3XO,SUV,Hybrid,Manual,West,Maharashtra,Mumbai,1,2311249.11,0.0733,2141739.31,126093.12,Bank Finance
S00444,2023-01-24,C11062,Customer 1062,Honda,Amaze,SUV,Petrol,Automatic,South,Andhra Pradesh,Vijayawada,1,1258478.99,0.0517,1193473.36,138296.47,Bank Finance
S01538,2023-01-25,C11120,Customer 1120,Kia,Seltos,SUV,Petrol,Manual,South,Karnataka,Bengaluru,1,1362507.04,0.0179,1338101.24,151960.41,Bank Finance
S04321,2023-01-25,C10017,Customer 0017,Hyundai,Exter,Hatchback,CNG,Manual,West,Goa,Panaji,1,1907072.49,0.0001,1906971.77,181853.45,Cash
S03162,2023-01-25,C11078,Customer 1078,Tata,Punch,Hatchback,Petrol,Automatic,West,Gujarat,Surat,1,1748860.05,0.0536,1655061.29,180706.21,Bank Finance
S00765,2023-01-25,C11147,Customer 1147,Tata,Safari,Hatchback,Hybrid,Automatic,East,West Bengal,Siliguri,1,1182639.21,0.0877,1078932.61,123302.1,UPI
S00492,2023-01-26,C10244,Customer 0244,Toyota,Glanza,Hatchback,Petrol,Manual,East,Jharkhand,Ranchi,1,3150183.74,0.0393,3026329.33,105921.53,Bank Finance
S01753,2023-01-26,C11146,Customer 1146,Honda,Amaze,Sedan,Electric,Automatic,South,Karnataka,Bengaluru,1,2154654.08,0.0839,1973772.57,242154.53,UPI
S02813,2023-01-26,C10483,Customer 0483,Mahindra,XUV 3XO,SUV,Petrol,Automatic,West,Goa,Margao,1,2288460.49,0.054,2164819.22,323318.47,Bank Finance
S00973,2023-01-26,C11125,Customer 1125,Honda,City,Sedan,Diesel,Automatic,East,Jharkhand,Ranchi,1,1851411.43,0.0342,1788050.01,258841.7,Cash
S02811,2023-01-26,C10058,Customer 0058,Maruti Suzuki,Brezza,Sedan,Electric,Automatic,West,Gujarat,Ahmedabad,1,1656364.26,0.061,1555265.53,168194.81,UPI
S01895,2023-01-27,C10965,Customer 0965,Mahindra,Thar,SUV,Electric,Automatic,East,West Bengal,Siliguri,1,1521092.33,0.0681,1417550.38,206963.67,UPI
S00068,2023-01-27,C10998,Customer 0998,Toyota,Glanza,SUV,CNG,Automatic,East,Jharkhand,Jamshedpur,1,2625348.94,0.0628,2460601.54,318448.79,Bank Finance
S01438,2023-01-27,C10721,Customer 0721,Honda,City,Sedan,Petrol,Automatic,West,Maharashtra,Mumbai,1,1575497.16,0.075,1457296.87,154989.91,Cash
S02531,2023-01-28,C11083,Customer 1083,Maruti Suzuki,Swift,SUV,Petrol,Manual,West,Gujarat,Surat,1,1163113.15,0.0273,1131355.56,106964.14,Bank Finance
S00672,2023-01-28,C10426,Customer 0426,Toyota,Glanza,Hatchback,Hybrid,Manual,West,Gujarat,Ahmedabad,1,3187643.77,0.0188,3127615.55,323756.4,UPI
S00341,2023-01-29,C10266,Customer 0266,Kia,Sonet,SUV,CNG,Automatic,West,Goa,Panaji,1,1387814.5,0.0517,1316119.37,194377.03,Bank Finance
S03849,2023-01-29,C10325,Customer 0325,Kia,Sonet,MPV,Petrol,Automatic,South,Tamil Nadu,Madurai,1,876405.08,0.0646,819813.0,58967.91,UPI
S03187,2023-01-29,C10650,Customer 0650,Volkswagen,Taigun,SUV,Petrol,Manual,West,Maharashtra,Nagpur,1,3750620.93,0.0385,3606175.63,363953.94,Bank Finance
S04245,2023-01-29,C10019,Customer 0019,Hyundai,Verna,Sedan,Petrol,Automatic,West,Goa,Margao,1,1328533.3,0.0528,1258344.93,77129.92,Cash
S03385,2023-01-29,C11153,Customer 1153,Mahindra,XUV700,SUV,Diesel,Automatic,North,Punjab,Amritsar,1,1735745.39,0.0482,1652158.94,231262.88,UPI
S03505,2023-01-30,C10916,Customer 0916,Volkswagen,Virtus,Sedan,Petrol,Automatic,South,Karnataka,Mangaluru,1,1126504.64,0.0298,1092958.74,98524.83,Credit Card
S02514,2023-01-30,C10522,Customer 0522,Kia,Sonet,MPV,Hybrid,Automatic,West,Gujarat,Surat,1,1795574.12,0.0296,1742510.02,95440.9,Bank Finance
S04351,2023-01-30,C10268,Customer 0268,Kia,Carens,SUV,Diesel,Manual,West,Goa,Panaji,1,2411997.3,0.019,2366176.96,237157.69,Bank Finance
S02502,2023-01-30,C10787,Customer 0787,Volkswagen,Tiguan,SUV,Electric,Automatic,North,Haryana,Gurugram,1,3161377.78,0.0556,2985560.17,116527.96,Cash
S03121,2023-01-30,C10881,Customer 0881,Hyundai,Verna,Hatchback,Electric,Automatic,West,Goa,Margao,1,778434.79,0.0195,763219.41,80359.28,Bank Finance
S03283,2023-01-31,C10982,Customer 0982,Hyundai,Exter,SUV,Petrol,Automatic,West,Gujarat,Surat,1,873632.73,0.0848,799573.15,101583.87,Credit Card
S00083,2023-02-01,C10544,Customer 0544,Mahindra,Scorpio-N,SUV,Petrol,Manual,North,Rajasthan,Jaipur,1,973466.06,0.0319,942396.58,149978.36,Cash
S00588,2023-02-01,C11152,Customer 1152,Kia,Sonet,SUV,Electric,Automatic,North,Delhi,New Delhi,1,2245481.87,0.0204,2199772.45,76992.04,Cash
S04649,2023-02-01,C10978,Customer 0978,Volkswagen,Tiguan,Sedan,Petrol,Automatic,East,Odisha,Cuttack,1,2861228.84,0.0292,2777689.87,326283.05,Bank Finance
S02913,2023-02-02,C10174,Customer 0174,Toyota,Innova HyCross,MPV,Hybrid,Manual,North,Delhi,New Delhi,1,3098358.93,0.0787,2854559.45,374292.24,Credit Card
S01733,2023-02-03,C10652,Customer 0652,Maruti Suzuki,Swift,Sedan,CNG,Manual,North,Rajasthan,Jaipur,1,1372467.64,0.1387,1182085.67,166582.57,UPI
S02310,2023-02-03,C10019,Customer 0019,Tata,Harrier,SUV,Diesel,Automatic,South,Telangana,Hyderabad,1,2117682.13,0.0757,1957310.72,173701.74,Cash
S04864,2023-02-03,C11120,Customer 1120,Tata,Nexon,Hatchback,Petrol,Automatic,North,Uttar Pradesh,Kanpur,1,1155228.13,0.0382,1111096.28,109575.5,Cash
S03914,2023-02-04,C10834,Customer 0834,Kia,Sonet,SUV,CNG,Automatic,East,Odisha,Cuttack,1,1638888.19,0.0189,1607979.76,144478.55,Cash
S00750,2023-02-04,C10972,Customer 0972,Volkswagen,Taigun,Sedan,Petrol,Automatic,North,Punjab,Ludhiana,1,2304084.3,0.0913,2093611.24,115951.9,Credit Card
S03865,2023-02-04,C11069,Customer 1069,Hyundai,i20,Hatchback,Petrol,Automatic,North,Delhi,New Delhi,1,1514822.69,0.0572,1428210.24,181321.63,UPI
S00418,2023-02-04,C10814,Customer 0814,Kia,Carens,MPV,Petrol,Manual,South,Andhra Pradesh,Vijayawada,1,1317845.47,0.0463,1256874.33,66199.52,Bank Finance
S02460,2023-02-05,C10010,Customer 0010,Honda,Elevate,SUV,Diesel,Automatic,North,Punjab,Ludhiana,1,1297928.45,0.107,1159016.01,109873.26,UPI
S02689,2023-02-05,C11068,Customer 1068,Volkswagen,Tiguan,SUV,Diesel,Automatic,West,Gujarat,Surat,1,2945606.58,0.0494,2799991.32,394883.53,Bank Finance
S04443,2023-02-06,C10864,Customer 0864,Kia,Carens,MPV,Diesel,Automatic,North,Haryana,Faridabad,1,1487476.78,0.0535,1407881.69,118348.78,Bank Finance
S04080,2023-02-06,C10304,Customer 0304,Toyota,Fortuner,Hatchback,CNG,Automatic,South,Kerala,Kochi,1,4540435.47,0.0557,4287701.72,432768.67,UPI
S04467,2023-02-07,C10292,Customer 0292,Toyota,Glanza,SUV,Petrol,Automatic,North,Uttar Pradesh,Kanpur,1,3440286.25,0.0406,3300619.01,167021.22,Cash
S03097,2023-02-07,C11085,Customer 1085,Maruti Suzuki,Brezza,Hatchback,Diesel,Automatic,North,Punjab,Chandigarh,1,1184820.13,0.0625,1110798.67,141039.12,Cash
S02833,2023-02-08,C11003,Customer 1003,Tata,Nexon,Hatchback,Electric,Automatic,East,West Bengal,Siliguri,1,1252943.18,0.0826,1149437.15,169779.34,Bank Finance
S02390,2023-02-08,C10582,Customer 0582,Hyundai,Verna,Hatchback,Petrol,Manual,North,Punjab,Chandigarh,1,1329503.14,0.0961,1201707.26,77774.42,Bank Finance
S00217,2023-02-08,C10423,Customer 0423,Hyundai,Venue,Sedan,Petrol,Manual,South,Andhra Pradesh,Vijayawada,1,1607712.32,0.0475,1531396.27,153004.64,Credit Card
S01033,2023-02-09,C10179,Customer 0179,Toyota,Urban Cruiser Hyryder,Hatchback,Hybrid,Manual,North,Rajasthan,Jaipur,1,5107248.06,0.0199,5005710.42,654904.82,Bank Finance
S00680,2023-02-09,C10105,Customer 0105,Maruti Suzuki,Brezza,Sedan,Petrol,Automatic,South,Andhra Pradesh,Visakhapatnam,1,933492.08,0.0617,875922.91,112246.03,Bank Finance
S04073,2023-02-10,C11157,Customer 1157,Mahindra,Bolero,SUV,Petrol,Manual,North,Rajasthan,Udaipur,1,1130681.0,0.0,1130681.0,129198.88,Bank Finance
S02751,2023-02-10,C10716,Customer 0716,Mahindra,Bolero,SUV,Hybrid,Automatic,West,Gujarat,Surat,1,1486803.73,0.1091,1324555.33,192864.58,Bank Finance
S01584,2023-02-10,C10205,Customer 0205,Toyota,Fortuner,Hatchback,Diesel,Automatic,South,Andhra Pradesh,Visakhapatnam,1,4440149.33,0.0043,4421129.71,632311.37,Bank Finance
S00994,2023-02-11,C11039,Customer 1039,Maruti Suzuki,Grand Vitara,SUV,CNG,Automatic,North,Delhi,New Delhi,1,1409099.08,0.0694,1311323.14,222116.92,Bank Finance
S03329,2023-02-12,C10664,Customer 0664,Maruti Suzuki,Dzire,SUV,Hybrid,Automatic,West,Maharashtra,Thane,1,970549.31,0.0737,899047.88,128190.47,Bank Finance
S04330,2023-02-12,C10188,Customer 0188,Maruti Suzuki,Dzire,Hatchback,CNG,Manual,South,Tamil Nadu,Coimbatore,1,933737.94,0.0251,910290.26,60367.37,Cash
S02312,2023-02-12,C10608,Customer 0608,Toyota,Urban Cruiser Hyryder,MPV,Electric,Automatic,East,Jharkhand,Ranchi,1,3080627.59,0.0333,2978173.19,192119.74,Credit Card
S03710,2023-02-13,C10180,Customer 0180,Mahindra,XUV 3XO,SUV,Electric,Automatic,South,Tamil Nadu,Chennai,1,1951529.72,0.0883,1779302.57,173931.71,Cash
S03862,2023-02-13,C10240,Customer 0240,Hyundai,Exter,SUV,Diesel,Manual,East,Jharkhand,Ranchi,1,1727560.87,0.0453,1649282.73,138190.06,Credit Card
S02000,2023-02-13,C10470,Customer 0470,Tata,Nexon,Hatchback,Electric,Manual,North,Rajasthan,Jodhpur,1,1405829.44,0.0316,1361470.3,152892.65,Cash
S04396,2023-02-13,C10640,Customer 0640,Honda,Amaze,Sedan,Electric,Automatic,West,Maharashtra,Nagpur,1,923456.83,0.0306,895154.57,119221.4,Bank Finance
S04747,2023-02-13,C11038,Customer 1038,Maruti Suzuki,Baleno,Sedan,Hybrid,Manual,West,Gujarat,Surat,1,1236576.89,0.0373,1190450.38,148229.18,Cash
S03383,2023-02-14,C11025,Customer 1025,Hyundai,i20,SUV,Electric,Manual,North,Delhi,New Delhi,1,1362727.65,0.0754,1260032.22,112172.14,Bank Finance
S01946,2023-02-14,C11159,Customer 1159,Mahindra,Bolero,SUV,Petrol,Manual,East,Bihar,Patna,1,1779989.08,0.102,1598410.14,198996.04,Bank Finance
S01861,2023-02-14,C10574,Customer 0574,Kia,Seltos,SUV,Electric,Automatic,North,Haryana,Faridabad,1,1941603.39,0.0486,1847258.09,156068.73,Credit Card
S02592,2023-02-14,C10771,Customer 0771,Honda,Amaze,SUV,CNG,Manual,South,Karnataka,Bengaluru,1,1072148.25,0.0315,1038348.43,92591.31,UPI
S01830,2023-02-14,C10091,Customer 0091,Volkswagen,Taigun,Sedan,CNG,Automatic,West,Gujarat,Vadodara,1,1696116.26,0.0533,1605696.21,93643.08,Bank Finance
S02663,2023-02-15,C10150,Customer 0150,Maruti Suzuki,Baleno,Hatchback,Diesel,Automatic,West,Maharashtra,Pune,1,1291787.47,0.0642,1208909.12,173949.2,Credit Card
S02962,2023-02-15,C10165,Customer 0165,Tata,Harrier,SUV,CNG,Automatic,North,Haryana,Faridabad,1,1709984.67,0.0,1709984.67,263026.24,UPI
S02145,2023-02-15,C11026,Customer 1026,Tata,Altroz,SUV,Hybrid,Automatic,East,Odisha,Bhubaneswar,1,1663034.78,0.0855,1520827.63,183669.1,Cash
S04950,2023-02-15,C10653,Customer 0653,Tata,Safari,Hatchback,Petrol,Automatic,South,Karnataka,Mangaluru,1,1202420.88,0.0052,1196150.22,76704.43,Cash
S00516,2023-02-15,C10890,Customer 0890,Honda,City,Sedan,Petrol,Automatic,East,Bihar,Patna,1,1917562.81,0.1262,1675526.83,261170.79,Cash
S02852,2023-02-15,C10496,Customer 0496,Hyundai,Venue,Sedan,Diesel,Automatic,West,Gujarat,Ahmedabad,1,976550.71,0.0512,926570.86,109419.86,Bank Finance
S00913,2023-02-16,C10078,Customer 0078,Mahindra,Scorpio-N,SUV,Diesel,Automatic,West,Goa,Margao,1,1034937.78,0.0447,988639.14,81347.43,Bank Finance
S03246,2023-02-16,C10454,Customer 0454,Tata,Altroz,SUV,Hybrid,Automatic,East,West Bengal,Siliguri,1,2066675.39,0.0832,1894700.05,188895.73,UPI
S01347,2023-02-16,C10429,Customer 0429,Mahindra,Bolero,SUV,Petrol,Automatic,West,Goa,Panaji,1,1046306.59,0.0463,997821.28,104368.86,Credit Card
S03632,2023-02-17,C10224,Customer 0224,Honda,City,Sedan,Electric,Manual,North,Delhi,New Delhi,1,1659318.78,0.0703,1542600.97,223080.57,Credit Card
S01270,2023-02-17,C10595,Customer 0595,Toyota,Urban Cruiser Hyryder,SUV,CNG,Automatic,West,Goa,Panaji,1,1409942.32,0.0681,1313931.31,124808.28,Bank Finance
S02011,2023-02-17,C10515,Customer 0515,Tata,Nexon,Hatchback,Electric,Automatic,East,West Bengal,Kolkata,1,2271225.3,0.015,2237161.25,268193.68,Cash
S03880,2023-02-17,C11064,Customer 1064,Toyota,Innova HyCross,Hatchback,Diesel,Manual,South,Tamil Nadu,Madurai,1,3545276.95,0.0787,3266210.81,233923.64,Bank Finance
S01938,2023-02-18,C11103,Customer 1103,Toyota,Glanza,MPV,Petrol,Automatic,West,Goa,Margao,1,3911476.01,0.0107,3869643.97,492874.66,Bank Finance
S01274,2023-02-19,C11148,Customer 1148,Maruti Suzuki,Swift,Hatchback,Diesel,Manual,North,Uttar Pradesh,Lucknow,1,1448179.33,0.0459,1381733.55,145494.26,Cash
S00893,2023-02-19,C10836,Customer 0836,Volkswagen,Virtus,SUV,Hybrid,Automatic,South,Tamil Nadu,Madurai,1,2291511.51,0.0159,2254962.53,230196.68,Bank Finance
S00085,2023-02-19,C10926,Customer 0926,Toyota,Urban Cruiser Hyryder,Hatchback,Diesel,Manual,West,Gujarat,Ahmedabad,1,1899445.97,0.0762,1754719.61,270683.69,Credit Card
S01659,2023-02-20,C10764,Customer 0764,Maruti Suzuki,Baleno,Sedan,Hybrid,Automatic,North,Punjab,Chandigarh,1,1681460.56,0.0946,1522380.09,184883.51,Bank Finance
S02733,2023-02-20,C10522,Customer 0522,Kia,Seltos,MPV,Hybrid,Automatic,South,Andhra Pradesh,Vijayawada,1,754804.09,0.0852,690507.31,70108.81,Bank Finance
S02270,2023-02-20,C10096,Customer 0096,Volkswagen,Taigun,Sedan,Hybrid,Automatic,West,Maharashtra,Nashik,1,1948271.86,0.0,1948271.86,337583.58,Cash
S03837,2023-02-20,C11069,Customer 1069,Mahindra,XUV700,SUV,Hybrid,Manual,South,Andhra Pradesh,Vijayawada,1,2044255.64,0.0662,1908964.62,159085.36,Bank Finance
S04862,2023-02-20,C10946,Customer 0946,Hyundai,i20,SUV,Electric,Automatic,East,Odisha,Bhubaneswar,1,658243.05,0.0571,620640.57,92497.39,Bank Finance
S04103,2023-02-20,C10133,Customer 0133,Kia,Seltos,MPV,Petrol,Manual,West,Goa,Panaji,1,2266535.85,0.0629,2123888.52,237156.84,UPI
S00841,2023-02-21,C10960,Customer 0960,Tata,Altroz,SUV,Electric,Manual,East,Bihar,Gaya,1,1322941.79,0.0118,1307322.75,191737.52,Cash
S01475,2023-02-22,C10114,Customer 0114,Maruti Suzuki,Dzire,Hatchback,Hybrid,Automatic,South,Karnataka,Mysuru,1,902088.45,0.0518,855322.07,94884.94,Bank Finance
S04584,2023-02-23,C10389,Customer 0389,Volkswagen,Taigun,Sedan,Electric,Manual,West,Maharashtra,Pune,1,3295034.03,0.072,3057805.16,174955.62,Bank Finance
S00684,2023-02-23,C10342,Customer 0342,Toyota,Fortuner,SUV,Electric,Automatic,East,Jharkhand,Ranchi,1,3482385.65,0.0525,3299422.08,399861.27,Cash
S00911,2023-02-23,C10738,Customer 0738,Tata,Safari,SUV,CNG,Automatic,North,Uttar Pradesh,Kanpur,1,1601435.37,0.0278,1556838.73,116002.41,Credit Card
S02073,2023-02-24,C10593,Customer 0593,Tata,Harrier,SUV,Electric,Manual,South,Andhra Pradesh,Vijayawada,1,774396.28,0.0135,763946.4,97825.28,UPI
S00886,2023-02-24,C10843,Customer 0843,Tata,Nexon,Hatchback,Electric,Manual,North,Delhi,New Delhi,1,1374701.31,0.0864,1255991.04,71610.08,Credit Card
S00486,2023-02-25,C10991,Customer 0991,Toyota,Fortuner,MPV,CNG,Manual,West,Gujarat,Ahmedabad,1,4213846.54,0.1151,3728715.93,607198.04,Bank Finance
S02010,2023-02-25,C10354,Customer 0354,Tata,Harrier,Hatchback,Petrol,Automatic,West,Goa,Margao,1,1784048.8,0.045,1703832.01,178915.62,UPI
S04217,2023-02-25,C10497,Customer 0497,Volkswagen,Virtus,Sedan,Diesel,Manual,East,Bihar,Gaya,1,3109349.95,0.0333,3005789.44,237217.39,Credit Card
S02001,2023-02-26,C10489,Customer 0489,Honda,Elevate,SUV,Petrol,Automatic,East,Jharkhand,Ranchi,1,1547219.24,0.1093,1378052.54,270774.83,Bank Finance
S01407,2023-02-26,C11051,Customer 1051,Honda,Elevate,Sedan,Electric,Automatic,West,Gujarat,Rajkot,1,1731158.23,0.0349,1670808.07,158974.28,Bank Finance
S03939,2023-02-26,C10261,Customer 0261,Maruti Suzuki,Baleno,Sedan,Petrol,Manual,North,Haryana,Faridabad,1,1240877.36,0.0618,1164204.61,100248.25,Bank Finance
S04469,2023-02-27,C10676,Customer 0676,Volkswagen,Virtus,Sedan,Petrol,Manual,West,Gujarat,Rajkot,1,2916016.89,0.063,2732398.9,386844.66,Credit Card
S03060,2023-02-27,C10291,Customer 0291,Tata,Safari,SUV,Petrol,Manual,South,Telangana,Warangal,1,1054579.03,0.1116,936873.17,95787.03,UPI
S04356,2023-02-28,C11095,Customer 1095,Tata,Safari,Hatchback,Diesel,Automatic,South,Karnataka,Mangaluru,1,1193820.7,0.0259,1162869.78,136054.47,Bank Finance
S03305,2023-02-28,C10624,Customer 0624,Mahindra,XUV 3XO,SUV,Petrol,Automatic,West,Maharashtra,Nagpur,1,2202775.41,0.0608,2068904.86,149402.19,UPI
S00505,2023-02-28,C10344,Customer 0344,Maruti Suzuki,Brezza,Sedan,Diesel,Automatic,South,Andhra Pradesh,Visakhapatnam,1,751258.0,0.0939,680696.44,30125.03,UPI
S04573,2023-02-28,C10141,Customer 0141,Toyota,Innova HyCross,SUV,Petrol,Automatic,East,West Bengal,Kolkata,1,2445455.0,0.0269,2379656.94,273478.49,Bank Finance
S02431,2023-03-01,C10426,Customer 0426,Maruti Suzuki,Baleno,Sedan,Petrol,Manual,East,Jharkhand,Jamshedpur,1,1401645.44,0.0792,1290632.51,98943.55,UPI
S04860,2023-03-02,C10117,Customer 0117,Kia,Seltos,SUV,Diesel,Automatic,North,Delhi,New Delhi,1,1493906.98,0.0954,1351398.38,106135.97,Bank Finance
S00703,2023-03-03,C10134,Customer 0134,Hyundai,i20,Sedan,Electric,Automatic,North,Rajasthan,Udaipur,1,1372403.48,0.0562,1295210.88,179466.97,Cash
S04970,2023-03-03,C10634,Customer 0634,Toyota,Fortuner,SUV,Diesel,Manual,South,Karnataka,Bengaluru,1,3884288.7,0.0412,3724254.4,521007.45,Bank Finance
S04516,2023-03-03,C11167,Customer 1167,Hyundai,i20,Sedan,Petrol,Manual,North,Uttar Pradesh,Noida,1,1251025.89,0.0567,1180071.96,195854.1,Bank Finance
S00037,2023-03-04,C10403,Customer 0403,Maruti Suzuki,Dzire,Sedan,Petrol,Manual,South,Karnataka,Bengaluru,1,1434214.66,0.074,1328073.01,175116.17,Credit Card
S03589,2023-03-04,C11159,Customer 1159,Hyundai,i20,Hatchback,Electric,Manual,South,Andhra Pradesh,Visakhapatnam,1,1312880.91,0.0776,1210965.82,187353.48,Credit Card
S03372,2023-03-04,C10202,Customer 0202,Hyundai,Venue,SUV,Petrol,Automatic,South,Kerala,Kochi,1,1691411.41,0.0764,1562110.28,188343.07,Bank Finance
S04081,2023-03-04,C10005,Customer 0005,Maruti Suzuki,Swift,Hatchback,Diesel,Automatic,South,Tamil Nadu,Coimbatore,1,1427973.34,0.0649,1335362.15,148439.81,Bank Finance
S02947,2023-03-04,C10898,Customer 0898,Honda,City,Sedan,CNG,Automatic,North,Rajasthan,Udaipur,1,846648.98,0.053,801783.42,76563.26,Cash
S04823,2023-03-04,C10329,Customer 0329,Tata,Safari,SUV,Electric,Manual,East,West Bengal,Kolkata,1,2289664.9,0.061,2150090.0,217560.3,Cash
S00112,2023-03-05,C11046,Customer 1046,Kia,Carens,MPV,CNG,Automatic,South,Andhra Pradesh,Visakhapatnam,1,1596757.65,0.0791,1470405.31,192132.16,Bank Finance
S04713,2023-03-05,C10328,Customer 0328,Toyota,Glanza,Hatchback,CNG,Automatic,South,Andhra Pradesh,Vijayawada,1,1021459.97,0.0561,964186.13,66205.66,Bank Finance
S00519,2023-03-05,C10376,Customer 0376,Volkswagen,Tiguan,SUV,Petrol,Automatic,North,Haryana,Gurugram,1,2624543.88,0.0444,2508119.76,416248.39,Bank Finance
S02435,2023-03-05,C11043,Customer 1043,Maruti Suzuki,Swift,Sedan,Petrol,Manual,West,Goa,Panaji,1,1304054.58,0.0753,1205821.25,98205.28,Bank Finance
S02983,2023-03-05,C10489,Customer 0489,Kia,Seltos,SUV,Petrol,Automatic,West,Maharashtra,Mumbai,1,910126.45,0.0344,878851.29,95989.4,Bank Finance
S02769,2023-03-05,C10453,Customer 0453,Toyota,Fortuner,SUV,Diesel,Automatic,North,Haryana,Faridabad,1,3250633.21,0.0335,3141630.91,230669.82,Credit Card
S01819,2023-03-05,C10233,Customer 0233,Honda,Amaze,SUV,Petrol,Manual,North,Delhi,New Delhi,1,1861396.34,0.0507,1767014.53,353402.91,Cash
S03386,2023-03-05,C10701,Customer 0701,Mahindra,XUV700,SUV,Petrol,Automatic,South,Telangana,Warangal,1,2222239.01,0.1006,1998686.39,115978.18,Cash
S01965,2023-03-06,C11095,Customer 1095,Hyundai,Venue,Hatchback,Hybrid,Manual,North,Uttar Pradesh,Noida,1,1214893.37,0.0612,1140535.0,74792.48,UPI
S00605,2023-03-06,C10355,Customer 0355,Kia,Carens,MPV,Petrol,Manual,South,Tamil Nadu,Madurai,1,2316771.46,0.0,2316771.46,227367.14,Credit Card
S00222,2023-03-06,C10160,Customer 0160,Maruti Suzuki,Brezza,SUV,Diesel,Manual,East,Jharkhand,Jamshedpur,1,723827.61,0.0614,679374.31,57935.29,Bank Finance
S02325,2023-03-06,C10707,Customer 0707,Maruti Suzuki,Swift,Sedan,Petrol,Manual,West,Maharashtra,Nagpur,1,997350.36,0.0618,935725.02,63751.88,Credit Card
S02015,2023-03-07,C10111,Customer 0111,Mahindra,Scorpio-N,SUV,CNG,Manual,West,Goa,Panaji,1,1429253.42,0.0772,1318865.29,151768.61,Credit Card
S00552,2023-03-07,C10177,Customer 0177,Toyota,Innova HyCross,MPV,Petrol,Automatic,South,Karnataka,Mysuru,1,2184462.25,0.0354,2107208.52,137477.09,UPI
S01816,2023-03-07,C10665,Customer 0665,Toyota,Urban Cruiser Hyryder,Hatchback,Petrol,Manual,South,Andhra Pradesh,Vijayawada,1,4250889.69,0.0657,3971612.32,494859.0,Credit Card
S03067,2023-03-07,C10609,Customer 0609,Tata,Safari,Hatchback,Petrol,Manual,West,Goa,Margao,1,1066695.91,0.1118,947403.83,104269.26,Credit Card
S04063,2023-03-08,C10733,Customer 0733,Tata,Punch,Hatchback,Diesel,Automatic,West,Gujarat,Rajkot,1,971226.17,0.0804,893137.44,148997.58,UPI
S04175,2023-03-08,C10801,Customer 0801,Maruti Suzuki,Baleno,Sedan,Petrol,Manual,South,Kerala,Thiruvananthapuram,1,912794.69,0.0959,825220.77,83839.16,Bank Finance
S03470,2023-03-08,C10256,Customer 0256,Hyundai,Verna,Hatchback,Petrol,Automatic,South,Telangana,Warangal,1,1013880.61,0.0435,969744.87,128675.62,Bank Finance
S04268,2023-03-08,C11163,Customer 1163,Toyota,Glanza,MPV,Diesel,Manual,West,Gujarat,Rajkot,1,4840944.86,0.0645,4528612.87,454277.02,UPI
S02890,2023-03-08,C10489,Customer 0489,Hyundai,Exter,Sedan,Petrol,Automatic,East,West Bengal,Siliguri,1,828940.95,0.111,736921.15,104141.96,UPI
S00118,2023-03-09,C11125,Customer 1125,Hyundai,Venue,Sedan,Hybrid,Automatic,South,Telangana,Warangal,1,925337.39,0.0516,877573.1,86590.78,UPI
S01885,2023-03-09,C10233,Customer 0233,Mahindra,Bolero,SUV,CNG,Automatic,North,Rajasthan,Jaipur,1,2084302.36,0.053,1973921.89,250102.29,Cash
S01210,2023-03-09,C11005,Customer 1005,Tata,Punch,Hatchback,Diesel,Automatic,South,Telangana,Warangal,1,1623865.15,0.0331,1570132.35,153553.65,UPI
S00850,2023-03-09,C10423,Customer 0423,Toyota,Glanza,MPV,CNG,Automatic,South,Karnataka,Mysuru,1,1105085.02,0.0596,1039235.81,36373.25,UPI
S01085,2023-03-10,C10972,Customer 0972,Volkswagen,Taigun,Sedan,Diesel,Manual,East,Bihar,Patna,1,1346822.61,0.0787,1240851.63,165288.67,Cash
S01025,2023-03-10,C10066,Customer 0066,Volkswagen,Tiguan,Sedan,Petrol,Manual,North,Uttar Pradesh,Kanpur,1,1449417.53,0.0468,1381653.56,174786.3,Bank Finance
S02701,2023-03-10,C10069,Customer 0069,Tata,Altroz,Hatchback,Petrol,Manual,South,Kerala,Kochi,1,764681.18,0.0346,738256.75,82253.8,Cash
S02549,2023-03-10,C10986,Customer 0986,Maruti Suzuki,Baleno,Hatchback,Diesel,Manual,East,Odisha,Bhubaneswar,1,1313923.25,0.0737,1217084.29,132794.79,UPI
S02938,2023-03-12,C10884,Customer 0884,Honda,Elevate,SUV,Diesel,Manual,South,Tamil Nadu,Coimbatore,1,1644362.6,0.0233,1605975.15,133115.53,Bank Finance
S00094,2023-03-12,C11139,Customer 1139,Honda,City,Sedan,Petrol,Manual,West,Gujarat,Ahmedabad,1,2071694.13,0.0517,1964576.25,365819.94,Credit Card
S00762,2023-03-12,C10920,Customer 0920,Toyota,Urban Cruiser Hyryder,MPV,Electric,Automatic,South,Tamil Nadu,Chennai,1,4636372.71,0.0847,4243728.52,655355.45,UPI
S01801,2023-03-12,C10669,Customer 0669,Mahindra,Scorpio-N,SUV,Petrol,Automatic,South,Andhra Pradesh,Visakhapatnam,1,1925576.93,0.1231,1688528.45,183481.0,Bank Finance
S02194,2023-03-13,C10936,Customer 0936,Honda,City,Sedan,Electric,Automatic,North,Uttar Pradesh,Lucknow,1,2142682.75,0.0483,2039178.06,278584.04,Credit Card
S01903,2023-03-13,C11062,Customer 1062,Honda,Elevate,SUV,CNG,Automatic,South,Kerala,Thiruvananthapuram,1,934425.77,0.0783,861271.89,96371.87,UPI
S01271,2023-03-13,C10852,Customer 0852,Mahindra,Bolero,SUV,Hybrid,Manual,West,Goa,Panaji,1,1040928.52,0.0478,991208.7,104658.54,Bank Finance
S01661,2023-03-13,C10023,Customer 0023,Honda,Elevate,Sedan,Electric,Automatic,West,Maharashtra,Thane,1,1431428.12,0.0072,1421064.25,210697.12,Bank Finance
S01649,2023-03-13,C10694,Customer 0694,Hyundai,Verna,SUV,Petrol,Automatic,North,Uttar Pradesh,Noida,1,1083072.44,0.0762,1000522.51,48219.96,Bank Finance
S03876,2023-03-13,C11057,Customer 1057,Kia,Seltos,SUV,CNG,Automatic,South,Andhra Pradesh,Vijayawada,1,1108496.96,0.0692,1031742.36,88711.32,Bank Finance
S04450,2023-03-13,C10576,Customer 0576,Hyundai,Verna,SUV,Petrol,Manual,South,Karnataka,Bengaluru,1,773475.33,0.0575,729003.2,70322.39,Credit Card
S02587,2023-03-14,C10407,Customer 0407,Toyota,Fortuner,MPV,CNG,Automatic,West,Maharashtra,Pune,1,1878943.53,0.0547,1776171.16,128522.39,Bank Finance
S00182,2023-03-14,C10809,Customer 0809,Tata,Harrier,SUV,Petrol,Automatic,West,Goa,Panaji,1,1728360.41,0.0461,1648700.38,89947.87,UPI
S00102,2023-03-14,C10266,Customer 0266,Volkswagen,Taigun,Sedan,Diesel,Automatic,North,Rajasthan,Jodhpur,1,1504819.33,0.0321,1456456.22,98923.8,Bank Finance
S00379,2023-03-14,C10664,Customer 0664,Volkswagen,Taigun,Sedan,Electric,Automatic,West,Goa,Margao,1,2212863.24,0.029,2148778.0,173816.72,UPI
S01817,2023-03-14,C10735,Customer 0735,Maruti Suzuki,Swift,Hatchback,CNG,Automatic,West,Gujarat,Vadodara,1,1435959.66,0.0095,1422268.9,157677.37,UPI
S03016,2023-03-14,C10294,Customer 0294,Honda,City,SUV,Petrol,Manual,West,Maharashtra,Thane,1,1677521.24,0.0104,1660149.89,238471.45,Credit Card
S01803,2023-03-14,C11132,Customer 1132,Tata,Altroz,Hatchback,Petrol,Automatic,North,Rajasthan,Jodhpur,1,722501.21,0.0739,669084.13,86830.05,Bank Finance
S02106,2023-03-15,C10357,Customer 0357,Mahindra,XUV700,SUV,Petrol,Manual,South,Andhra Pradesh,Visakhapatnam,1,1209673.78,0.03,1173424.77,95740.98,Bank Finance
S01398,2023-03-15,C10643,Customer 0643,Hyundai,Verna,SUV,Diesel,Manual,South,Karnataka,Bengaluru,1,1006171.64,0.1073,898202.05,95890.75,Bank Finance
S02299,2023-03-15,C10985,Customer 0985,Hyundai,Exter,Hatchback,CNG,Manual,South,Telangana,Warangal,1,788257.94,0.063,738634.74,99049.48,UPI
S01611,2023-03-15,C10702,Customer 0702,Hyundai,Creta,Sedan,Diesel,Automatic,West,Goa,Panaji,1,1096383.7,0.0614,1029020.1,93631.88,Credit Card
S02289,2023-03-16,C10377,Customer 0377,Tata,Safari,SUV,Hybrid,Automatic,East,Odisha,Cuttack,1,1861681.64,0.0703,1730839.02,165620.86,Bank Finance
S04293,2023-03-16,C10669,Customer 0669,Mahindra,Scorpio-N,SUV,CNG,Manual,South,Kerala,Thiruvananthapuram,1,1149493.04,0.0667,1072848.41,88237.89,Cash
S02155,2023-03-16,C10825,Customer 0825,Hyundai,i20,Sedan,CNG,Automatic,East,Odisha,Cuttack,1,1559994.91,0.0314,1511011.17,152384.14,UPI
S04055,2023-03-17,C10546,Customer 0546,Tata,Harrier,SUV,Petrol,Automatic,North,Punjab,Amritsar,1,1070390.66,0.0808,983872.17,117519.22,Credit Card
S02867,2023-03-17,C10040,Customer 0040,Kia,Seltos,MPV,Diesel,Automatic,South,Andhra Pradesh,Visakhapatnam,1,1833643.59,0.0364,1766910.36,77817.29,Bank Finance
S02242,2023-03-18,C10733,Customer 0733,Mahindra,Thar,SUV,CNG,Automatic,South,Andhra Pradesh,Visakhapatnam,1,1025164.89,0.0609,962727.19,89473.75,Bank Finance
S02545,2023-03-18,C10261,Customer 0261,Honda,Amaze,SUV,Diesel,Automatic,East,Jharkhand,Ranchi,1,1986503.67,0.0524,1882480.06,187601.76,UPI
S01261,2023-03-19,C10624,Customer 0624,Honda,Elevate,SUV,Electric,Manual,West,Maharashtra,Mumbai,1,1193010.15,0.1223,1047117.7,155462.78,Cash
S02784,2023-03-19,C10722,Customer 0722,Kia,Seltos,MPV,Diesel,Automatic,North,Punjab,Ludhiana,1,2159933.14,0.0527,2046202.9,291017.38,Bank Finance
S03799,2023-03-19,C10870,Customer 0870,Tata,Harrier,SUV,CNG,Automatic,East,Bihar,Gaya,1,969603.31,0.0565,914814.13,108717.73,UPI
S03527,2023-03-19,C10150,Customer 0150,Maruti Suzuki,Brezza,Sedan,CNG,Automatic,North,Delhi,New Delhi,1,1430523.24,0.0793,1317131.54,46099.6,Bank Finance
S03328,2023-03-19,C10790,Customer 0790,Mahindra,XUV700,SUV,Electric,Automatic,East,Jharkhand,Jamshedpur,1,1709213.02,0.0574,1611099.04,108682.71,Bank Finance
S03030,2023-03-20,C10903,Customer 0903,Honda,Elevate,SUV,Petrol,Automatic,West,Goa,Margao,1,747456.09,0.0196,732781.65,76185.48,Cash
S04998,2023-03-20,C10534,Customer 0534,Honda,Amaze,Sedan,Electric,Manual,South,Kerala,Kochi,1,1482485.28,0.006,1473644.12,167196.85,Bank Finance
S03683,2023-03-21,C10745,Customer 0745,Hyundai,Verna,Sedan,Diesel,Automatic,West,Goa,Panaji,1,1281619.5,0.0608,1203710.01,155569.23,Bank Finance
S02740,2023-03-21,C10790,Customer 0790,Maruti Suzuki,Swift,SUV,Petrol,Automatic,West,Gujarat,Rajkot,1,1321821.05,0.0234,1290887.34,173190.52,UPI
S02873,2023-03-21,C10253,Customer 0253,Mahindra,Bolero,SUV,Diesel,Manual,North,Uttar Pradesh,Kanpur,1,2030005.3,0.0602,1907770.73,292672.41,Bank Finance
S01104,2023-03-22,C10261,Customer 0261,Toyota,Glanza,MPV,Diesel,Manual,West,Maharashtra,Thane,1,4170129.46,0.0591,3923531.33,337904.46,Credit Card
S00788,2023-03-22,C10595,Customer 0595,Kia,Sonet,MPV,Hybrid,Automatic,West,Maharashtra,Nashik,1,1930223.24,0.0666,1801727.03,201767.79,Bank Finance
S03460,2023-03-22,C10283,Customer 0283,Tata,Safari,Hatchback,Petrol,Automatic,South,Karnataka,Mangaluru,1,1918694.01,0.0482,1826246.65,236333.23,UPI
S01681,2023-03-22,C10128,Customer 0128,Volkswagen,Virtus,Sedan,Petrol,Manual,West,Goa,Panaji,1,2417885.96,0.038,2326016.97,229588.12,Bank Finance
S02110,2023-03-22,C10341,Customer 0341,Hyundai,Verna,Sedan,Petrol,Automatic,North,Uttar Pradesh,Lucknow,1,1320285.32,0.0444,1261663.37,208331.66,Bank Finance
S01455,2023-03-22,C10377,Customer 0377,Toyota,Innova HyCross,MPV,Electric,Manual,East,West Bengal,Kolkata,1,1944625.21,0.0503,1846896.4,158495.64,Bank Finance
S04026,2023-03-22,C11188,Customer 1188,Tata,Altroz,Hatchback,Petrol,Manual,West,Gujarat,Rajkot,1,2094131.74,0.0506,1988124.09,188929.68,Cash
S00860,2023-03-23,C10391,Customer 0391,Toyota,Fortuner,SUV,CNG,Automatic,West,Gujarat,Rajkot,1,2769947.0,0.0916,2516100.55,153096.92,Credit Card
S01626,2023-03-23,C10751,Customer 0751,Volkswagen,Taigun,SUV,Electric,Manual,North,Haryana,Gurugram,1,3388766.74,0.0,3388766.74,422118.22,UPI
S00080,2023-03-23,C10536,Customer 0536,Tata,Nexon,Hatchback,Petrol,Manual,West,Gujarat,Ahmedabad,1,1244908.29,0.0339,1202673.53,83335.85,Credit Card
S04875,2023-03-23,C10423,Customer 0423,Tata,Safari,Hatchback,CNG,Manual,East,West Bengal,Siliguri,1,1874791.78,0.1031,1681481.65,157451.44,Credit Card
S04820,2023-03-23,C10417,Customer 0417,Tata,Altroz,SUV,Diesel,Automatic,South,Tamil Nadu,Coimbatore,1,1191811.53,0.0422,1141551.53,123169.06,Credit Card
S01929,2023-03-24,C10691,Customer 0691,Hyundai,i20,Sedan,CNG,Manual,South,Andhra Pradesh,Visakhapatnam,1,1129978.39,0.0805,1038993.62,67663.56,Cash
S04897,2023-03-25,C10383,Customer 0383,Hyundai,Venue,Hatchback,Petrol,Manual,West,Goa,Panaji,1,1455713.99,0.0562,1373836.93,132758.37,Bank Finance
S01723,2023-03-25,C10669,Customer 0669,Hyundai,Exter,SUV,CNG,Manual,North,Haryana,Faridabad,1,1969499.25,0.0722,1827397.62,230273.06,Cash
S03395,2023-03-25,C11007,Customer 1007,Kia,Seltos,MPV,CNG,Automatic,East,Jharkhand,Jamshedpur,1,1993996.19,0.0489,1896401.51,215925.42,Bank Finance
S04398,2023-03-25,C10378,Customer 0378,Tata,Safari,Hatchback,Diesel,Manual,West,Goa,Panaji,1,1513288.63,0.0941,1370910.62,183276.68,Bank Finance
S01315,2023-03-25,C10926,Customer 0926,Volkswagen,Taigun,Sedan,CNG,Automatic,West,Maharashtra,Nashik,1,2181317.28,0.0467,2079470.3,237347.55,Bank Finance
S03078,2023-03-26,C10866,Customer 0866,Maruti Suzuki,Baleno,Hatchback,Diesel,Manual,South,Tamil Nadu,Chennai,1,1098735.91,0.0198,1076980.62,117261.19,UPI
S01872,2023-03-26,C10229,Customer 0229,Maruti Suzuki,Brezza,Hatchback,Electric,Automatic,North,Uttar Pradesh,Lucknow,1,1383517.55,0.0584,1302738.89,105343.01,Bank Finance
S02153,2023-03-26,C10688,Customer 0688,Volkswagen,Tiguan,SUV,Electric,Manual,South,Telangana,Warangal,1,1079143.3,0.0764,996734.33,63839.94,Cash
S04437,2023-03-26,C10664,Customer 0664,Volkswagen,Virtus,Sedan,Petrol,Manual,West,Goa,Margao,1,2384541.39,0.0538,2256134.64,315714.52,Credit Card
S00537,2023-03-26,C10921,Customer 0921,Honda,Amaze,SUV,Hybrid,Manual,West,Gujarat,Vadodara,1,1682572.24,0.0571,1586439.21,172953.54,Credit Card
S02355,2023-03-27,C10613,Customer 0613,Honda,Amaze,Sedan,Petrol,Automatic,East,Odisha,Cuttack,1,1180757.06,0.0219,1154893.36,119628.74,UPI
S01839,2023-03-27,C10877,Customer 0877,Tata,Safari,Hatchback,CNG,Automatic,North,Uttar Pradesh,Kanpur,1,1721068.06,0.0682,1603776.98,251042.5,Bank Finance
S04878,2023-03-27,C10082,Customer 0082,Honda,Amaze,SUV,CNG,Automatic,West,Maharashtra,Thane,1,1775247.26,0.1022,1593792.25,238603.97,Bank Finance
S01616,2023-03-27,C10966,Customer 0966,Tata,Punch,Hatchback,Diesel,Automatic,West,Gujarat,Rajkot,1,1078384.44,0.0559,1018102.53,84222.61,UPI
S00013,2023-03-27,C10664,Customer 0664,Honda,Elevate,Sedan,Petrol,Automatic,West,Gujarat,Surat,1,1680461.36,0.0188,1648885.21,169764.4,UPI
S04982,2023-03-28,C10023,Customer 0023,Toyota,Fortuner,SUV,Diesel,Automatic,North,Uttar Pradesh,Noida,1,4393044.42,0.0551,4151036.86,345580.57,UPI
S00381,2023-03-29,C10032,Customer 0032,Honda,City,SUV,Diesel,Manual,South,Karnataka,Bengaluru,1,2376073.42,0.0456,2267740.31,137835.92,Cash
S01009,2023-03-30,C11112,Customer 1112,Volkswagen,Virtus,Sedan,Diesel,Automatic,South,Telangana,Warangal,1,1550554.67,0.043,1483895.86,261419.78,Credit Card
S00721,2023-03-30,C10818,Customer 0818,Maruti Suzuki,Swift,Sedan,Diesel,Automatic,South,Andhra Pradesh,Visakhapatnam,1,722237.41,0.0403,693114.46,52425.79,Bank Finance
S03700,2023-03-30,C10818,Customer 0818,Maruti Suzuki,Brezza,Hatchback,Diesel,Manual,North,Uttar Pradesh,Kanpur,1,1325808.82,0.0501,1259400.59,114207.69,Bank Finance
S04723,2023-03-30,C10226,Customer 0226,Volkswagen,Tiguan,Sedan,Electric,Manual,South,Tamil Nadu,Coimbatore,1,2881149.58,0.0507,2735028.07,448261.97,Credit Card
S01153,2023-03-30,C11066,Customer 1066,Kia,Carens,MPV,Petrol,Manual,East,Jharkhand,Jamshedpur,1,1337737.96,0.1026,1200441.01,55312.61,UPI
S01430,2023-03-30,C10314,Customer 0314,Maruti Suzuki,Baleno,Hatchback,Electric,Manual,East,Jharkhand,Jamshedpur,1,1384791.85,0.0288,1344883.04,147847.03,Bank Finance
S01727,2023-03-31,C10878,Customer 0878,Honda,City,SUV,CNG,Manual,North,Haryana,Gurugram,1,1084233.03,0.0351,1046184.96,89972.28,Bank Finance
S04610,2023-03-31,C11085,Customer 1085,Hyundai,Exter,Sedan,Diesel,Automatic,East,West Bengal,Kolkata,1,1516256.83,0.0494,1441389.55,180763.77,Credit Card
S00667,2023-03-31,C10858,Customer 0858,Hyundai,Exter,Hatchback,Hybrid,Automatic,East,Odisha,Cuttack,1,1983228.62,0.0733,1837785.19,219935.3,Cash
S01763,2023-04-01,C10956,Customer 0956,Honda,City,Sedan,Diesel,Automatic,East,Jharkhand,Jamshedpur,1,1963776.83,0.0485,1868522.71,309050.89,Cash
S03668,2023-04-01,C10510,Customer 0510,Toyota,Urban Cruiser Hyryder,SUV,CNG,Automatic,West,Goa,Panaji,1,2031745.59,0.0642,1901356.83,81747.64,Bank Finance
S01756,2023-04-02,C11075,Customer 1075,Hyundai,i20,Hatchback,CNG,Automatic,West,Goa,Panaji,1,1041966.91,0.0734,965536.32,111552.68,UPI
S00827,2023-04-02,C10034,Customer 0034,Tata,Altroz,Hatchback,Petrol,Manual,North,Uttar Pradesh,Lucknow,1,1799447.57,0.0357,1735273.23,133021.02,UPI
S03205,2023-04-03,C10930,Customer 0930,Toyota,Urban Cruiser Hyryder,MPV,Petrol,Manual,North,Delhi,New Delhi,1,1063112.95,0.0297,1031542.09,76487.55,Bank Finance
S02620,2023-04-03,C10059,Customer 0059,Hyundai,Venue,SUV,Hybrid,Manual,North,Punjab,Ludhiana,1,778316.9,0.0948,704507.93,105368.46,Bank Finance
S03546,2023-04-04,C10659,Customer 0659,Honda,City,Sedan,Hybrid,Manual,North,Uttar Pradesh,Kanpur,1,1965674.24,0.0487,1869968.19,131083.77,Credit Card
S02074,2023-04-04,C10097,Customer 0097,Maruti Suzuki,Dzire,Sedan,Electric,Automatic,East,West Bengal,Siliguri,1,891327.61,0.0515,845394.76,104740.97,Credit Card
S00701,2023-04-05,C10005,Customer 0005,Toyota,Innova HyCross,SUV,Petrol,Automatic,North,Delhi,New Delhi,1,4816918.16,0.0552,4550946.76,435378.21,Bank Finance
S04387,2023-04-05,C10083,Customer 0083,Mahindra,XUV700,SUV,CNG,Manual,South,Andhra Pradesh,Visakhapatnam,1,2250791.35,0.0246,2195491.1,335153.82,UPI
S03190,2023-04-05,C10342,Customer 0342,Mahindra,Scorpio-N,SUV,Diesel,Automatic,West,Goa,Margao,1,2173123.81,0.068,2025284.17,189035.9,Bank Finance
S03057,2023-04-05,C10126,Customer 0126,Mahindra,XUV 3XO,SUV,Diesel,Automatic,South,Karnataka,Mysuru,1,1054372.35,0.0219,1031253.14,66924.38,Bank Finance
S01267,2023-04-06,C10820,Customer 0820,Honda,Elevate,Sedan,Electric,Manual,East,Odisha,Bhubaneswar,1,1494471.49,0.089,1361434.27,80491.63,UPI
S04259,2023-04-06,C10378,Customer 0378,Toyota,Urban Cruiser Hyryder,MPV,Diesel,Automatic,West,Goa,Margao,1,3705702.45,0.0144,3652320.36,488110.61,Credit Card
S04025,2023-04-07,C10326,Customer 0326,Hyundai,Exter,Hatchback,Petrol,Manual,West,Gujarat,Rajkot,1,1932190.78,0.0768,1783778.47,162186.01,Credit Card
S01901,2023-04-07,C11113,Customer 1113,Toyota,Fortuner,Hatchback,Diesel,Manual,South,Karnataka,Mysuru,1,3149465.12,0.0861,2878254.27,321203.09,Bank Finance
S01612,2023-04-07,C11051,Customer 1051,Mahindra,Bolero,SUV,Petrol,Automatic,East,West Bengal,Siliguri,1,1281737.13,0.0374,1233794.49,96871.54,Bank Finance
S03266,2023-04-07,C11062,Customer 1062,Maruti Suzuki,Brezza,Sedan,Electric,Manual,East,Odisha,Cuttack,1,1715895.13,0.0263,1670758.12,192589.78,Cash
S03117,2023-04-07,C10769,Customer 0769,Maruti Suzuki,Swift,Hatchback,Petrol,Automatic,South,Tamil Nadu,Chennai,1,1048455.3,0.0242,1023070.62,98508.09,Cash
S00089,2023-04-08,C10346,Customer 0346,Volkswagen,Tiguan,Sedan,Petrol,Automatic,East,West Bengal,Kolkata,1,2843591.61,0.0457,2713687.19,473590.69,Bank Finance
S01299,2023-04-08,C10024,Customer 0024,Maruti Suzuki,Brezza,SUV,Petrol,Automatic,North,Uttar Pradesh,Lucknow,1,856712.47,0.0855,783495.89,71158.68,Cash
S00286,2023-04-09,C10096,Customer 0096,Maruti Suzuki,Swift,SUV,Petrol,Manual,East,Odisha,Cuttack,1,1024983.49,0.0781,944909.62,72120.35,Bank Finance
S00634,2023-04-09,C10445,Customer 0445,Maruti Suzuki,Dzire,Hatchback,Diesel,Manual,West,Gujarat,Surat,1,1698894.36,0.0602,1596597.47,188671.39,Bank Finance
S02179,2023-04-10,C11197,Customer 1197,Volkswagen,Tiguan,Sedan,Petrol,Manual,South,Kerala,Kochi,1,2171906.9,0.0545,2053520.73,225870.94,Bank Finance
S00382,2023-04-10,C11132,Customer 1132,Volkswagen,Taigun,SUV,Petrol,Manual,South,Andhra Pradesh,Vijayawada,1,1681891.44,0.0288,1633499.31,250573.86,Credit Card
S04547,2023-04-10,C10431,Customer 0431,Honda,City,Sedan,Petrol,Manual,North,Punjab,Amritsar,1,1923867.56,0.0532,1821590.5,177198.25,Bank Finance
S00620,2023-04-11,C10227,Customer 0227,Volkswagen,Taigun,SUV,Diesel,Manual,South,Kerala,Thiruvananthapuram,1,1224443.91,0.0443,1170161.31,152087.27,Bank Finance
S04806,2023-04-11,C10330,Customer 0330,Toyota,Glanza,SUV,CNG,Automatic,North,Uttar Pradesh,Lucknow,1,3433020.52,0.0253,3346241.35,478550.89,Cash
S02309,2023-04-11,C10510,Customer 0510,Honda,Elevate,Sedan,Petrol,Automatic,West,Maharashtra,Nashik,1,1153766.23,0.1005,1037857.33,107718.73,Bank Finance
S01056,2023-04-12,C10611,Customer 0611,Volkswagen,Taigun,Sedan,Hybrid,Automatic,North,Haryana,Faridabad,1,2195881.99,0.0575,2069620.27,145392.64,Bank Finance
S02786,2023-04-12,C10540,Customer 0540,Maruti Suzuki,Brezza,Sedan,Electric,Automatic,West,Maharashtra,Nashik,1,831535.48,0.0261,809847.66,105773.11,UPI
S02924,2023-04-12,C10715,Customer 0715,Toyota,Urban Cruiser Hyryder,MPV,Electric,Manual,East,Bihar,Gaya,1,1221256.19,0.0411,1171088.64,72968.83,Credit Card
S02276,2023-04-12,C11197,Customer 1197,Mahindra,XUV700,SUV,Diesel,Manual,West,Maharashtra,Pune,1,947825.78,0.0777,874151.92,123806.1,Cash
S00907,2023-04-13,C10621,Customer 0621,Hyundai,Exter,SUV,Electric,Automatic,West,Gujarat,Rajkot,1,1369953.23,0.0486,1303433.31,173358.94,UPI
S00230,2023-04-13,C10553,Customer 0553,Tata,Punch,Hatchback,Hybrid,Automatic,South,Tamil Nadu,Coimbatore,1,1005321.61,0.0651,939901.62,105806.85,Credit Card
S04494,2023-04-14,C10889,Customer 0889,Volkswagen,Tiguan,Sedan,Petrol,Manual,South,Karnataka,Bengaluru,1,1655713.22,0.0365,1595199.96,154726.5,UPI
S02707,2023-04-14,C11150,Customer 1150,Kia,Carens,MPV,CNG,Automatic,West,Goa,Panaji,1,995907.7,0.0461,949991.15,95460.84,Credit Card
S04125,2023-04-14,C10818,Customer 0818,Hyundai,Verna,Hatchback,Diesel,Manual,North,Uttar Pradesh,Noida,1,1175927.5,0.0488,1118488.84,173706.8,Bank Finance
S04399,2023-04-14,C10576,Customer 0576,Hyundai,i20,Sedan,Petrol,Automatic,South,Andhra Pradesh,Visakhapatnam,1,947808.21,0.0522,898330.37,65522.34,Bank Finance
S00104,2023-04-15,C10418,Customer 0418,Toyota,Urban Cruiser Hyryder,SUV,Diesel,Manual,South,Telangana,Warangal,1,3538316.95,0.0714,3285695.97,435848.85,Cash
S01548,2023-04-15,C10541,Customer 0541,Volkswagen,Tiguan,Sedan,Petrol,Automatic,North,Rajasthan,Udaipur,1,1598023.02,0.0558,1508844.97,67641.26,Cash
S02278,2023-04-15,C10700,Customer 0700,Honda,Elevate,SUV,CNG,Manual,North,Punjab,Ludhiana,1,2062476.39,0.0916,1873623.19,223865.96,Cash
S03132,2023-04-15,C10859,Customer 0859,Mahindra,XUV700,SUV,Diesel,Automatic,North,Uttar Pradesh,Kanpur,1,2195272.08,0.0511,2083061.98,143475.09,UPI
S03946,2023-04-15,C10338,Customer 0338,Mahindra,Thar,SUV,Electric,Manual,North,Uttar Pradesh,Noida,1,2040074.37,0.0419,1954649.76,185532.51,Credit Card
S03497,2023-04-15,C10682,Customer 0682,Volkswagen,Virtus,SUV,Electric,Manual,South,Andhra Pradesh,Vijayawada,1,1093256.9,0.061,1026595.95,106014.17,Bank Finance
S01874,2023-04-15,C10034,Customer 0034,Volkswagen,Virtus,SUV,Electric,Automatic,South,Andhra Pradesh,Visakhapatnam,1,1556294.99,0.0346,1502477.33,138835.23,Cash
S04256,2023-04-15,C10704,Customer 0704,Hyundai,Exter,Sedan,CNG,Manual,West,Maharashtra,Thane,1,1636704.31,0.0513,1552766.05,162896.05,Bank Finance
S01533,2023-04-15,C10448,Customer 0448,Toyota,Innova HyCross,MPV,Petrol,Automatic,South,Tamil Nadu,Chennai,1,2725638.36,0.0,2725638.36,254011.14,Bank Finance
S01463,2023-04-16,C10515,Customer 0515,Toyota,Urban Cruiser Hyryder,Hatchback,Diesel,Manual,North,Punjab,Chandigarh,1,915040.99,0.0884,834115.47,85646.42,Bank Finance
S02290,2023-04-16,C10210,Customer 0210,Tata,Harrier,SUV,Hybrid,Manual,East,Jharkhand,Ranchi,1,1746838.86,0.0431,1671627.65,122280.9,Bank Finance
S00167,2023-04-17,C10472,Customer 0472,Volkswagen,Tiguan,Sedan,Petrol,Manual,North,Uttar Pradesh,Lucknow,1,3174736.5,0.0778,2927811.38,196572.47,Bank Finance
S00206,2023-04-17,C10291,Customer 0291,Volkswagen,Virtus,SUV,Diesel,Automatic,West,Goa,Panaji,1,1461196.86,0.0935,1324527.59,67719.78,UPI
S01613,2023-04-18,C10379,Customer 0379,Maruti Suzuki,Brezza,Hatchback,Petrol,Manual,East,Odisha,Bhubaneswar,1,1634812.24,0.0718,1517391.2,229212.9,Credit Card
S01268,2023-04-18,C10988,Customer 0988,Tata,Harrier,Hatchback,CNG,Manual,East,Odisha,Cuttack,1,1099834.64,0.0275,1069622.28,101680.67,Bank Finance
S00231,2023-04-18,C10210,Customer 0210,Volkswagen,Virtus,SUV,Electric,Automatic,East,Jharkhand,Jamshedpur,1,1142812.7,0.0496,1086183.72,97498.61,Bank Finance
S02953,2023-04-20,C10226,Customer 0226,Honda,Elevate,Sedan,Hybrid,Manual,North,Haryana,Faridabad,1,794729.88,0.0994,715729.56,112132.63,UPI
S03310,2023-04-21,C10960,Customer 0960,Toyota,Glanza,MPV,Diesel,Manual,North,Punjab,Amritsar,1,3930900.48,0.0501,3733995.55,291557.91,Bank Finance
S04589,2023-04-21,C10817,Customer 0817,Hyundai,Exter,Sedan,Petrol,Manual,South,Telangana,Warangal,1,1414327.29,0.0272,1375832.45,217671.67,Credit Card
S04607,2023-04-22,C10820,Customer 0820,Maruti Suzuki,Grand Vitara,SUV,Petrol,Manual,South,Kerala,Kochi,1,1378790.08,0.0745,1276044.61,200725.58,Bank Finance
S01389,2023-04-22,C11120,Customer 1120,Kia,Sonet,SUV,Petrol,Automatic,East,Odisha,Bhubaneswar,1,1611961.67,0.0791,1484450.74,141563.63,Bank Finance
S04162,2023-04-22,C10576,Customer 0576,Honda,Elevate,Sedan,Hybrid,Manual,South,Telangana,Hyderabad,1,1615718.68,0.0135,1593936.0,234262.65,Bank Finance
S02372,2023-04-23,C10820,Customer 0820,Mahindra,XUV 3XO,SUV,Hybrid,Automatic,East,Jharkhand,Jamshedpur,1,1410682.64,0.0531,1335768.33,145180.15,Bank Finance
S02497,2023-04-23,C10926,Customer 0926,Kia,Sonet,SUV,Petrol,Automatic,West,Goa,Margao,1,1803046.27,0.091,1639015.68,93898.96,Credit Card
S00274,2023-04-23,C10159,Customer 0159,Toyota,Urban Cruiser Hyryder,Hatchback,Petrol,Manual,South,Andhra Pradesh,Vijayawada,1,3688021.66,0.0614,3461632.16,330672.88,Cash
S04818,2023-04-23,C11124,Customer 1124,Volkswagen,Taigun,SUV,Petrol,Manual,West,Maharashtra,Mumbai,1,3366508.08,0.1026,3021099.62,259957.21,Bank Finance
S03432,2023-04-24,C10467,Customer 0467,Kia,Carens,SUV,Diesel,Automatic,East,Jharkhand,Jamshedpur,1,1342374.09,0.0418,1286232.14,124942.7,Cash
S00668,2023-04-24,C11178,Customer 1178,Hyundai,i20,Sedan,CNG,Automatic,South,Telangana,Hyderabad,1,1144851.76,0.0372,1102273.08,94373.21,Bank Finance
S01887,2023-04-25,C10632,Customer 0632,Honda,City,SUV,Petrol,Manual,North,Uttar Pradesh,Noida,1,1830122.23,0.0492,1740044.58,176336.47,Bank Finance
S02566,2023-04-25,C10407,Customer 0407,Hyundai,Exter,Sedan,Electric,Automatic,South,Karnataka,Bengaluru,1,898202.07,0.0143,885383.22,105969.33,Cash
S01434,2023-04-25,C10121,Customer 0121,Mahindra,Bolero,SUV,Diesel,Manual,West,Goa,Margao,1,977561.14,0.0602,918685.07,73635.92,Bank Finance
S02677,2023-04-26,C10004,Customer 0004,Volkswagen,Tiguan,Sedan,Electric,Automatic,East,Odisha,Cuttack,1,2633342.35,0.0609,2473053.37,315684.9,Credit Card
S03063,2023-04-26,C10227,Customer 0227,Kia,Sonet,SUV,Diesel,Automatic,North,Uttar Pradesh,Kanpur,1,1420266.08,0.0548,1342419.95,133122.11,UPI
S04787,2023-04-26,C11002,Customer 1002,Honda,Amaze,Sedan,Diesel,Automatic,East,Odisha,Cuttack,1,1541687.1,0.0562,1455109.02,107233.25,Credit Card
S03891,2023-04-27,C10959,Customer 0959,Kia,Carens,MPV,Petrol,Manual,East,Odisha,Cuttack,1,1933489.9,0.0588,1819850.19,244748.36,UPI
S02894,2023-04-27,C10059,Customer 0059,Toyota,Innova HyCross,Hatchback,Petrol,Automatic,South,Tamil Nadu,Coimbatore,1,4428805.22,0.0951,4007418.31,140259.64,Bank Finance
S00754,2023-04-27,C10060,Customer 0060,Honda,Elevate,Sedan,Petrol,Manual,South,Telangana,Warangal,1,1999273.83,0.0161,1967117.98,158184.55,UPI
S02009,2023-04-28,C10139,Customer 0139,Volkswagen,Tiguan,Sedan,Diesel,Automatic,South,Kerala,Thiruvananthapuram,1,1848119.03,0.0666,1724954.5,220737.47,Cash
S03635,2023-04-28,C10222,Customer 0222,Toyota,Urban Cruiser Hyryder,Hatchback,Electric,Automatic,North,Uttar Pradesh,Lucknow,1,1966489.78,0.0646,1839518.84,203311.49,Bank Finance
S02585,2023-04-28,C10489,Customer 0489,Volkswagen,Tiguan,Sedan,Electric,Manual,South,Karnataka,Bengaluru,1,2288438.29,0.0532,2166732.44,264180.98,Bank Finance
S03123,2023-04-28,C10081,Customer 0081,Tata,Harrier,Hatchback,Diesel,Manual,South,Andhra Pradesh,Vijayawada,1,1853289.36,0.0924,1682129.2,210254.2,Bank Finance
S04725,2023-04-29,C10356,Customer 0356,Tata,Safari,Hatchback,Electric,Automatic,North,Rajasthan,Jodhpur,1,1288713.59,0.0451,1230642.81,128981.66,Bank Finance
S02574,2023-04-29,C10867,Customer 0867,Mahindra,XUV 3XO,SUV,CNG,Automatic,East,Bihar,Gaya,1,1827996.17,0.0927,1658593.82,118283.61,UPI
S04257,2023-04-29,C11101,Customer 1101,Mahindra,XUV 3XO,SUV,CNG,Automatic,South,Tamil Nadu,Coimbatore,1,1103731.21,0.0454,1053597.48,43795.45,UPI
S01026,2023-04-29,C10019,Customer 0019,Toyota,Urban Cruiser Hyryder,MPV,Hybrid,Manual,North,Delhi,New Delhi,1,4619822.54,0.0587,4348675.4,480357.8,Credit Card
S01729,2023-05-01,C10088,Customer 0088,Tata,Nexon,SUV,Diesel,Automatic,South,Tamil Nadu,Coimbatore,1,852107.64,0.0239,831744.26,62722.01,Credit Card
S01045,2023-05-02,C11048,Customer 1048,Honda,Amaze,Sedan,Diesel,Manual,South,Tamil Nadu,Madurai,1,2075664.36,0.0624,1946164.55,227474.58,Bank Finance
S02251,2023-05-02,C10493,Customer 0493,Maruti Suzuki,Grand Vitara,Sedan,Petrol,Manual,East,Jharkhand,Ranchi,1,1362073.19,0.0607,1279428.95,150268.78,Bank Finance
S00975,2023-05-03,C10533,Customer 0533,Toyota,Fortuner,SUV,CNG,Manual,South,Karnataka,Bengaluru,1,1098614.19,0.0324,1063011.79,141393.83,Cash
S01826,2023-05-03,C11131,Customer 1131,Volkswagen,Tiguan,SUV,Petrol,Manual,North,Haryana,Faridabad,1,1559021.63,0.0781,1437327.13,87002.27,Bank Finance
S03434,2023-05-03,C11013,Customer 1013,Kia,Sonet,MPV,Hybrid,Manual,East,Odisha,Cuttack,1,2136264.62,0.0855,1953684.37,134947.64,Cash
S00657,2023-05-03,C10166,Customer 0166,Honda,Elevate,Sedan,Electric,Automatic,South,Kerala,Thiruvananthapuram,1,866571.71,0.0667,808783.92,109583.49,Bank Finance
S01224,2023-05-03,C10912,Customer 0912,Honda,City,Sedan,Diesel,Manual,East,Bihar,Patna,1,1680477.74,0.0448,1605133.6,256334.48,Bank Finance
S00058,2023-05-03,C10629,Customer 0629,Kia,Carens,SUV,Petrol,Manual,East,Jharkhand,Ranchi,1,2645320.72,0.0586,2490191.09,155158.74,Bank Finance
S01726,2023-05-04,C10045,Customer 0045,Kia,Carens,MPV,Diesel,Manual,West,Gujarat,Rajkot,1,2086648.71,0.0656,1949707.35,204513.6,UPI
S01673,2023-05-04,C10791,Customer 0791,Volkswagen,Virtus,SUV,CNG,Manual,West,Maharashtra,Mumbai,1,3575504.24,0.1222,3138744.28,343721.44,Bank Finance
S04893,2023-05-04,C11200,Customer 1200,Volkswagen,Taigun,Sedan,Diesel,Automatic,North,Haryana,Gurugram,1,3012927.08,0.0075,2990463.83,305449.6,Bank Finance
S00454,2023-05-04,C11107,Customer 1107,Volkswagen,Taigun,Sedan,Petrol,Manual,East,Bihar,Gaya,1,3541087.98,0.0648,3311616.31,327128.36,UPI
S04968,2023-05-05,C10554,Customer 0554,Honda,Elevate,SUV,Petrol,Automatic,West,Goa,Panaji,1,2093055.5,0.1023,1878938.97,138868.99,Bank Finance
S01404,2023-05-05,C10990,Customer 0990,Hyundai,Venue,Hatchback,Diesel,Automatic,West,Goa,Margao,1,1243846.59,0.0598,1169409.15,146206.48,UPI
S02464,2023-05-05,C10740,Customer 0740,Kia,Seltos,SUV,Petrol,Manual,West,Maharashtra,Pune,1,1604738.87,0.0771,1480991.74,126401.41,UPI
S03746,2023-05-06,C10238,Customer 0238,Volkswagen,Tiguan,Sedan,CNG,Automatic,North,Uttar Pradesh,Kanpur,1,2695838.59,0.019,2644726.46,194333.14,Credit Card
S03148,2023-05-06,C10425,Customer 0425,Hyundai,Exter,SUV,Diesel,Automatic,North,Uttar Pradesh,Noida,1,1414424.82,0.0311,1370476.14,236831.64,Bank Finance
S00363,2023-05-06,C11124,Customer 1124,Tata,Safari,SUV,CNG,Manual,East,Bihar,Patna,1,1158390.8,0.0868,1057827.04,79647.02,Credit Card
S04908,2023-05-06,C10707,Customer 0707,Honda,Amaze,Sedan,Electric,Manual,North,Punjab,Amritsar,1,1711826.62,0.0355,1651130.42,186987.01,Bank Finance
S01227,2023-05-06,C10687,Customer 0687,Kia,Seltos,SUV,Hybrid,Manual,West,Gujarat,Surat,1,1832193.15,0.0654,1712363.2,219940.39,Cash
S02089,2023-05-06,C10247,Customer 0247,Tata,Safari,Hatchback,Hybrid,Manual,West,Goa,Panaji,1,1023248.43,0.0349,987527.75,108228.46,Cash
S03763,2023-05-07,C10054,Customer 0054,Maruti Suzuki,Dzire,Hatchback,Petrol,Automatic,West,Goa,Panaji,1,1306155.75,0.0444,1248214.35,225999.15,Bank Finance
S04465,2023-05-07,C10932,Customer 0932,Maruti Suzuki,Dzire,Sedan,Hybrid,Automatic,South,Andhra Pradesh,Visakhapatnam,1,1583304.92,0.0161,1557873.49,98790.0,Credit Card
S03050,2023-05-07,C11065,Customer 1065,Kia,Seltos,MPV,Petrol,Manual,South,Telangana,Hyderabad,1,2078479.58,0.0827,1906602.43,302470.06,Bank Finance
S03347,2023-05-07,C10032,Customer 0032,Mahindra,Scorpio-N,SUV,Petrol,Automatic,West,Goa,Panaji,1,1327564.97,0.0355,1280446.15,115245.18,UPI
S00063,2023-05-07,C10792,Customer 0792,Tata,Altroz,Hatchback,Hybrid,Manual,North,Punjab,Chandigarh,1,1268107.87,0.0138,1250592.46,56122.74,Credit Card
S04936,2023-05-07,C10988,Customer 0988,Toyota,Glanza,Hatchback,Electric,Manual,North,Punjab,Amritsar,1,1479884.92,0.0282,1438144.82,216668.92,Bank Finance
S02797,2023-05-07,C10875,Customer 0875,Maruti Suzuki,Brezza,Hatchback,Hybrid,Automatic,North,Rajasthan,Jaipur,1,1565852.03,0.0604,1471275.81,286077.35,Cash
S00665,2023-05-08,C11181,Customer 1181,Honda,Elevate,Sedan,Petrol,Manual,East,Jharkhand,Ranchi,1,1717194.61,0.0445,1640843.84,220476.41,Bank Finance
S03624,2023-05-08,C10142,Customer 0142,Mahindra,Scorpio-N,SUV,Petrol,Automatic,South,Tamil Nadu,Coimbatore,1,2488991.4,0.035,2401901.73,84066.56,UPI
S01276,2023-05-09,C11014,Customer 1014,Tata,Safari,SUV,Electric,Manual,West,Maharashtra,Nagpur,1,1918841.28,0.0947,1737209.17,123315.81,Cash
S00660,2023-05-09,C10833,Customer 0833,Toyota,Glanza,Hatchback,Petrol,Manual,West,Maharashtra,Mumbai,1,2893286.95,0.0941,2621052.61,159704.8,Bank Finance
S04617,2023-05-09,C11146,Customer 1146,Volkswagen,Virtus,Sedan,Petrol,Automatic,South,Kerala,Thiruvananthapuram,1,2016309.69,0.0685,1878163.62,173745.09,Credit Card
S01433,2023-05-10,C10603,Customer 0603,Tata,Altroz,Hatchback,CNG,Automatic,South,Tamil Nadu,Chennai,1,2202227.4,0.0529,2085835.79,278532.79,Cash
S00407,2023-05-11,C10649,Customer 0649,Kia,Carens,MPV,CNG,Manual,North,Haryana,Faridabad,1,973984.85,0.0896,886694.13,104327.61,UPI
S01170,2023-05-11,C11065,Customer 1065,Tata,Nexon,Hatchback,Petrol,Automatic,South,Karnataka,Mangaluru,1,819044.25,0.1002,736949.64,68266.32,Bank Finance
S01759,2023-05-11,C10824,Customer 0824,Toyota,Fortuner,SUV,Petrol,Automatic,South,Tamil Nadu,Chennai,1,2657038.85,0.1038,2381351.23,132852.98,Bank Finance
S00980,2023-05-11,C10901,Customer 0901,Maruti Suzuki,Baleno,Hatchback,Petrol,Manual,South,Kerala,Kochi,1,1220140.98,0.085,1116414.92,131028.31,Cash
S00604,2023-05-11,C11131,Customer 1131,Hyundai,Exter,SUV,Petrol,Automatic,South,Andhra Pradesh,Vijayawada,1,1445743.87,0.0506,1372561.98,206674.55,Bank Finance
S04966,2023-05-12,C10985,Customer 0985,Maruti Suzuki,Baleno,Hatchback,Diesel,Manual,South,Karnataka,Mangaluru,1,1079878.81,0.0562,1019208.26,97544.1,Bank Finance
S04159,2023-05-12,C10301,Customer 0301,Kia,Sonet,MPV,Petrol,Automatic,South,Telangana,Hyderabad,1,1257283.61,0.0765,1161144.7,80920.9,Bank Finance
S03201,2023-05-13,C11094,Customer 1094,Hyundai,i20,SUV,CNG,Automatic,North,Haryana,Gurugram,1,824067.28,0.0,824067.28,85147.76,Bank Finance
S00221,2023-05-13,C10947,Customer 0947,Kia,Carens,MPV,Diesel,Automatic,North,Rajasthan,Jaipur,1,1524215.77,0.0245,1486827.48,128653.02,Bank Finance
S01969,2023-05-13,C10599,Customer 0599,Hyundai,Creta,Hatchback,Electric,Manual,North,Haryana,Gurugram,1,1007332.9,0.1043,902267.64,83702.04,Bank Finance
S01999,2023-05-14,C10157,Customer 0157,Volkswagen,Tiguan,SUV,Diesel,Manual,South,Karnataka,Mysuru,1,1391370.87,0.0445,1329454.33,230539.3,Bank Finance
S03833,2023-05-14,C10177,Customer 0177,Tata,Nexon,Hatchback,Diesel,Automatic,South,Karnataka,Mangaluru,1,765563.21,0.0755,707799.05,60858.16,Credit Card
S02397,2023-05-14,C10208,Customer 0208,Maruti Suzuki,Grand Vitara,Hatchback,CNG,Automatic,North,Haryana,Gurugram,1,1003193.0,0.0906,912257.91,51532.42,Bank Finance
S02078,2023-05-15,C11171,Customer 1171,Tata,Altroz,Hatchback,CNG,Manual,West,Maharashtra,Nashik,1,1581093.65,0.0371,1522490.42,183567.02,Credit Card
S04619,2023-05-15,C10342,Customer 0342,Volkswagen,Virtus,SUV,Hybrid,Manual,South,Kerala,Thiruvananthapuram,1,2505085.24,0.0334,2421392.79,323139.67,Bank Finance
S00239,2023-05-15,C10425,Customer 0425,Mahindra,XUV700,SUV,Petrol,Manual,East,Odisha,Bhubaneswar,1,1790452.13,0.0303,1736262.09,189480.64,Bank Finance
S03810,2023-05-16,C10613,Customer 0613,Mahindra,Scorpio-N,SUV,CNG,Automatic,North,Rajasthan,Jaipur,1,1901782.02,0.0592,1789126.45,158553.96,Credit Card
S03606,2023-05-16,C10455,Customer 0455,Maruti Suzuki,Dzire,Sedan,CNG,Manual,North,Uttar Pradesh,Noida,1,1072329.77,0.0494,1019355.68,91881.56,UPI
S03492,2023-05-16,C10985,Customer 0985,Kia,Seltos,MPV,Petrol,Manual,West,Gujarat,Ahmedabad,1,1644238.72,0.0501,1561817.62,201365.62,Credit Card
S01838,2023-05-16,C10273,Customer 0273,Maruti Suzuki,Swift,Sedan,Electric,Manual,South,Kerala,Thiruvananthapuram,1,1407594.4,0.0449,1344462.31,111010.63,UPI
S00981,2023-05-16,C10817,Customer 0817,Kia,Sonet,SUV,Petrol,Automatic,West,Gujarat,Vadodara,1,1940862.51,0.0476,1848556.52,240002.66,Credit Card
S04777,2023-05-17,C10183,Customer 0183,Tata,Nexon,Hatchback,Hybrid,Manual,North,Delhi,New Delhi,1,1094775.83,0.0626,1026280.95,90525.29,Cash
S00283,2023-05-17,C11127,Customer 1127,Kia,Seltos,SUV,Diesel,Automatic,North,Rajasthan,Jodhpur,1,2048797.82,0.0924,1859408.68,205862.21,Credit Card
S02238,2023-05-17,C10339,Customer 0339,Kia,Seltos,SUV,CNG,Automatic,West,Maharashtra,Thane,1,953427.2,0.039,916209.69,74577.12,Bank Finance
S02747,2023-05-17,C10304,Customer 0304,Kia,Seltos,MPV,Hybrid,Manual,West,Goa,Panaji,1,1009077.57,0.0755,932898.23,94869.99,Cash
S03461,2023-05-17,C10931,Customer 0931,Volkswagen,Tiguan,Sedan,Petrol,Automatic,South,Tamil Nadu,Coimbatore,1,1983590.63,0.0519,1880636.3,151243.06,Bank Finance
S02315,2023-05-17,C10863,Customer 0863,Maruti Suzuki,Swift,SUV,Diesel,Manual,North,Delhi,New Delhi,1,930766.91,0.0152,916592.31,78940.11,Bank Finance
S02396,2023-05-18,C10342,Customer 0342,Maruti Suzuki,Baleno,SUV,Petrol,Manual,West,Maharashtra,Nagpur,1,1300251.28,0.0326,1257888.72,129798.41,Credit Card
S01273,2023-05-18,C10913,Customer 0913,Honda,City,Sedan,CNG,Automatic,West,Maharashtra,Pune,1,1377505.71,0.0759,1272999.17,133120.59,Bank Finance
S02298,2023-05-18,C10557,Customer 0557,Maruti Suzuki,Grand Vitara,Hatchback,Petrol,Manual,West,Maharashtra,Pune,1,1054959.29,0.0476,1004791.01,153622.78,Bank Finance
S02796,2023-05-19,C10730,Customer 0730,Toyota,Fortuner,SUV,Petrol,Automatic,West,Gujarat,Surat,1,3693359.28,0.0668,3446469.05,531253.02,Credit Card
S01588,2023-05-19,C10217,Customer 0217,Hyundai,Venue,Hatchback,Petrol,Automatic,South,Andhra Pradesh,Vijayawada,1,1696996.87,0.0446,1621351.54,134693.39,Cash
S01308,2023-05-19,C10082,Customer 0082,Honda,Elevate,SUV,Diesel,Manual,West,Maharashtra,Pune,1,1591612.41,0.0142,1568979.87,205937.27,UPI
S02836,2023-05-19,C10059,Customer 0059,Hyundai,Creta,SUV,Hybrid,Automatic,West,Goa,Margao,1,1115312.82,0.0414,1069101.55,120398.49,Cash
S03911,2023-05-19,C10542,Customer 0542,Tata,Punch,Hatchback,Diesel,Manual,West,Goa,Margao,1,1403330.07,0.0558,1324957.85,62881.9,Bank Finance
S03781,2023-05-20,C10611,Customer 0611,Volkswagen,Virtus,Sedan,Hybrid,Automatic,South,Telangana,Warangal,1,1792632.87,0.0365,1727259.19,166949.42,Bank Finance
S03290,2023-05-20,C10749,Customer 0749,Hyundai,i20,SUV,Hybrid,Manual,West,Gujarat,Ahmedabad,1,1062790.27,0.0009,1061847.88,124041.46,Credit Card
S00623,2023-05-20,C10828,Customer 0828,Mahindra,Thar,SUV,Electric,Manual,North,Delhi,New Delhi,1,1889634.48,0.0211,1849796.79,184949.45,Bank Finance
S02613,2023-05-21,C10072,Customer 0072,Toyota,Innova HyCross,SUV,Electric,Manual,West,Goa,Panaji,1,1419736.38,0.0044,1413512.21,153952.88,UPI
S04791,2023-05-21,C10826,Customer 0826,Honda,Elevate,Sedan,Diesel,Manual,West,Maharashtra,Mumbai,1,2251592.27,0.0485,2142321.46,261871.21,Bank Finance
S04756,2023-05-21,C10997,Customer 0997,Honda,Elevate,SUV,CNG,Manual,East,West Bengal,Siliguri,1,1548847.85,0.0848,1417509.82,126020.32,Credit Card
S04184,2023-05-21,C10574,Customer 0574,Honda,Amaze,Sedan,Electric,Automatic,South,Kerala,Thiruvananthapuram,1,1309116.75,0.0539,1238530.28,129182.28,Cash
S03694,2023-05-22,C11187,Customer 1187,Hyundai,Verna,SUV,Diesel,Automatic,South,Kerala,Thiruvananthapuram,1,1136659.79,0.073,1053647.95,126457.41,Credit Card
S04972,2023-05-22,C10326,Customer 0326,Tata,Harrier,Hatchback,Electric,Automatic,North,Rajasthan,Udaipur,1,1424534.61,0.0586,1341000.38,145350.22,UPI
S03128,2023-05-23,C10092,Customer 0092,Mahindra,XUV 3XO,SUV,Diesel,Automatic,North,Punjab,Amritsar,1,1900257.62,0.0346,1834452.23,225914.39,Credit Card
S02659,2023-05-24,C10783,Customer 0783,Tata,Harrier,Hatchback,CNG,Manual,West,Maharashtra,Nagpur,1,752635.26,0.0608,706853.78,41975.02,Bank Finance
S00506,2023-05-24,C11075,Customer 1075,Toyota,Urban Cruiser Hyryder,Hatchback,Petrol,Automatic,West,Goa,Panaji,1,2674073.61,0.0501,2540044.25,246663.36,Bank Finance
S03888,2023-05-24,C10159,Customer 0159,Kia,Carens,MPV,Diesel,Automatic,East,Jharkhand,Jamshedpur,1,2231345.67,0.0327,2158287.15,75540.05,Credit Card
S04943,2023-05-25,C10571,Customer 0571,Hyundai,Creta,SUV,Petrol,Manual,East,Odisha,Cuttack,1,1345648.12,0.0365,1296538.14,152907.45,Credit Card
S04379,2023-05-25,C11131,Customer 1131,Honda,Elevate,SUV,Diesel,Manual,South,Karnataka,Mysuru,1,847111.78,0.0672,790148.3,113543.98,Credit Card
S00337,2023-05-25,C10524,Customer 0524,Kia,Carens,SUV,Petrol,Manual,South,Telangana,Warangal,1,1026433.09,0.1051,918517.44,44206.63,Bank Finance
S03236,2023-05-25,C10767,Customer 0767,Volkswagen,Taigun,SUV,Petrol,Automatic,North,Haryana,Gurugram,1,2267758.42,0.0614,2128487.17,164627.7,Cash
S01185,2023-05-26,C10056,Customer 0056,Toyota,Urban Cruiser Hyryder,MPV,Hybrid,Manual,East,Bihar,Patna,1,4108559.01,0.0209,4022828.55,400356.11,Bank Finance
S01528,2023-05-26,C10661,Customer 0661,Tata,Punch,SUV,Petrol,Automatic,East,Jharkhand,Ranchi,1,829981.52,0.0257,808670.32,87323.96,UPI
S04389,2023-05-26,C10179,Customer 0179,Toyota,Glanza,MPV,CNG,Manual,West,Gujarat,Vadodara,1,2497728.01,0.0405,2396511.82,225060.25,UPI
S02332,2023-05-26,C10011,Customer 0011,Maruti Suzuki,Dzire,Sedan,CNG,Manual,West,Maharashtra,Pune,1,1501310.18,0.0841,1375053.27,187415.89,Credit Card
S01566,2023-05-26,C10780,Customer 0780,Tata,Altroz,SUV,Diesel,Manual,South,Kerala,Thiruvananthapuram,1,912629.06,0.0558,861720.99,64732.0,UPI
S03292,2023-05-27,C11096,Customer 1096,Honda,City,Sedan,Petrol,Automatic,West,Goa,Panaji,1,1500668.79,0.0663,1401180.15,221195.75,Bank Finance
S02408,2023-05-27,C11132,Customer 1132,Maruti Suzuki,Brezza,Hatchback,Electric,Automatic,West,Gujarat,Vadodara,1,795491.16,0.0446,760036.21,105269.52,Cash
S02101,2023-05-27,C11042,Customer 1042,Honda,Elevate,Sedan,Petrol,Automatic,South,Kerala,Kochi,1,1885244.23,0.0925,1710837.13,125237.71,Credit Card
S04705,2023-05-27,C10625,Customer 0625,Maruti Suzuki,Grand Vitara,SUV,Petrol,Manual,East,West Bengal,Siliguri,1,1422520.48,0.0437,1360325.14,111728.78,Bank Finance
S02129,2023-05-27,C10783,Customer 0783,Maruti Suzuki,Baleno,Hatchback,Petrol,Automatic,South,Telangana,Warangal,1,1409862.64,0.0307,1366584.12,111845.8,Bank Finance
S03141,2023-05-27,C10693,Customer 0693,Tata,Altroz,Hatchback,Hybrid,Manual,South,Karnataka,Mysuru,1,1435407.48,0.0482,1366271.98,164746.54,UPI
S02848,2023-05-28,C10787,Customer 0787,Volkswagen,Tiguan,Sedan,Electric,Automatic,South,Andhra Pradesh,Visakhapatnam,1,1938139.54,0.0713,1800037.16,260419.85,Cash
S00510,2023-05-29,C10856,Customer 0856,Volkswagen,Taigun,SUV,Diesel,Manual,North,Haryana,Gurugram,1,2090245.0,0.0623,1959978.64,152134.83,UPI
S00032,2023-05-29,C10445,Customer 0445,Kia,Carens,MPV,Petrol,Manual,North,Delhi,New Delhi,1,2442755.87,0.0409,2342877.0,171928.4,Credit Card
S03675,2023-05-30,C10054,Customer 0054,Tata,Altroz,SUV,Diesel,Manual,West,Goa,Panaji,1,1638759.11,0.0828,1503041.35,184724.97,Bank Finance
S03396,2023-05-30,C10037,Customer 0037,Tata,Nexon,Hatchback,Petrol,Automatic,West,Maharashtra,Mumbai,1,631109.24,0.0422,604475.32,97992.04,Bank Finance
S03769,2023-05-31,C10050,Customer 0050,Honda,Amaze,Sedan,Electric,Manual,South,Kerala,Kochi,1,1874782.51,0.0969,1693024.77,204778.19,Credit Card
S04825,2023-05-31,C10248,Customer 0248,Toyota,Glanza,Hatchback,Electric,Manual,South,Tamil Nadu,Coimbatore,1,972500.89,0.0395,934043.33,89334.95,Cash
S02619,2023-05-31,C10667,Customer 0667,Tata,Altroz,SUV,Petrol,Automatic,North,Rajasthan,Udaipur,1,1723868.4,0.0198,1689792.79,116654.41,Bank Finance
S04748,2023-06-01,C10725,Customer 0725,Volkswagen,Taigun,Sedan,Electric,Automatic,West,Maharashtra,Nashik,1,2304950.82,0.057,2173653.38,289050.02,Cash
S04445,2023-06-01,C10708,Customer 0708,Mahindra,Scorpio-N,SUV,Petrol,Automatic,West,Maharashtra,Nagpur,1,1222538.12,0.0312,1184363.09,95870.28,Bank Finance
S00799,2023-06-02,C10869,Customer 0869,Mahindra,Thar,SUV,Petrol,Manual,North,Punjab,Ludhiana,1,1060888.61,0.0263,1032991.34,134940.53,Bank Finance
S00594,2023-06-02,C10193,Customer 0193,Toyota,Glanza,SUV,Petrol,Automatic,North,Delhi,New Delhi,1,3191291.61,0.0366,3074357.64,398942.76,UPI
S03243,2023-06-03,C11156,Customer 1156,Kia,Seltos,MPV,Hybrid,Automatic,North,Rajasthan,Udaipur,1,1412044.04,0.0257,1375770.64,126097.67,Bank Finance
S01676,2023-06-03,C10153,Customer 0153,Volkswagen,Taigun,Sedan,Electric,Automatic,West,Gujarat,Surat,1,1931526.92,0.0371,1859794.32,65092.8,Credit Card
S04060,2023-06-03,C10832,Customer 0832,Honda,Elevate,SUV,CNG,Automatic,North,Rajasthan,Udaipur,1,897193.74,0.0646,839264.63,93111.6,UPI
S01915,2023-06-03,C10360,Customer 0360,Hyundai,Verna,Hatchback,Electric,Manual,South,Andhra Pradesh,Visakhapatnam,1,1999562.24,0.0573,1884909.07,301637.58,UPI
S04757,2023-06-03,C10661,Customer 0661,Volkswagen,Virtus,SUV,CNG,Automatic,West,Maharashtra,Nashik,1,1881382.92,0.0643,1760341.38,191703.39,UPI
S04739,2023-06-03,C10562,Customer 0562,Tata,Altroz,Hatchback,Electric,Manual,West,Goa,Margao,1,1464616.24,0.0603,1376325.75,89181.41,UPI
S02673,2023-06-04,C10611,Customer 0611,Hyundai,Verna,Sedan,Hybrid,Automatic,West,Gujarat,Surat,1,1785931.92,0.0919,1621846.43,215727.6,UPI
S02091,2023-06-05,C10518,Customer 0518,Toyota,Glanza,SUV,Diesel,Manual,West,Maharashtra,Nagpur,1,1609994.81,0.0678,1500840.26,130694.19,UPI
S04978,2023-06-05,C10926,Customer 0926,Tata,Nexon,SUV,Diesel,Automatic,West,Maharashtra,Mumbai,1,1972593.68,0.072,1830531.57,208945.98,Credit Card
S03812,2023-06-05,C10852,Customer 0852,Volkswagen,Taigun,SUV,Electric,Automatic,South,Karnataka,Mangaluru,1,2291231.59,0.0267,2230149.75,208276.47,UPI
S01240,2023-06-05,C10866,Customer 0866,Toyota,Glanza,SUV,Diesel,Manual,West,Goa,Panaji,1,2367663.72,0.0445,2262243.53,260763.46,Cash
S04953,2023-06-06,C10139,Customer 0139,Mahindra,Bolero,SUV,Diesel,Manual,East,West Bengal,Siliguri,1,1216483.95,0.0256,1185319.52,114712.46,Bank Finance
S02175,2023-06-06,C11134,Customer 1134,Toyota,Innova HyCross,Hatchback,Electric,Manual,North,Delhi,New Delhi,1,4336527.37,0.0706,4030182.06,145153.6,UPI
S04987,2023-06-06,C10919,Customer 0919,Tata,Safari,SUV,Petrol,Manual,North,Punjab,Amritsar,1,1366019.29,0.0586,1285972.9,160896.24,Cash
S03952,2023-06-07,C10874,Customer 0874,Honda,City,Sedan,Petrol,Manual,South,Tamil Nadu,Coimbatore,1,1031175.88,0.059,970348.34,123879.98,Bank Finance
S04740,2023-06-07,C11183,Customer 1183,Volkswagen,Virtus,Sedan,CNG,Automatic,North,Delhi,New Delhi,1,3074129.21,0.063,2880515.05,214731.66,Bank Finance
S02384,2023-06-08,C11200,Customer 1200,Mahindra,Bolero,SUV,Diesel,Automatic,South,Karnataka,Mysuru,1,931752.44,0.0622,873771.23,107408.76,UPI
S03501,2023-06-08,C10792,Customer 0792,Mahindra,Bolero,SUV,Hybrid,Automatic,South,Andhra Pradesh,Vijayawada,1,1237352.47,0.0401,1187771.55,154433.8,UPI
S00789,2023-06-08,C10590,Customer 0590,Honda,City,SUV,Petrol,Automatic,North,Delhi,New Delhi,1,1447722.07,0.075,1339112.02,165221.56,Credit Card
S03122,2023-06-08,C10926,Customer 0926,Honda,City,SUV,Petrol,Manual,East,Odisha,Cuttack,1,2091119.0,0.0327,2022683.75,342588.56,Credit Card
S03751,2023-06-08,C10787,Customer 0787,Maruti Suzuki,Brezza,Hatchback,Diesel,Automatic,South,Andhra Pradesh,Vijayawada,1,698715.8,0.0661,652558.29,32790.24,Cash
S02444,2023-06-09,C10834,Customer 0834,Volkswagen,Tiguan,SUV,Diesel,Automatic,West,Goa,Margao,1,2347963.92,0.0305,2276317.99,170179.75,Bank Finance
S02195,2023-06-09,C11164,Customer 1164,Kia,Seltos,MPV,Petrol,Manual,South,Karnataka,Mangaluru,1,2285231.63,0.0711,2122730.77,198025.19,UPI
S01479,2023-06-09,C10437,Customer 0437,Volkswagen,Tiguan,Sedan,Electric,Manual,East,Jharkhand,Ranchi,1,2014011.99,0.0745,1863957.93,250927.37,Credit Card
S01813,2023-06-09,C11038,Customer 1038,Honda,Amaze,SUV,Petrol,Manual,South,Kerala,Kochi,1,1995388.72,0.0539,1887846.09,165307.97,Bank Finance
S00790,2023-06-09,C11153,Customer 1153,Mahindra,XUV700,SUV,CNG,Manual,South,Andhra Pradesh,Vijayawada,1,1404434.1,0.044,1342585.17,101615.72,UPI
S00136,2023-06-09,C10916,Customer 0916,Maruti Suzuki,Grand Vitara,Hatchback,CNG,Automatic,South,Andhra Pradesh,Visakhapatnam,1,719044.02,0.0614,674871.79,72183.58,Cash
S00902,2023-06-10,C10297,Customer 0297,Volkswagen,Taigun,SUV,Petrol,Automatic,North,Uttar Pradesh,Lucknow,1,3029482.34,0.0,3029482.34,480834.37,Bank Finance
S04311,2023-06-10,C10760,Customer 0760,Kia,Sonet,SUV,Petrol,Automatic,North,Delhi,New Delhi,1,1977469.25,0.0725,1834124.68,204741.49,UPI
S00760,2023-06-10,C10264,Customer 0264,Kia,Carens,MPV,Diesel,Automatic,East,Bihar,Gaya,1,1238639.05,0.0285,1203320.03,141160.09,Bank Finance
S01621,2023-06-10,C10632,Customer 0632,Toyota,Urban Cruiser Hyryder,Hatchback,Petrol,Manual,South,Andhra Pradesh,Vijayawada,1,1759524.19,0.0534,1665624.14,256728.44,Bank Finance
S04733,2023-06-10,C10582,Customer 0582,Honda,Amaze,SUV,Electric,Manual,South,Tamil Nadu,Madurai,1,2141496.08,0.0976,1932520.02,250430.1,Cash
S04024,2023-06-11,C10109,Customer 0109,Volkswagen,Taigun,SUV,Diesel,Manual,West,Maharashtra,Thane,1,2217901.13,0.1268,1936702.63,214814.75,Bank Finance
S04694,2023-06-11,C10837,Customer 0837,Honda,Elevate,Sedan,Diesel,Automatic,South,Karnataka,Mangaluru,1,1735446.12,0.0721,1610368.61,236537.64,UPI
S03049,2023-06-11,C10801,Customer 0801,Volkswagen,Virtus,SUV,Diesel,Automatic,South,Andhra Pradesh,Visakhapatnam,1,1945419.25,0.0355,1876285.6,118674.87,Cash
S03462,2023-06-11,C10340,Customer 0340,Mahindra,XUV700,SUV,Diesel,Automatic,South,Andhra Pradesh,Vijayawada,1,983173.24,0.0317,952045.63,142439.61,Credit Card
S03152,2023-06-11,C10968,Customer 0968,Toyota,Fortuner,MPV,Hybrid,Automatic,East,Bihar,Gaya,1,1388823.73,0.0596,1306094.44,75524.42,Cash
S03066,2023-06-11,C10023,Customer 0023,Tata,Punch,Hatchback,CNG,Manual,West,Maharashtra,Thane,1,2131473.25,0.0327,2061764.62,97829.66,Bank Finance
S00653,2023-06-11,C11109,Customer 1109,Honda,Amaze,Sedan,CNG,Manual,West,Maharashtra,Nagpur,1,2115794.98,0.1093,1884459.97,193084.92,Bank Finance
S00257,2023-06-12,C10126,Customer 0126,Volkswagen,Virtus,Sedan,Diesel,Automatic,North,Uttar Pradesh,Lucknow,1,1657495.97,0.0572,1562605.97,231875.57,Bank Finance
S01928,2023-06-12,C10437,Customer 0437,Honda,Amaze,SUV,Petrol,Manual,North,Uttar Pradesh,Kanpur,1,920240.1,0.0574,867401.84,103277.62,Credit Card
S04244,2023-06-12,C10836,Customer 0836,Volkswagen,Virtus,SUV,Electric,Automatic,North,Punjab,Ludhiana,1,1981412.63,0.0338,1914390.39,317196.57,Bank Finance
S04310,2023-06-12,C10226,Customer 0226,Tata,Nexon,SUV,Petrol,Automatic,West,Maharashtra,Mumbai,1,1352537.67,0.0562,1276485.39,123482.59,UPI
S02037,2023-06-12,C11186,Customer 1186,Kia,Seltos,SUV,Petrol,Manual,West,Maharashtra,Mumbai,1,2478292.52,0.0774,2286502.87,251231.31,Bank Finance
S01207,2023-06-13,C11188,Customer 1188,Toyota,Fortuner,MPV,Petrol,Manual,South,Karnataka,Mysuru,1,1641472.52,0.0645,1535534.6,254743.78,Bank Finance
S02160,2023-06-13,C10485,Customer 0485,Maruti Suzuki,Dzire,Sedan,Electric,Manual,North,Uttar Pradesh,Noida,1,1079010.42,0.066,1007836.81,95315.02,Bank Finance
S02152,2023-06-13,C10130,Customer 0130,Hyundai,Verna,Sedan,Electric,Manual,West,Goa,Margao,1,1760437.82,0.0461,1679266.07,151322.37,UPI
S01016,2023-06-13,C11054,Customer 1054,Toyota,Fortuner,Hatchback,Diesel,Manual,South,Tamil Nadu,Chennai,1,1246677.34,0.0726,1156181.11,161431.1,Bank Finance
S00569,2023-06-14,C11054,Customer 1054,Mahindra,Thar,SUV,Hybrid,Automatic,South,Tamil Nadu,Chennai,1,2022269.35,0.0964,1827397.21,240857.55,Bank Finance
S00872,2023-06-14,C11108,Customer 1108,Tata,Safari,Hatchback,Petrol,Manual,South,Andhra Pradesh,Vijayawada,1,1922177.71,0.0546,1817305.45,119176.02,Cash
S00808,2023-06-14,C10733,Customer 0733,Mahindra,Thar,SUV,Petrol,Automatic,West,Maharashtra,Nashik,1,1985080.64,0.0583,1869391.01,237916.03,Credit Card
S00001,2023-06-14,C11132,Customer 1132,Tata,Nexon,Hatchback,Hybrid,Automatic,North,Rajasthan,Jodhpur,1,659783.85,0.0388,634209.1,108449.25,Credit Card
S00026,2023-06-14,C10765,Customer 0765,Kia,Sonet,SUV,CNG,Automatic,West,Goa,Margao,1,1762363.57,0.0306,1708361.53,184978.19,Credit Card
S02448,2023-06-15,C11169,Customer 1169,Honda,Elevate,SUV,Diesel,Manual,East,Jharkhand,Jamshedpur,1,1708705.09,0.0208,1673240.4,168867.67,Bank Finance
S00763,2023-06-15,C11139,Customer 1139,Mahindra,Bolero,SUV,CNG,Manual,North,Uttar Pradesh,Kanpur,1,844105.78,0.0218,825738.51,154427.55,Cash
S01987,2023-06-15,C11195,Customer 1195,Kia,Seltos,MPV,Petrol,Manual,West,Maharashtra,Thane,1,1604712.92,0.0768,1481541.21,165345.89,UPI
S04102,2023-06-15,C10256,Customer 0256,Toyota,Fortuner,MPV,Electric,Automatic,South,Tamil Nadu,Chennai,1,956218.23,0.0521,906362.82,92451.67,Bank Finance
S01476,2023-06-17,C10530,Customer 0530,Tata,Safari,SUV,Petrol,Manual,West,Maharashtra,Thane,1,1845634.27,0.0,1845634.27,351821.43,Bank Finance
S00625,2023-06-17,C10507,Customer 0507,Tata,Nexon,Hatchback,Diesel,Manual,East,Jharkhand,Ranchi,1,2243867.6,0.0191,2201064.95,149867.47,Bank Finance
S03484,2023-06-17,C10583,Customer 0583,Tata,Nexon,Hatchback,Electric,Automatic,North,Delhi,New Delhi,1,1860479.53,0.0152,1832179.92,221649.34,Credit Card
S03212,2023-06-17,C11197,Customer 1197,Mahindra,Thar,SUV,CNG,Automatic,North,Punjab,Amritsar,1,1783814.82,0.0207,1746967.07,217019.67,Bank Finance
S01773,2023-06-17,C10342,Customer 0342,Honda,Amaze,SUV,Diesel,Manual,North,Rajasthan,Udaipur,1,2117607.09,0.049,2013928.58,377907.96,Cash
S01052,2023-06-18,C11120,Customer 1120,Kia,Sonet,SUV,Diesel,Automatic,South,Karnataka,Mangaluru,1,2268967.8,0.0889,2067144.09,287859.15,Bank Finance
S04535,2023-06-18,C10800,Customer 0800,Toyota,Urban Cruiser Hyryder,Hatchback,Electric,Manual,West,Maharashtra,Mumbai,1,3799656.1,0.0532,3597585.72,362314.22,Bank Finance
S03074,2023-06-18,C10903,Customer 0903,Volkswagen,Taigun,SUV,Petrol,Manual,North,Delhi,New Delhi,1,2634437.43,0.1191,2320727.9,173703.53,UPI
S03938,2023-06-18,C10983,Customer 0983,Maruti Suzuki,Baleno,Sedan,Hybrid,Manual,South,Tamil Nadu,Madurai,1,769505.83,0.0,769505.83,106503.24,Bank Finance
S02976,2023-06-18,C10001,Customer 0001,Toyota,Glanza,SUV,Petrol,Manual,North,Punjab,Chandigarh,1,1587788.29,0.0754,1468112.88,144534.57,Bank Finance
S02032,2023-06-19,C11051,Customer 1051,Tata,Harrier,Hatchback,Diesel,Manual,South,Kerala,Thiruvananthapuram,1,1196821.32,0.059,1126182.83,145403.08,Bank Finance
S00447,2023-06-19,C10174,Customer 0174,Toyota,Urban Cruiser Hyryder,MPV,CNG,Automatic,North,Rajasthan,Udaipur,1,1379789.75,0.0898,1255845.65,162749.29,Bank Finance
S01510,2023-06-20,C10664,Customer 0664,Honda,City,SUV,Hybrid,Automatic,South,Telangana,Hyderabad,1,1829707.88,0.0527,1733292.64,145278.84,UPI
S04208,2023-06-20,C10754,Customer 0754,Toyota,Glanza,SUV,Diesel,Manual,South,Andhra Pradesh,Visakhapatnam,1,3536713.08,0.0194,3468048.61,220674.74,Cash
S03099,2023-06-20,C10664,Customer 0664,Volkswagen,Taigun,SUV,Diesel,Automatic,East,Odisha,Cuttack,1,1684762.93,0.058,1586983.43,150567.2,Bank Finance
S03847,2023-06-20,C10920,Customer 0920,Toyota,Innova HyCross,SUV,CNG,Manual,East,Bihar,Gaya,1,5042897.77,0.0477,4802479.04,417371.38,UPI
S00148,2023-06-21,C10893,Customer 0893,Tata,Punch,Hatchback,Petrol,Automatic,North,Uttar Pradesh,Noida,1,1399573.87,0.0806,1286732.96,159592.28,Bank Finance
S00324,2023-06-22,C10881,Customer 0881,Maruti Suzuki,Baleno,SUV,Diesel,Manual,West,Goa,Margao,1,1453240.69,0.0288,1411433.16,133730.86,UPI
S03286,2023-06-22,C10833,Customer 0833,Maruti Suzuki,Dzire,Sedan,Electric,Manual,East,Bihar,Patna,1,833226.97,0.0709,774134.08,58337.51,Cash
S02120,2023-06-22,C10745,Customer 0745,Tata,Altroz,SUV,Hybrid,Automatic,North,Haryana,Faridabad,1,644248.04,0.0364,620806.9,59828.73,Bank Finance
S04809,2023-06-22,C10372,Customer 0372,Toyota,Fortuner,SUV,Electric,Automatic,North,Delhi,New Delhi,1,2186660.09,0.076,2020459.49,199109.35,Cash
S02810,2023-06-23,C10469,Customer 0469,Toyota,Glanza,MPV,Diesel,Automatic,North,Delhi,New Delhi,1,1460349.02,0.097,1318703.45,182348.48,Bank Finance
S03592,2023-06-23,C10652,Customer 0652,Toyota,Fortuner,SUV,Diesel,Automatic,West,Gujarat,Surat,1,3635069.17,0.0399,3490060.19,350754.63,Cash
S02918,2023-06-23,C10007,Customer 0007,Volkswagen,Virtus,Sedan,Petrol,Automatic,South,Telangana,Warangal,1,2509502.93,0.0333,2425816.97,335791.69,Bank Finance
S00368,2023-06-23,C10294,Customer 0294,Maruti Suzuki,Baleno,Sedan,Petrol,Automatic,South,Andhra Pradesh,Vijayawada,1,880988.38,0.0,880988.38,90039.73,Bank Finance
S04955,2023-06-23,C10582,Customer 0582,Hyundai,Venue,Sedan,CNG,Automatic,North,Delhi,New Delhi,1,1632132.78,0.0778,1505204.44,151050.76,Bank Finance
S02337,2023-06-23,C10327,Customer 0327,Honda,Elevate,SUV,Petrol,Automatic,West,Goa,Panaji,1,1717690.94,0.0678,1601161.88,167765.1,Bank Finance
S03119,2023-06-24,C10011,Customer 0011,Mahindra,XUV700,SUV,Diesel,Manual,East,Odisha,Bhubaneswar,1,1125951.45,0.0179,1105813.47,123087.05,Bank Finance
S04974,2023-06-24,C11098,Customer 1098,Maruti Suzuki,Dzire,Hatchback,Diesel,Manual,North,Punjab,Amritsar,1,777523.3,0.0351,750252.97,75247.44,Bank Finance
S01663,2023-06-25,C10652,Customer 0652,Kia,Sonet,MPV,Electric,Automatic,West,Gujarat,Surat,1,1132441.39,0.0149,1115596.53,61139.05,Bank Finance
S02421,2023-06-25,C10253,Customer 0253,Toyota,Innova HyCross,MPV,CNG,Manual,North,Haryana,Gurugram,1,4631345.5,0.0584,4360939.37,306683.99,UPI
S01400,2023-06-26,C10807,Customer 0807,Mahindra,XUV700,SUV,Petrol,Automatic,North,Punjab,Chandigarh,1,1281355.11,0.0863,1170727.71,176422.05,Bank Finance
S01606,2023-06-26,C11001,Customer 1001,Kia,Sonet,MPV,Diesel,Automatic,North,Haryana,Gurugram,1,843305.8,0.0324,815999.87,63571.14,Bank Finance
S01135,2023-06-26,C10329,Customer 0329,Maruti Suzuki,Dzire,Hatchback,Diesel,Automatic,North,Rajasthan,Udaipur,1,915588.35,0.0701,851413.04,79020.1,Credit Card
S00411,2023-06-26,C10287,Customer 0287,Mahindra,XUV 3XO,SUV,CNG,Automatic,West,Maharashtra,Nashik,1,1413700.44,0.0434,1352353.61,133581.86,UPI
S04553,2023-06-26,C10699,Customer 0699,Volkswagen,Taigun,Sedan,Petrol,Manual,West,Maharashtra,Nagpur,1,3167578.3,0.0497,3010094.82,196708.36,UPI
S01229,2023-06-26,C10190,Customer 0190,Toyota,Fortuner,SUV,Diesel,Manual,East,Bihar,Gaya,1,2474716.96,0.0447,2364111.19,321514.0,Credit Card
S00170,2023-06-27,C10609,Customer 0609,Honda,Amaze,SUV,Electric,Manual,West,Goa,Panaji,1,1546954.38,0.0419,1482154.56,165413.88,Cash
S04436,2023-06-27,C10596,Customer 0596,Maruti Suzuki,Grand Vitara,Hatchback,CNG,Manual,South,Karnataka,Bengaluru,1,1087648.29,0.1044,974114.25,100468.74,Bank Finance
S01540,2023-06-27,C10306,Customer 0306,Toyota,Urban Cruiser Hyryder,Hatchback,Petrol,Automatic,South,Karnataka,Bengaluru,1,975187.41,0.1151,862914.3,149286.39,Bank Finance
S02900,2023-06-28,C10876,Customer 0876,Honda,City,SUV,Diesel,Automatic,West,Goa,Margao,1,979343.53,0.0038,975662.01,67441.64,Bank Finance
S01716,2023-06-29,C10016,Customer 0016,Hyundai,i20,Sedan,Petrol,Manual,South,Andhra Pradesh,Vijayawada,1,1621492.48,0.0637,1518190.18,53136.66,Cash
S00443,2023-06-29,C11146,Customer 1146,Kia,Carens,MPV,Petrol,Automatic,West,Goa,Panaji,1,2082556.15,0.0253,2029948.27,208980.98,Credit Card
S00406,2023-06-29,C10175,Customer 0175,Maruti Suzuki,Brezza,Hatchback,Petrol,Automatic,North,Rajasthan,Jaipur,1,729454.0,0.0797,671318.45,71779.75,Bank Finance
S00268,2023-06-29,C10066,Customer 0066,Mahindra,Scorpio-N,SUV,CNG,Automatic,East,West Bengal,Kolkata,1,1687745.27,0.0483,1606188.31,176857.32,Bank Finance
S01468,2023-06-29,C10229,Customer 0229,Toyota,Innova HyCross,SUV,Diesel,Automatic,North,Rajasthan,Jaipur,1,1503110.77,0.0431,1438302.5,228101.18,Bank Finance
S04922,2023-06-30,C10187,Customer 0187,Maruti Suzuki,Brezza,SUV,CNG,Automatic,South,Kerala,Kochi,1,692666.47,0.0728,642258.03,102080.04,UPI
S01119,2023-06-30,C10807,Customer 0807,Toyota,Fortuner,SUV,Petrol,Manual,South,Andhra Pradesh,Visakhapatnam,1,4022654.67,0.0446,3843211.52,338429.72,Credit Card
S04986,2023-06-30,C11200,Customer 1200,Volkswagen,Tiguan,SUV,Petrol,Manual,West,Goa,Panaji,1,1714115.54,0.0283,1665667.38,58298.36,UPI
S04530,2023-07-01,C10749,Customer 0749,Toyota,Fortuner,SUV,Petrol,Manual,South,Telangana,Hyderabad,1,4391075.58,0.0783,4047413.13,425787.01,Credit Card
S01362,2023-07-01,C10304,Customer 0304,Toyota,Innova HyCross,Hatchback,Petrol,Manual,West,Gujarat,Rajkot,1,3500945.0,0.0712,3251744.4,178212.03,Bank Finance
S00366,2023-07-01,C10551,Customer 0551,Maruti Suzuki,Dzire,Sedan,Diesel,Automatic,East,Jharkhand,Ranchi,1,918898.39,0.0971,829683.56,66404.28,Bank Finance
S03478,2023-07-01,C10399,Customer 0399,Volkswagen,Virtus,Sedan,Electric,Manual,East,West Bengal,Kolkata,1,2063972.0,0.0588,1942664.63,282955.98,Bank Finance
S03331,2023-07-02,C11060,Customer 1060,Mahindra,Bolero,SUV,Electric,Manual,North,Punjab,Ludhiana,1,1406760.75,0.0343,1358559.2,107168.2,Credit Card
S04564,2023-07-03,C10854,Customer 0854,Kia,Carens,MPV,Diesel,Manual,South,Karnataka,Mangaluru,1,2141007.32,0.0332,2070013.28,186143.95,Bank Finance
S03657,2023-07-03,C10405,Customer 0405,Volkswagen,Virtus,Sedan,Petrol,Automatic,South,Andhra Pradesh,Vijayawada,1,2828423.09,0.0298,2744232.25,292600.47,Credit Card
S02912,2023-07-03,C11147,Customer 1147,Volkswagen,Virtus,Sedan,Electric,Manual,West,Maharashtra,Thane,1,1754125.01,0.0542,1659014.13,151091.45,Cash
S01230,2023-07-04,C11160,Customer 1160,Volkswagen,Virtus,SUV,Electric,Manual,North,Punjab,Ludhiana,1,1970537.68,0.1017,1770059.38,193555.11,Credit Card
S00901,2023-07-04,C10628,Customer 0628,Honda,Elevate,SUV,Electric,Automatic,East,Odisha,Cuttack,1,954331.28,0.0567,900267.88,91810.93,UPI
S01957,2023-07-05,C10389,Customer 0389,Honda,City,Sedan,Diesel,Automatic,South,Kerala,Thiruvananthapuram,1,1827738.81,0.049,1738098.91,313000.84,Bank Finance
S03887,2023-07-05,C10381,Customer 0381,Mahindra,Scorpio-N,SUV,Petrol,Automatic,North,Haryana,Gurugram,1,1096258.23,0.0344,1058519.8,81765.73,Bank Finance
S02579,2023-07-05,C11126,Customer 1126,Tata,Harrier,SUV,Diesel,Manual,West,Gujarat,Vadodara,1,1747157.29,0.0963,1578866.24,218314.38,Bank Finance
S04452,2023-07-05,C10664,Customer 0664,Mahindra,Scorpio-N,SUV,Hybrid,Automatic,West,Goa,Margao,1,1491717.77,0.011,1475307.91,131018.04,Cash
S00524,2023-07-06,C10447,Customer 0447,Honda,Elevate,Sedan,Electric,Manual,East,West Bengal,Kolkata,1,1231462.43,0.0182,1209075.21,120900.36,Bank Finance
S03189,2023-07-06,C10900,Customer 0900,Kia,Sonet,MPV,Petrol,Manual,West,Goa,Panaji,1,2709971.87,0.0399,2601977.92,318270.46,Bank Finance
S00160,2023-07-06,C10973,Customer 0973,Mahindra,Bolero,SUV,Petrol,Manual,South,Karnataka,Mysuru,1,1449454.59,0.0571,1366694.92,63066.31,Bank Finance
S04325,2023-07-06,C10596,Customer 0596,Toyota,Glanza,SUV,Petrol,Manual,West,Gujarat,Rajkot,1,2092192.78,0.0861,1911962.95,131942.41,UPI
S03654,2023-07-07,C11125,Customer 1125,Toyota,Innova HyCross,Hatchback,CNG,Automatic,South,Telangana,Warangal,1,5070370.66,0.0295,4920827.45,305750.91,Bank Finance
S04686,2023-07-07,C10324,Customer 0324,Honda,Elevate,Sedan,Diesel,Automatic,East,West Bengal,Kolkata,1,2305617.09,0.1,2075024.78,161559.6,Cash
S02454,2023-07-07,C10864,Customer 0864,Toyota,Fortuner,Hatchback,Hybrid,Automatic,North,Delhi,New Delhi,1,1627396.77,0.0887,1482977.28,98271.64,Bank Finance
S02253,2023-07-08,C10086,Customer 0086,Honda,City,Sedan,CNG,Automatic,South,Kerala,Thiruvananthapuram,1,2113426.99,0.061,1984437.96,191022.66,Bank Finance
S00801,2023-07-08,C10082,Customer 0082,Honda,Elevate,Sedan,Electric,Automatic,North,Punjab,Amritsar,1,855569.87,0.0672,798078.09,54196.32,Bank Finance
S00558,2023-07-08,C11071,Customer 1071,Tata,Safari,SUV,Petrol,Automatic,East,West Bengal,Kolkata,1,2034692.2,0.0507,1931518.0,118277.68,Bank Finance
S02280,2023-07-09,C11054,Customer 1054,Volkswagen,Taigun,SUV,Petrol,Automatic,North,Delhi,New Delhi,1,1920116.76,0.0698,1786099.56,99093.87,Cash
S00586,2023-07-09,C11109,Customer 1109,Volkswagen,Tiguan,Sedan,Petrol,Manual,West,Gujarat,Surat,1,3406181.29,0.0757,3148502.41,258290.25,UPI
S04867,2023-07-09,C10651,Customer 0651,Maruti Suzuki,Brezza,Hatchback,CNG,Automatic,South,Kerala,Thiruvananthapuram,1,1186873.08,0.0609,1114621.84,109385.28,Bank Finance
S02311,2023-07-09,C10276,Customer 0276,Mahindra,Thar,SUV,Petrol,Manual,South,Andhra Pradesh,Vijayawada,1,2172461.58,0.0523,2058887.03,288474.77,UPI
S02846,2023-07-10,C10905,Customer 0905,Mahindra,XUV 3XO,SUV,Electric,Manual,East,Odisha,Bhubaneswar,1,1541324.07,0.0019,1538430.6,204017.49,Bank Finance
S03437,2023-07-10,C10174,Customer 0174,Maruti Suzuki,Baleno,SUV,Petrol,Manual,North,Delhi,New Delhi,1,1462959.64,0.0535,1384759.82,258893.16,Bank Finance
S01717,2023-07-10,C10395,Customer 0395,Honda,City,Sedan,CNG,Manual,East,Odisha,Bhubaneswar,1,1277607.99,0.0777,1178353.09,208817.47,Bank Finance
S00247,2023-07-11,C11016,Customer 1016,Mahindra,XUV 3XO,SUV,Petrol,Automatic,West,Goa,Panaji,1,2080036.03,0.0121,2054883.08,164255.57,Bank Finance
S03412,2023-07-11,C10938,Customer 0938,Honda,Amaze,SUV,CNG,Manual,South,Karnataka,Mysuru,1,1756536.72,0.0527,1663939.11,202630.15,Bank Finance
S03208,2023-07-12,C10825,Customer 0825,Honda,Elevate,SUV,Petrol,Manual,West,Goa,Panaji,1,1755584.92,0.0763,1621573.8,227652.64,Credit Card
S03907,2023-07-12,C10518,Customer 0518,Mahindra,Bolero,SUV,Petrol,Manual,East,Jharkhand,Ranchi,1,1308329.89,0.0769,1207674.01,167581.61,UPI
S02351,2023-07-12,C10557,Customer 0557,Honda,Elevate,Sedan,Diesel,Manual,South,Tamil Nadu,Coimbatore,1,1636903.78,0.0923,1485862.18,101941.79,Bank Finance
S01318,2023-07-12,C10043,Customer 0043,Hyundai,Venue,SUV,Diesel,Automatic,West,Gujarat,Rajkot,1,782496.13,0.0335,756281.71,76988.62,Bank Finance
S04612,2023-07-12,C10831,Customer 0831,Kia,Sonet,SUV,Hybrid,Automatic,East,Odisha,Bhubaneswar,1,1328632.25,0.0567,1253351.62,87518.41,UPI
S00215,2023-07-13,C10624,Customer 0624,Tata,Harrier,SUV,CNG,Automatic,South,Tamil Nadu,Madurai,1,1168314.48,0.0555,1103480.32,122013.64,Cash
S03291,2023-07-13,C10633,Customer 0633,Honda,Amaze,Sedan,Petrol,Manual,East,Jharkhand,Jamshedpur,1,861906.67,0.0688,802593.76,109366.95,Credit Card
S00349,2023-07-13,C10913,Customer 0913,Toyota,Urban Cruiser Hyryder,Hatchback,Petrol,Manual,South,Tamil Nadu,Madurai,1,3914696.89,0.0287,3802440.15,408940.56,Bank Finance
S00046,2023-07-14,C10608,Customer 0608,Hyundai,Exter,Hatchback,Hybrid,Automatic,West,Goa,Margao,1,1046606.13,0.0537,990386.06,144476.07,UPI
S04380,2023-07-14,C11146,Customer 1146,Hyundai,i20,Sedan,Petrol,Automatic,South,Tamil Nadu,Madurai,1,1375621.1,0.0,1375621.1,170702.23,Bank Finance
S04999,2023-07-15,C10647,Customer 0647,Toyota,Fortuner,SUV,Electric,Manual,West,Goa,Panaji,1,913404.46,0.0266,889069.61,68673.05,Cash
S03917,2023-07-15,C10807,Customer 0807,Hyundai,Creta,Hatchback,Petrol,Manual,East,Odisha,Bhubaneswar,1,837434.02,0.0516,794252.72,106878.59,UPI
S02223,2023-07-15,C10718,Customer 0718,Volkswagen,Tiguan,SUV,Electric,Automatic,South,Kerala,Thiruvananthapuram,1,1832754.91,0.0912,1665656.93,203622.06,UPI
S04472,2023-07-15,C10229,Customer 0229,Honda,Amaze,SUV,Diesel,Automatic,East,Odisha,Bhubaneswar,1,1714914.04,0.0828,1572918.68,105364.32,UPI
S00072,2023-07-15,C11045,Customer 1045,Mahindra,Thar,SUV,Petrol,Manual,East,Jharkhand,Ranchi,1,1758772.95,0.0597,1653861.39,236908.94,UPI
S02611,2023-07-15,C10715,Customer 0715,Toyota,Innova HyCross,Hatchback,Petrol,Automatic,South,Telangana,Warangal,1,1387212.07,0.0592,1305128.24,218959.98,Bank Finance
S00778,2023-07-15,C10121,Customer 0121,Mahindra,Scorpio-N,SUV,CNG,Automatic,East,Bihar,Gaya,1,2100564.02,0.0372,2022320.3,243144.02,UPI
S03173,2023-07-15,C10906,Customer 0906,Honda,Amaze,Sedan,Petrol,Manual,West,Maharashtra,Nagpur,1,936886.48,0.0579,882643.57,66829.88,Bank Finance
S03365,2023-07-16,C10761,Customer 0761,Honda,Amaze,Sedan,CNG,Automatic,West,Goa,Panaji,1,1518020.21,0.0927,1377239.85,198365.03,Bank Finance
S02630,2023-07-16,C10608,Customer 0608,Tata,Altroz,Hatchback,Diesel,Automatic,South,Telangana,Warangal,1,1754223.7,0.0681,1634782.27,119894.35,Bank Finance
S01091,2023-07-16,C11054,Customer 1054,Mahindra,XUV 3XO,SUV,Hybrid,Automatic,North,Punjab,Chandigarh,1,1788226.84,0.0836,1638735.76,146772.66,Credit Card
S04493,2023-07-16,C11048,Customer 1048,Mahindra,XUV700,SUV,Petrol,Automatic,West,Maharashtra,Pune,1,1218669.26,0.0573,1148814.89,111033.97,Bank Finance
S00929,2023-07-17,C10098,Customer 0098,Toyota,Fortuner,MPV,Petrol,Manual,West,Maharashtra,Mumbai,1,4702226.58,0.1015,4225052.56,513980.78,Bank Finance
S02173,2023-07-17,C10100,Customer 0100,Hyundai,Venue,SUV,Electric,Automatic,West,Gujarat,Ahmedabad,1,1307886.4,0.0625,1226153.08,77281.44,Credit Card
S00284,2023-07-17,C10458,Customer 0458,Honda,Elevate,SUV,Petrol,Manual,North,Rajasthan,Udaipur,1,1150595.09,0.0488,1094477.24,83979.02,UPI
S04638,2023-07-18,C10121,Customer 0121,Maruti Suzuki,Grand Vitara,Hatchback,Petrol,Automatic,North,Rajasthan,Jaipur,1,1578252.17,0.0343,1524167.15,152200.66,Bank Finance
S01760,2023-07-18,C10622,Customer 0622,Volkswagen,Virtus,SUV,Diesel,Automatic,West,Goa,Panaji,1,1837574.36,0.0473,1750597.27,170663.49,Bank Finance
S02417,2023-07-18,C10329,Customer 0329,Tata,Nexon,SUV,Diesel,Manual,East,Bihar,Patna,1,1049512.7,0.0198,1028768.88,90425.76,Cash
S03909,2023-07-18,C10650,Customer 0650,Hyundai,Creta,SUV,Hybrid,Automatic,South,Kerala,Kochi,1,981549.53,0.0753,907651.69,66115.99,Bank Finance
S03805,2023-07-19,C10181,Customer 0181,Honda,Amaze,Sedan,Hybrid,Automatic,East,West Bengal,Siliguri,1,1123898.63,0.0499,1067823.03,103854.67,UPI
S02885,2023-07-19,C10677,Customer 0677,Mahindra,Bolero,SUV,Electric,Manual,North,Uttar Pradesh,Lucknow,1,1198026.28,0.0658,1119186.34,179758.23,Bank Finance
S03091,2023-07-19,C11108,Customer 1108,Tata,Altroz,Hatchback,CNG,Manual,West,Gujarat,Surat,1,932020.93,0.0196,913743.32,117686.67,Credit Card
S04977,2023-07-19,C10664,Customer 0664,Volkswagen,Tiguan,SUV,Electric,Automatic,West,Goa,Panaji,1,2789228.56,0.0805,2564616.12,449733.25,Cash
S02968,2023-07-19,C10241,Customer 0241,Toyota,Fortuner,SUV,Petrol,Automatic,East,Bihar,Patna,1,763978.52,0.0083,757674.86,96065.3,UPI
S04685,2023-07-20,C10640,Customer 0640,Tata,Harrier,SUV,CNG,Manual,West,Maharashtra,Nagpur,1,1441996.5,0.0387,1386174.97,69788.67,Bank Finance
S02737,2023-07-20,C10363,Customer 0363,Maruti Suzuki,Dzire,SUV,Diesel,Automatic,West,Gujarat,Surat,1,759630.52,0.0261,739786.0,80992.17,Cash
S01531,2023-07-20,C10374,Customer 0374,Honda,Elevate,SUV,Hybrid,Automatic,West,Maharashtra,Pune,1,1140721.24,0.0163,1122090.84,132645.3,Credit Card
S01042,2023-07-20,C11197,Customer 1197,Hyundai,Verna,SUV,CNG,Automatic,East,West Bengal,Kolkata,1,723780.24,0.054,684661.84,109445.24,Credit Card
S02712,2023-07-21,C10055,Customer 0055,Mahindra,Thar,SUV,CNG,Manual,East,Odisha,Bhubaneswar,1,2084419.36,0.0534,1973028.74,241115.24,UPI
S03184,2023-07-21,C11079,Customer 1079,Hyundai,Exter,Sedan,Petrol,Automatic,North,Delhi,New Delhi,1,1173221.58,0.0565,1106938.19,89664.96,Bank Finance
S02413,2023-07-21,C11114,Customer 1114,Volkswagen,Taigun,Sedan,Petrol,Manual,North,Uttar Pradesh,Noida,1,1179202.87,0.0753,1090397.37,169058.09,Credit Card
S01939,2023-07-21,C10134,Customer 0134,Kia,Sonet,MPV,Diesel,Automatic,North,Rajasthan,Jaipur,1,1560927.1,0.0631,1462364.4,156458.93,Cash
S04565,2023-07-22,C10803,Customer 0803,Honda,Amaze,SUV,Electric,Automatic,North,Uttar Pradesh,Lucknow,1,1213680.2,0.09,1104404.16,162972.01,UPI
S01747,2023-07-22,C10219,Customer 0219,Mahindra,Thar,SUV,Hybrid,Manual,West,Maharashtra,Thane,1,1518537.95,0.0774,1400983.58,167225.02,UPI
S01563,2023-07-23,C11101,Customer 1101,Kia,Sonet,SUV,Hybrid,Automatic,East,Odisha,Bhubaneswar,1,1724984.92,0.0756,1594562.59,144550.22,Bank Finance
S04684,2023-07-24,C10797,Customer 0797,Tata,Harrier,SUV,Diesel,Automatic,South,Kerala,Kochi,1,1444746.87,0.0614,1356109.94,152331.6,Cash
S02697,2023-07-24,C10193,Customer 0193,Volkswagen,Taigun,SUV,Electric,Manual,South,Tamil Nadu,Madurai,1,2308698.63,0.076,2133344.49,262591.24,Cash
S02658,2023-07-24,C10493,Customer 0493,Mahindra,Scorpio-N,SUV,CNG,Automatic,West,Gujarat,Surat,1,2174645.25,0.0724,2017155.75,275882.33,UPI
S01922,2023-07-24,C10162,Customer 0162,Volkswagen,Tiguan,SUV,Diesel,Manual,North,Rajasthan,Udaipur,1,2846256.03,0.0384,2736871.3,321921.54,UPI
S03448,2023-07-25,C10063,Customer 0063,Honda,City,Sedan,Diesel,Automatic,South,Telangana,Hyderabad,1,938962.88,0.0453,896428.44,148572.24,UPI
S02932,2023-07-25,C10238,Customer 0238,Hyundai,Exter,SUV,Petrol,Automatic,West,Maharashtra,Nashik,1,929536.2,0.0686,865804.63,87822.46,UPI
S03317,2023-07-25,C10869,Customer 0869,Hyundai,Verna,SUV,Diesel,Automatic,North,Haryana,Faridabad,1,1262087.93,0.0631,1182396.66,75388.25,Bank Finance
S04233,2023-07-26,C10956,Customer 0956,Tata,Punch,Hatchback,Petrol,Manual,West,Gujarat,Vadodara,1,960765.49,0.0592,903916.17,96559.21,UPI
S01486,2023-07-26,C10502,Customer 0502,Honda,City,Sedan,Diesel,Automatic,West,Maharashtra,Pune,1,1207911.67,0.0073,1199088.62,78596.88,Credit Card
S02690,2023-07-26,C11159,Customer 1159,Honda,Amaze,SUV,Electric,Automatic,East,Jharkhand,Jamshedpur,1,1004289.9,0.03,974112.44,98557.86,Bank Finance
S04049,2023-07-26,C10185,Customer 0185,Toyota,Urban Cruiser Hyryder,Hatchback,Diesel,Automatic,South,Kerala,Thiruvananthapuram,1,4579760.57,0.0461,4368442.36,373724.36,Bank Finance
S00054,2023-07-26,C10043,Customer 0043,Honda,City,SUV,Diesel,Manual,North,Rajasthan,Jodhpur,1,1873303.79,0.0254,1825790.8,275095.34,Bank Finance
S03506,2023-07-27,C10848,Customer 0848,Tata,Safari,SUV,Hybrid,Automatic,South,Telangana,Warangal,1,1970488.31,0.0868,1799368.08,310010.7,Bank Finance
S00947,2023-07-27,C10002,Customer 0002,Volkswagen,Virtus,Sedan,Electric,Manual,West,Gujarat,Surat,1,2682641.8,0.1,2414343.68,342142.06,UPI
S01348,2023-07-27,C10462,Customer 0462,Tata,Altroz,Hatchback,Electric,Manual,North,Delhi,New Delhi,1,1997041.3,0.0425,1912178.72,174139.08,Bank Finance
S03024,2023-07-27,C10982,Customer 0982,Tata,Nexon,Hatchback,Petrol,Automatic,North,Uttar Pradesh,Kanpur,1,1076064.77,0.0914,977732.7,56631.75,Bank Finance
S04196,2023-07-27,C10745,Customer 0745,Honda,Elevate,SUV,CNG,Automatic,East,Odisha,Bhubaneswar,1,2259618.0,0.0598,2124581.04,132578.76,UPI
S01310,2023-07-27,C10461,Customer 0461,Tata,Safari,SUV,CNG,Manual,North,Haryana,Faridabad,1,893412.77,0.0203,875299.61,75823.38,UPI
S03517,2023-07-27,C10158,Customer 0158,Toyota,Fortuner,SUV,Electric,Automatic,West,Maharashtra,Mumbai,1,3854835.95,0.0528,3651146.44,296764.98,UPI
S04455,2023-07-28,C10423,Customer 0423,Toyota,Urban Cruiser Hyryder,SUV,CNG,Manual,North,Delhi,New Delhi,1,4244145.72,0.0473,4043190.52,373279.25,UPI
S02264,2023-07-28,C10857,Customer 0857,Toyota,Fortuner,Hatchback,Petrol,Automatic,East,Bihar,Patna,1,1408159.44,0.0267,1370547.91,213131.83,Credit Card
S01328,2023-07-28,C10566,Customer 0566,Tata,Nexon,Hatchback,Petrol,Automatic,South,Kerala,Thiruvananthapuram,1,929888.14,0.0661,868390.03,124413.66,Bank Finance
S02506,2023-07-28,C10646,Customer 0646,Volkswagen,Taigun,SUV,Hybrid,Manual,East,Jharkhand,Ranchi,1,2778076.37,0.0731,2574941.36,90420.26,Cash
S03580,2023-07-28,C10969,Customer 0969,Hyundai,Exter,Sedan,Hybrid,Automatic,West,Maharashtra,Mumbai,1,1203168.86,0.029,1168242.82,120443.24,Bank Finance
S00795,2023-07-28,C11133,Customer 1133,Maruti Suzuki,Brezza,Sedan,Petrol,Automatic,West,Goa,Margao,1,866391.0,0.0573,816786.27,69769.73,UPI
S03088,2023-07-29,C10011,Customer 0011,Volkswagen,Taigun,Sedan,Electric,Automatic,North,Delhi,New Delhi,1,1475269.34,0.0562,1392384.62,148026.31,UPI
S01090,2023-07-29,C11197,Customer 1197,Honda,City,SUV,CNG,Automatic,North,Punjab,Chandigarh,1,1311163.88,0.0454,1251633.64,141592.3,UPI
S00440,2023-07-29,C10497,Customer 0497,Honda,Elevate,SUV,Diesel,Automatic,South,Andhra Pradesh,Visakhapatnam,1,2208122.42,0.0891,2011363.09,178215.06,Credit Card
S01554,2023-07-29,C10969,Customer 0969,Volkswagen,Tiguan,SUV,CNG,Automatic,North,Delhi,New Delhi,1,1745950.32,0.0546,1650633.08,247404.41,Cash
S01592,2023-07-29,C10743,Customer 0743,Toyota,Urban Cruiser Hyryder,Hatchback,Diesel,Automatic,West,Maharashtra,Thane,1,3698164.56,0.0939,3350953.82,127998.34,Credit Card
S04821,2023-07-29,C11156,Customer 1156,Tata,Altroz,SUV,Diesel,Automatic,South,Telangana,Hyderabad,1,1140191.68,0.0571,1075131.77,61280.71,Bank Finance
S00377,2023-07-29,C10664,Customer 0664,Tata,Harrier,Hatchback,Petrol,Manual,South,Telangana,Hyderabad,1,2015367.16,0.0425,1929779.77,171420.55,Bank Finance
S02018,2023-07-30,C11035,Customer 1035,Volkswagen,Tiguan,Sedan,Petrol,Manual,South,Kerala,Thiruvananthapuram,1,3401083.03,0.0441,3250968.0,363199.51,Bank Finance
S02778,2023-07-30,C10447,Customer 0447,Volkswagen,Virtus,SUV,Hybrid,Manual,South,Kerala,Kochi,1,2287938.47,0.0099,2265277.5,299650.8,Cash
S02597,2023-07-30,C10029,Customer 0029,Honda,City,SUV,Diesel,Automatic,North,Punjab,Ludhiana,1,1093798.2,0.064,1023808.51,119774.38,Credit Card
S03245,2023-07-31,C10054,Customer 0054,Tata,Harrier,Hatchback,Petrol,Manual,North,Delhi,New Delhi,1,1567007.77,0.0418,1501459.7,153772.19,Credit Card
S00832,2023-07-31,C11071,Customer 1071,Kia,Sonet,SUV,CNG,Automatic,South,Kerala,Kochi,1,1137746.5,0.0408,1091335.38,91298.77,Bank Finance
S01490,2023-07-31,C10016,Customer 0016,Mahindra,Thar,SUV,Hybrid,Automatic,East,Bihar,Patna,1,2525137.32,0.0204,2473545.54,302891.0,Bank Finance
S01103,2023-07-31,C10231,Customer 0231,Tata,Nexon,SUV,Petrol,Manual,North,Uttar Pradesh,Lucknow,1,1693138.75,0.0487,1610706.49,66563.9,Bank Finance
S00927,2023-08-01,C11178,Customer 1178,Volkswagen,Virtus,SUV,Diesel,Automatic,South,Telangana,Warangal,1,1843617.82,0.0577,1737215.55,246999.2,Credit Card
S03381,2023-08-01,C10308,Customer 0308,Honda,Amaze,SUV,Electric,Manual,East,West Bengal,Siliguri,1,1116869.65,0.0543,1056176.51,62115.63,Bank Finance
S04525,2023-08-02,C10002,Customer 0002,Hyundai,Verna,Hatchback,Petrol,Automatic,South,Kerala,Thiruvananthapuram,1,1601248.32,0.0275,1557280.03,142587.01,UPI
S03721,2023-08-02,C10588,Customer 0588,Toyota,Glanza,SUV,Diesel,Manual,North,Uttar Pradesh,Kanpur,1,3962035.4,0.0325,3833277.62,327934.67,Bank Finance
S02671,2023-08-02,C10226,Customer 0226,Tata,Nexon,SUV,Electric,Automatic,North,Delhi,New Delhi,1,1962709.01,0.0727,1820082.29,179798.78,Bank Finance
S04308,2023-08-02,C10128,Customer 0128,Honda,Elevate,Sedan,Diesel,Automatic,North,Delhi,New Delhi,1,1563788.7,0.0418,1498459.08,236413.99,Bank Finance
S03970,2023-08-03,C10063,Customer 0063,Volkswagen,Tiguan,Sedan,Petrol,Manual,South,Karnataka,Mysuru,1,3310975.18,0.048,3151969.58,288233.31,Bank Finance
S00460,2023-08-03,C10656,Customer 0656,Toyota,Urban Cruiser Hyryder,MPV,Diesel,Manual,North,Delhi,New Delhi,1,1006960.76,0.0562,950412.43,88539.84,Bank Finance
S03875,2023-08-03,C10852,Customer 0852,Volkswagen,Virtus,Sedan,Diesel,Manual,East,Bihar,Patna,1,1326888.86,0.0597,1247730.18,120549.41,UPI
S03320,2023-08-04,C10184,Customer 0184,Mahindra,Thar,SUV,Petrol,Automatic,North,Haryana,Gurugram,1,1831106.55,0.0564,1727856.17,69922.16,Bank Finance
S04969,2023-08-04,C10459,Customer 0459,Toyota,Urban Cruiser Hyryder,MPV,Diesel,Manual,North,Uttar Pradesh,Kanpur,1,3890629.18,0.1089,3466966.7,253380.69,Credit Card
S01226,2023-08-04,C11095,Customer 1095,Honda,City,Sedan,Petrol,Automatic,North,Punjab,Chandigarh,1,1558655.45,0.0814,1431741.1,50110.94,Bank Finance
S03879,2023-08-04,C10198,Customer 0198,Kia,Sonet,MPV,Hybrid,Manual,West,Gujarat,Ahmedabad,1,1374666.43,0.0649,1285488.66,116970.39,Bank Finance
S00205,2023-08-04,C11159,Customer 1159,Toyota,Glanza,Hatchback,Petrol,Manual,South,Telangana,Hyderabad,1,1015103.21,0.05,964397.5,136109.04,Bank Finance
S04133,2023-08-05,C10960,Customer 0960,Maruti Suzuki,Brezza,SUV,Hybrid,Automatic,West,Maharashtra,Nashik,1,1526370.5,0.0315,1478286.0,124685.09,Bank Finance
S02721,2023-08-05,C10162,Customer 0162,Kia,Seltos,SUV,Electric,Manual,East,Bihar,Patna,1,1127679.66,0.0644,1055032.69,110389.18,Cash
S01402,2023-08-05,C11069,Customer 1069,Hyundai,Venue,Hatchback,CNG,Automatic,North,Uttar Pradesh,Kanpur,1,796416.05,0.0752,736525.77,62454.24,Bank Finance
S03485,2023-08-05,C10132,Customer 0132,Hyundai,Verna,Sedan,Diesel,Manual,North,Rajasthan,Jaipur,1,677496.83,0.0503,643385.46,115756.08,Bank Finance
S00950,2023-08-05,C10944,Customer 0944,Toyota,Innova HyCross,MPV,Petrol,Automatic,East,Jharkhand,Ranchi,1,4848675.9,0.0756,4482116.89,314899.22,Bank Finance
S03054,2023-08-05,C10175,Customer 0175,Kia,Sonet,MPV,CNG,Automatic,South,Andhra Pradesh,Vijayawada,1,1416562.62,0.0598,1331876.07,192020.67,UPI
S02518,2023-08-06,C10753,Customer 0753,Kia,Seltos,MPV,Petrol,Automatic,West,Goa,Margao,1,2408639.68,0.0675,2246059.66,366656.76,Bank Finance
S01863,2023-08-06,C10173,Customer 0173,Kia,Carens,MPV,Electric,Automatic,West,Gujarat,Ahmedabad,1,2443512.17,0.0335,2361774.2,227741.69,UPI
S01358,2023-08-07,C10407,Customer 0407,Kia,Seltos,SUV,CNG,Automatic,East,Jharkhand,Ranchi,1,807102.81,0.0888,735424.35,106828.01,Credit Card
S00955,2023-08-07,C10544,Customer 0544,Toyota,Glanza,SUV,Diesel,Automatic,South,Karnataka,Mysuru,1,3593063.19,0.0647,3360567.15,417675.78,Cash
S03682,2023-08-07,C10312,Customer 0312,Tata,Safari,Hatchback,Electric,Automatic,East,Bihar,Gaya,1,1733580.8,0.0215,1696225.12,149098.35,Bank Finance
S00436,2023-08-07,C10259,Customer 0259,Hyundai,Verna,Hatchback,Diesel,Automatic,East,West Bengal,Kolkata,1,2026521.6,0.0167,1992778.1,193014.07,Credit Card
S04626,2023-08-07,C10803,Customer 0803,Volkswagen,Tiguan,SUV,Hybrid,Manual,North,Punjab,Ludhiana,1,2078591.98,0.0571,1959951.64,181529.86,Bank Finance
S02136,2023-08-08,C10002,Customer 0002,Hyundai,Creta,Sedan,Petrol,Manual,West,Gujarat,Ahmedabad,1,900193.71,0.0431,861409.6,81691.98,UPI
S04877,2023-08-08,C11135,Customer 1135,Tata,Harrier,SUV,Electric,Automatic,East,Odisha,Bhubaneswar,1,616317.43,0.0455,588284.12,61606.57,Bank Finance
S00995,2023-08-08,C10492,Customer 0492,Hyundai,Venue,Hatchback,Electric,Automatic,West,Maharashtra,Mumbai,1,1615323.05,0.0464,1540310.2,168178.47,Cash
S01666,2023-08-08,C10852,Customer 0852,Maruti Suzuki,Baleno,Sedan,Electric,Manual,West,Gujarat,Rajkot,1,927399.63,0.0353,894667.49,39417.47,Bank Finance
S02632,2023-08-08,C10058,Customer 0058,Kia,Carens,SUV,Hybrid,Manual,North,Uttar Pradesh,Lucknow,1,1449602.32,0.035,1398880.66,106626.63,Bank Finance
S02551,2023-08-09,C10664,Customer 0664,Hyundai,Venue,Sedan,Petrol,Manual,West,Goa,Margao,1,1525189.92,0.0545,1442073.75,135577.43,Credit Card
S03354,2023-08-09,C10298,Customer 0298,Toyota,Fortuner,Hatchback,Diesel,Manual,North,Uttar Pradesh,Lucknow,1,4839269.66,0.059,4553668.79,529776.32,Credit Card
S04527,2023-08-09,C10244,Customer 0244,Maruti Suzuki,Swift,Sedan,Hybrid,Manual,West,Goa,Margao,1,1635684.72,0.0647,1529842.12,159438.71,UPI
S00671,2023-08-09,C11053,Customer 1053,Mahindra,XUV 3XO,SUV,Diesel,Automatic,South,Kerala,Thiruvananthapuram,1,806489.54,0.0437,771227.49,122427.42,UPI
S01562,2023-08-10,C10839,Customer 0839,Hyundai,Verna,Hatchback,Petrol,Manual,North,Punjab,Ludhiana,1,1545861.27,0.0706,1436679.65,215815.06,Bank Finance
S02480,2023-08-10,C10395,Customer 0395,Mahindra,XUV 3XO,SUV,Petrol,Automatic,South,Tamil Nadu,Coimbatore,1,2063575.97,0.0518,1956728.33,92358.47,UPI
S02715,2023-08-10,C10126,Customer 0126,Mahindra,XUV 3XO,SUV,Diesel,Manual,North,Uttar Pradesh,Kanpur,1,922335.34,0.0414,884106.96,92972.5,Bank Finance
S03822,2023-08-10,C10693,Customer 0693,Tata,Altroz,SUV,Electric,Manual,South,Tamil Nadu,Chennai,1,742322.29,0.0524,703390.61,43631.76,Cash
S00336,2023-08-10,C10517,Customer 0517,Tata,Safari,SUV,Hybrid,Automatic,South,Tamil Nadu,Coimbatore,1,1042376.55,0.0133,1028478.33,80532.75,Bank Finance
S03337,2023-08-10,C10324,Customer 0324,Volkswagen,Virtus,Sedan,Diesel,Automatic,East,Bihar,Gaya,1,2961746.21,0.0293,2875107.74,110999.96,Cash
S04338,2023-08-11,C10403,Customer 0403,Hyundai,Exter,Hatchback,CNG,Manual,West,Maharashtra,Nagpur,1,1647721.12,0.0723,1528579.55,174733.28,Bank Finance
S01997,2023-08-11,C10734,Customer 0734,Kia,Sonet,SUV,Petrol,Automatic,North,Punjab,Amritsar,1,1954954.43,0.0505,1856315.98,199537.28,Credit Card
S00645,2023-08-12,C10001,Customer 0001,Hyundai,Exter,Sedan,Diesel,Manual,South,Andhra Pradesh,Vijayawada,1,1269075.08,0.0341,1225793.84,100277.36,Bank Finance
S00187,2023-08-12,C11062,Customer 1062,Kia,Carens,MPV,Hybrid,Manual,East,Bihar,Patna,1,1954616.47,0.0784,1801345.52,202167.38,Credit Card
S02726,2023-08-13,C11108,Customer 1108,Maruti Suzuki,Dzire,Sedan,Petrol,Automatic,East,Bihar,Patna,1,1403220.37,0.0196,1375712.92,143464.23,Bank Finance
S00218,2023-08-13,C10487,Customer 0487,Tata,Altroz,Hatchback,Diesel,Automatic,North,Delhi,New Delhi,1,789739.48,0.0201,773893.1,72867.79,Credit Card
S04853,2023-08-13,C10329,Customer 0329,Tata,Safari,SUV,Electric,Manual,South,Tamil Nadu,Madurai,1,946675.11,0.0322,916236.17,121571.81,Bank Finance
S04588,2023-08-13,C10928,Customer 0928,Toyota,Fortuner,MPV,Electric,Manual,West,Gujarat,Surat,1,947555.2,0.0543,896076.4,109744.56,Bank Finance
S04412,2023-08-14,C10790,Customer 0790,Maruti Suzuki,Baleno,Hatchback,Petrol,Automatic,South,Karnataka,Mysuru,1,1394308.69,0.0553,1317241.91,172569.29,Bank Finance
S02469,2023-08-14,C10697,Customer 0697,Volkswagen,Tiguan,SUV,Diesel,Automatic,North,Punjab,Ludhiana,1,3201933.24,0.0793,2948017.55,378553.28,Bank Finance
S00186,2023-08-14,C10452,Customer 0452,Tata,Nexon,SUV,Petrol,Manual,West,Gujarat,Ahmedabad,1,1439506.59,0.0754,1331017.15,224109.89,Cash
S03509,2023-08-14,C10146,Customer 0146,Mahindra,Bolero,SUV,CNG,Automatic,West,Goa,Margao,1,1079896.11,0.0765,997287.8,94063.19,Cash
S03545,2023-08-14,C10515,Customer 0515,Hyundai,Verna,SUV,Petrol,Manual,North,Uttar Pradesh,Lucknow,1,859099.38,0.0691,799724.31,39079.24,Bank Finance
S03219,2023-08-14,C10969,Customer 0969,Volkswagen,Taigun,SUV,Petrol,Manual,West,Gujarat,Rajkot,1,1584333.48,0.0657,1480174.83,140699.7,Bank Finance
S01974,2023-08-14,C11157,Customer 1157,Volkswagen,Tiguan,Sedan,Electric,Automatic,East,Jharkhand,Ranchi,1,1216401.72,0.0872,1110322.84,117615.09,Credit Card
S01005,2023-08-14,C11147,Customer 1147,Tata,Punch,Hatchback,Petrol,Automatic,North,Rajasthan,Jodhpur,1,1201887.34,0.0432,1149975.42,136409.63,UPI
S04346,2023-08-14,C10434,Customer 0434,Hyundai,Exter,Hatchback,Hybrid,Automatic,East,Odisha,Cuttack,1,1577832.23,0.0687,1469433.9,97848.4,Credit Card
S00127,2023-08-14,C11075,Customer 1075,Volkswagen,Taigun,SUV,Diesel,Manual,South,Andhra Pradesh,Visakhapatnam,1,1203925.02,0.0,1203925.02,228424.12,Bank Finance
S03566,2023-08-14,C10069,Customer 0069,Tata,Punch,SUV,CNG,Manual,East,Odisha,Bhubaneswar,1,1712795.8,0.072,1589523.94,315742.62,Bank Finance
S01319,2023-08-15,C10872,Customer 0872,Tata,Safari,Hatchback,Diesel,Automatic,West,Gujarat,Ahmedabad,1,849850.04,0.0254,828243.24,94860.54,Bank Finance
S03835,2023-08-15,C11059,Customer 1059,Maruti Suzuki,Dzire,Sedan,Petrol,Automatic,West,Maharashtra,Mumbai,1,819132.86,0.058,771625.03,64031.06,Credit Card
S02361,2023-08-16,C10344,Customer 0344,Honda,Elevate,SUV,Electric,Manual,West,Maharashtra,Mumbai,1,840814.74,0.0908,764502.48,143787.81,Credit Card
S01736,2023-08-16,C11002,Customer 1002,Toyota,Glanza,MPV,Diesel,Automatic,North,Delhi,New Delhi,1,2820711.54,0.0344,2723751.43,337184.72,UPI
S03570,2023-08-16,C10636,Customer 0636,Mahindra,XUV 3XO,SUV,Petrol,Automatic,West,Goa,Margao,1,1387461.46,0.0703,1289894.86,45146.32,Bank Finance
S02816,2023-08-16,C10760,Customer 0760,Tata,Safari,SUV,Diesel,Automatic,South,Telangana,Hyderabad,1,1704147.16,0.0647,1593900.89,318780.18,Bank Finance
S04023,2023-08-17,C10624,Customer 0624,Mahindra,Thar,SUV,Hybrid,Automatic,North,Rajasthan,Jodhpur,1,1652889.49,0.0479,1573644.99,191361.96,UPI
S04348,2023-08-17,C10484,Customer 0484,Kia,Carens,MPV,Electric,Manual,North,Delhi,New Delhi,1,1236916.09,0.0447,1181594.8,107792.18,Cash
S00367,2023-08-17,C10024,Customer 0024,Tata,Safari,Hatchback,Diesel,Automatic,East,Odisha,Cuttack,1,1304600.62,0.0,1304600.62,157882.3,Bank Finance
S04549,2023-08-17,C10151,Customer 0151,Tata,Harrier,SUV,Petrol,Automatic,South,Andhra Pradesh,Visakhapatnam,1,1759129.33,0.0398,1689062.39,138968.4,Bank Finance
S02724,2023-08-17,C10275,Customer 0275,Kia,Sonet,SUV,Petrol,Manual,South,Telangana,Hyderabad,1,961299.64,0.0412,921712.82,118566.52,Credit Card
S02802,2023-08-18,C10345,Customer 0345,Hyundai,Exter,Sedan,Electric,Automatic,East,Jharkhand,Jamshedpur,1,933681.64,0.028,907493.18,111272.29,Bank Finance
S03308,2023-08-19,C10865,Customer 0865,Maruti Suzuki,Swift,SUV,Petrol,Automatic,North,Uttar Pradesh,Kanpur,1,1485661.8,0.0864,1357264.91,47504.27,Bank Finance
S03723,2023-08-19,C10546,Customer 0546,Maruti Suzuki,Grand Vitara,Sedan,Petrol,Manual,South,Telangana,Warangal,1,1177974.99,0.0917,1069966.9,136789.12,UPI
S04315,2023-08-19,C10796,Customer 0796,Toyota,Innova HyCross,Hatchback,Petrol,Automatic,West,Maharashtra,Nagpur,1,2498390.42,0.0449,2386312.4,315887.12,UPI
S01667,2023-08-19,C11194,Customer 1194,Kia,Seltos,SUV,Diesel,Manual,North,Uttar Pradesh,Kanpur,1,1346732.19,0.0256,1312281.3,117984.35,Bank Finance
S00374,2023-08-20,C10002,Customer 0002,Mahindra,Bolero,SUV,CNG,Manual,North,Punjab,Chandigarh,1,1993649.98,0.0403,1913344.06,276902.72,Bank Finance
S01746,2023-08-21,C10176,Customer 0176,Kia,Sonet,SUV,Petrol,Automatic,West,Maharashtra,Nashik,1,2527492.16,0.079,2327814.19,236590.41,Bank Finance
S02588,2023-08-21,C10426,Customer 0426,Kia,Carens,SUV,Petrol,Automatic,South,Telangana,Warangal,1,2514649.32,0.0621,2358567.82,226007.48,Bank Finance
S01865,2023-08-21,C10336,Customer 0336,Maruti Suzuki,Dzire,Hatchback,CNG,Manual,West,Maharashtra,Nashik,1,841012.46,0.0517,797554.95,73163.79,Credit Card
S03084,2023-08-21,C10730,Customer 0730,Honda,Amaze,Sedan,CNG,Automatic,West,Goa,Margao,1,1754350.74,0.0557,1656693.43,173592.49,Bank Finance
S00157,2023-08-22,C10467,Customer 0467,Mahindra,Thar,SUV,CNG,Manual,West,Maharashtra,Mumbai,1,1690301.55,0.0336,1633535.4,200302.94,Bank Finance
S01691,2023-08-22,C10142,Customer 0142,Maruti Suzuki,Dzire,Sedan,Diesel,Automatic,East,Bihar,Patna,1,1478854.37,0.0438,1414064.29,169906.08,Cash
S01072,2023-08-23,C10303,Customer 0303,Kia,Carens,SUV,Petrol,Manual,South,Kerala,Kochi,1,1970340.1,0.0051,1960337.98,183970.43,Credit Card
S02830,2023-08-23,C10936,Customer 0936,Hyundai,Exter,SUV,Electric,Automatic,South,Karnataka,Mysuru,1,960086.11,0.0053,954953.1,104134.91,Bank Finance
S02188,2023-08-23,C11039,Customer 1039,Mahindra,Scorpio-N,SUV,Diesel,Manual,North,Haryana,Faridabad,1,1454775.01,0.043,1392260.04,48729.1,Cash
S00814,2023-08-24,C10372,Customer 0372,Toyota,Fortuner,SUV,Electric,Manual,East,Jharkhand,Ranchi,1,2625477.27,0.0701,2441560.19,109794.98,Credit Card
S04541,2023-08-24,C10453,Customer 0453,Kia,Sonet,MPV,Petrol,Manual,West,Gujarat,Vadodara,1,1304468.35,0.1013,1172335.31,184426.12,Bank Finance
S04691,2023-08-24,C10157,Customer 0157,Kia,Carens,MPV,Electric,Automatic,East,Bihar,Gaya,1,1366192.05,0.0133,1348080.41,77279.59,UPI
S02246,2023-08-24,C10643,Customer 0643,Hyundai,i20,SUV,Petrol,Automatic,North,Delhi,New Delhi,1,847070.49,0.0487,805798.29,100276.0,Bank Finance
S03259,2023-08-24,C10566,Customer 0566,Volkswagen,Taigun,SUV,Petrol,Manual,South,Karnataka,Mysuru,1,3003224.78,0.0641,2810576.22,246208.69,Bank Finance
S01001,2023-08-25,C10601,Customer 0601,Tata,Punch,Hatchback,Petrol,Automatic,South,Telangana,Warangal,1,2052610.5,0.0466,1956916.76,266677.85,Credit Card
S00655,2023-08-25,C11171,Customer 1171,Maruti Suzuki,Dzire,SUV,Petrol,Automatic,West,Gujarat,Surat,1,1369602.52,0.0114,1353930.78,131930.48,Cash
S00576,2023-08-26,C10139,Customer 0139,Kia,Carens,SUV,Petrol,Manual,East,Jharkhand,Ranchi,1,2109644.76,0.0757,1949842.53,188211.15,Cash
S02909,2023-08-26,C10875,Customer 0875,Tata,Safari,SUV,Petrol,Manual,East,Jharkhand,Jamshedpur,1,1824138.24,0.0754,1686589.91,184234.83,Cash
S01124,2023-08-27,C10223,Customer 0223,Honda,Elevate,SUV,Electric,Automatic,West,Goa,Panaji,1,1541447.5,0.0294,1496199.73,119743.87,Bank Finance
S04824,2023-08-27,C10505,Customer 0505,Volkswagen,Tiguan,Sedan,Petrol,Manual,West,Gujarat,Surat,1,1955882.1,0.057,1844434.06,151038.95,Bank Finance
S01364,2023-08-27,C10565,Customer 0565,Tata,Safari,SUV,Electric,Manual,South,Telangana,Warangal,1,1307112.74,0.0768,1206785.33,72634.89,UPI
S01439,2023-08-27,C10205,Customer 0205,Tata,Punch,SUV,Electric,Manual,West,Gujarat,Vadodara,1,1308938.01,0.05,1243459.9,152012.29,UPI
S01241,2023-08-27,C10294,Customer 0294,Honda,Amaze,Sedan,Diesel,Manual,East,Bihar,Patna,1,860039.83,0.0601,808340.27,91100.63,Credit Card
S01876,2023-08-27,C10381,Customer 0381,Volkswagen,Taigun,SUV,Petrol,Automatic,North,Punjab,Chandigarh,1,1584899.23,0.0556,1496741.53,125396.16,Credit Card
S01036,2023-08-27,C10658,Customer 0658,Hyundai,Verna,SUV,Petrol,Automatic,West,Gujarat,Surat,1,1673753.34,0.0574,1577638.03,95669.61,Bank Finance
S03987,2023-08-28,C11033,Customer 1033,Maruti Suzuki,Brezza,SUV,CNG,Manual,West,Gujarat,Vadodara,1,689555.34,0.0511,654337.44,68185.48,UPI
S00884,2023-08-28,C10320,Customer 0320,Hyundai,Venue,Hatchback,Petrol,Automatic,South,Telangana,Warangal,1,1412335.33,0.0408,1354704.09,145032.62,Bank Finance
S02295,2023-08-28,C10521,Customer 0521,Honda,City,Sedan,CNG,Manual,West,Maharashtra,Mumbai,1,1148117.3,0.0381,1104391.14,165112.21,Bank Finance
S04659,2023-08-28,C11125,Customer 1125,Maruti Suzuki,Grand Vitara,Hatchback,CNG,Automatic,South,Andhra Pradesh,Vijayawada,1,898315.71,0.104,804874.09,60488.04,Cash
S02492,2023-08-28,C10568,Customer 0568,Mahindra,Thar,SUV,CNG,Manual,West,Goa,Panaji,1,1679546.99,0.024,1639186.31,157343.14,Bank Finance
S03771,2023-08-28,C10244,Customer 0244,Tata,Altroz,SUV,Petrol,Automatic,North,Rajasthan,Jaipur,1,1302479.34,0.032,1260746.07,119425.77,Bank Finance
S01426,2023-08-29,C10701,Customer 0701,Toyota,Fortuner,SUV,Diesel,Manual,West,Gujarat,Vadodara,1,2691504.04,0.0321,2605130.41,205839.52,Credit Card
S04485,2023-08-29,C10154,Customer 0154,Honda,City,SUV,Petrol,Automatic,South,Kerala,Thiruvananthapuram,1,1436622.04,0.0654,1342608.4,137660.75,UPI
S01580,2023-08-30,C11117,Customer 1117,Maruti Suzuki,Brezza,SUV,Diesel,Automatic,South,Kerala,Thiruvananthapuram,1,882042.79,0.0938,799298.46,43747.14,Bank Finance
S02036,2023-08-30,C10040,Customer 0040,Volkswagen,Taigun,Sedan,Electric,Manual,South,Kerala,Kochi,1,2139804.35,0.0843,1959520.62,212199.9,Credit Card
S00216,2023-08-30,C10975,Customer 0975,Volkswagen,Tiguan,SUV,Petrol,Manual,West,Gujarat,Surat,1,2873982.34,0.0103,2844274.56,121375.64,Bank Finance
S01705,2023-08-30,C10843,Customer 0843,Kia,Carens,SUV,Electric,Automatic,North,Haryana,Faridabad,1,877532.08,0.0379,844232.99,109789.5,UPI
S02285,2023-08-31,C10594,Customer 0594,Kia,Carens,SUV,Petrol,Automatic,East,West Bengal,Kolkata,1,880886.52,0.0383,847179.39,66267.09,Bank Finance
S00945,2023-08-31,C10836,Customer 0836,Toyota,Glanza,Hatchback,Petrol,Manual,South,Tamil Nadu,Chennai,1,2725419.98,0.0245,2658583.61,371134.64,Credit Card
S04663,2023-08-31,C10650,Customer 0650,Hyundai,Venue,Sedan,Petrol,Automatic,West,Gujarat,Ahmedabad,1,1478414.94,0.0297,1434463.38,241724.92,UPI
S01731,2023-08-31,C10457,Customer 0457,Hyundai,Creta,Hatchback,Diesel,Manual,North,Punjab,Amritsar,1,1854689.59,0.0717,1721776.68,168871.59,UPI
S04785,2023-08-31,C10430,Customer 0430,Volkswagen,Virtus,Sedan,Diesel,Automatic,West,Goa,Margao,1,1514260.12,0.0278,1472168.69,147187.34,Bank Finance
S02118,2023-08-31,C11087,Customer 1087,Honda,Elevate,SUV,CNG,Manual,East,Bihar,Patna,1,1811401.27,0.0288,1759210.16,119480.95,UPI
S03404,2023-09-01,C10159,Customer 0159,Mahindra,Bolero,SUV,Petrol,Manual,North,Haryana,Gurugram,1,1907609.44,0.0913,1733528.98,184987.01,Bank Finance
S01367,2023-09-01,C10136,Customer 0136,Tata,Altroz,Hatchback,Diesel,Automatic,West,Maharashtra,Thane,1,1775232.65,0.0332,1716217.33,212448.15,Cash
S00553,2023-09-01,C10253,Customer 0253,Hyundai,Exter,SUV,CNG,Manual,East,Odisha,Bhubaneswar,1,1374922.57,0.0685,1280766.07,200051.09,Bank Finance
S01934,2023-09-01,C10355,Customer 0355,Volkswagen,Tiguan,SUV,Hybrid,Automatic,South,Telangana,Hyderabad,1,2188803.45,0.0471,2085750.65,145029.95,UPI
S03333,2023-09-01,C10572,Customer 0572,Tata,Harrier,SUV,Diesel,Automatic,West,Goa,Margao,1,1960060.71,0.0927,1778311.65,84921.1,Bank Finance
S02923,2023-09-02,C11122,Customer 1122,Maruti Suzuki,Swift,SUV,Diesel,Manual,North,Punjab,Ludhiana,1,1583871.45,0.0189,1553911.87,118428.46,Credit Card
S00238,2023-09-02,C10921,Customer 0921,Kia,Seltos,MPV,Electric,Manual,South,Andhra Pradesh,Visakhapatnam,1,753641.66,0.1,678296.37,28607.08,Credit Card
S04134,2023-09-03,C10458,Customer 0458,Kia,Carens,MPV,Electric,Manual,North,Uttar Pradesh,Kanpur,1,1849092.85,0.0623,1733887.94,209590.4,Credit Card
S00195,2023-09-03,C10828,Customer 0828,Toyota,Glanza,Hatchback,CNG,Manual,North,Rajasthan,Jaipur,1,4600487.25,0.0414,4410206.28,310460.72,Credit Card
S04949,2023-09-04,C11146,Customer 1146,Kia,Seltos,MPV,Hybrid,Manual,West,Gujarat,Ahmedabad,1,2531717.99,0.037,2437919.65,245620.17,Cash
S01777,2023-09-04,C10733,Customer 0733,Honda,Amaze,SUV,CNG,Automatic,North,Uttar Pradesh,Noida,1,1589457.92,0.0405,1525013.8,247570.0,Bank Finance
S03752,2023-09-04,C10135,Customer 0135,Tata,Punch,SUV,Diesel,Automatic,West,Goa,Margao,1,1761312.35,0.0775,1624783.14,121585.15,Cash
S01242,2023-09-05,C11063,Customer 1063,Maruti Suzuki,Swift,Hatchback,Diesel,Manual,East,West Bengal,Siliguri,1,1084896.25,0.0345,1047426.8,105647.33,Credit Card
S01603,2023-09-05,C11108,Customer 1108,Kia,Carens,MPV,CNG,Manual,West,Goa,Margao,1,1052828.72,0.085,963290.31,125087.92,Credit Card
S00905,2023-09-05,C10797,Customer 0797,Tata,Nexon,SUV,Electric,Manual,South,Karnataka,Mysuru,1,2241617.12,0.0945,2029802.92,200484.04,Credit Card
S01260,2023-09-05,C10953,Customer 0953,Mahindra,XUV700,SUV,Electric,Automatic,East,West Bengal,Kolkata,1,1688747.03,0.0846,1545868.27,105395.67,Credit Card
S02791,2023-09-05,C11187,Customer 1187,Tata,Harrier,Hatchback,Diesel,Manual,North,Uttar Pradesh,Noida,1,1334803.44,0.0255,1300798.23,115683.66,Credit Card
S01515,2023-09-05,C10258,Customer 0258,Maruti Suzuki,Dzire,Sedan,Diesel,Automatic,West,Gujarat,Surat,1,1008140.4,0.0566,951064.83,135379.64,UPI
S04373,2023-09-05,C10819,Customer 0819,Honda,Elevate,Sedan,Petrol,Manual,North,Haryana,Gurugram,1,919829.66,0.0194,901952.71,54619.98,UPI
S02200,2023-09-05,C10347,Customer 0347,Kia,Carens,SUV,Petrol,Automatic,West,Maharashtra,Nagpur,1,2234427.73,0.0662,2086476.97,195367.12,Cash
S04643,2023-09-06,C10875,Customer 0875,Mahindra,XUV 3XO,SUV,Electric,Automatic,East,Odisha,Bhubaneswar,1,1450400.22,0.0727,1344956.25,105910.14,Bank Finance
S03621,2023-09-06,C10288,Customer 0288,Kia,Sonet,MPV,Electric,Manual,West,Goa,Panaji,1,1160516.49,0.0618,1088838.49,137507.49,Bank Finance
S03254,2023-09-06,C10070,Customer 0070,Volkswagen,Tiguan,Sedan,Petrol,Automatic,South,Andhra Pradesh,Visakhapatnam,1,2296383.67,0.0372,2210903.37,282505.39,UPI
S02400,2023-09-06,C10686,Customer 0686,Toyota,Innova HyCross,Hatchback,Petrol,Automatic,West,Goa,Margao,1,3879813.29,0.0732,3595656.71,394468.83,Cash
S03661,2023-09-06,C10716,Customer 0716,Toyota,Urban Cruiser Hyryder,MPV,CNG,Manual,East,West Bengal,Siliguri,1,4516527.39,0.0568,4259830.55,403718.62,Bank Finance
S01862,2023-09-07,C10702,Customer 0702,Kia,Sonet,SUV,Electric,Manual,South,Karnataka,Bengaluru,1,1090761.3,0.0942,987964.24,34578.75,Bank Finance
S03662,2023-09-07,C10554,Customer 0554,Maruti Suzuki,Grand Vitara,SUV,CNG,Manual,East,Jharkhand,Jamshedpur,1,1423222.2,0.1183,1254904.22,152800.44,UPI
S00293,2023-09-07,C10820,Customer 0820,Toyota,Fortuner,MPV,Electric,Automatic,North,Delhi,New Delhi,1,4662942.0,0.0562,4400994.8,499813.82,UPI
S02520,2023-09-08,C10723,Customer 0723,Honda,Elevate,Sedan,CNG,Manual,West,Gujarat,Rajkot,1,1670090.71,0.0405,1602423.48,141805.99,Bank Finance
S00325,2023-09-09,C10258,Customer 0258,Maruti Suzuki,Swift,SUV,Petrol,Manual,South,Andhra Pradesh,Vijayawada,1,1144408.27,0.0141,1128322.18,87058.2,Cash
S02321,2023-09-09,C10206,Customer 0206,Kia,Sonet,SUV,Diesel,Automatic,East,West Bengal,Siliguri,1,1677726.8,0.0633,1571477.67,194821.23,Bank Finance
S01730,2023-09-09,C10196,Customer 0196,Toyota,Glanza,Hatchback,Diesel,Manual,South,Telangana,Hyderabad,1,2772623.08,0.0566,2615778.63,314024.86,Bank Finance
S03975,2023-09-09,C10912,Customer 0912,Mahindra,XUV 3XO,SUV,Electric,Manual,West,Goa,Panaji,1,1615263.41,0.0398,1550967.09,273105.89,Bank Finance
S01077,2023-09-10,C10475,Customer 0475,Maruti Suzuki,Baleno,Hatchback,Diesel,Manual,North,Punjab,Amritsar,1,1344670.7,0.0781,1239641.69,158361.92,Bank Finance
S01748,2023-09-10,C10644,Customer 0644,Maruti Suzuki,Baleno,Sedan,CNG,Manual,South,Tamil Nadu,Coimbatore,1,1412887.03,0.027,1374712.33,205206.81,Bank Finance
S01542,2023-09-10,C10316,Customer 0316,Tata,Punch,Hatchback,Diesel,Automatic,South,Kerala,Thiruvananthapuram,1,1332534.5,0.0719,1236676.22,160463.37,Bank Finance
S00310,2023-09-10,C10672,Customer 0672,Maruti Suzuki,Baleno,Sedan,Petrol,Manual,West,Gujarat,Vadodara,1,739871.02,0.0049,736248.31,73203.43,Bank Finance
S04401,2023-09-11,C10896,Customer 0896,Tata,Nexon,Hatchback,Hybrid,Manual,West,Maharashtra,Thane,1,1063130.48,0.0458,1014427.52,131859.08,Bank Finance
S04715,2023-09-11,C10249,Customer 0249,Volkswagen,Taigun,Sedan,Hybrid,Automatic,West,Gujarat,Surat,1,1359912.47,0.0545,1285762.55,134017.88,Cash
S00773,2023-09-11,C10384,Customer 0384,Tata,Punch,SUV,Diesel,Manual,East,Jharkhand,Ranchi,1,1876121.65,0.0294,1820973.68,177085.04,Bank Finance
S04720,2023-09-11,C10128,Customer 0128,Maruti Suzuki,Swift,Hatchback,Petrol,Automatic,West,Maharashtra,Thane,1,1583879.08,0.056,1495138.27,167720.34,Bank Finance
S01130,2023-09-12,C10082,Customer 0082,Kia,Sonet,SUV,Electric,Manual,West,Gujarat,Surat,1,1601764.48,0.0466,1527116.92,148191.42,Bank Finance
S00372,2023-09-12,C10475,Customer 0475,Volkswagen,Taigun,SUV,Petrol,Automatic,East,Jharkhand,Jamshedpur,1,3543111.95,0.0816,3253893.8,375993.96,Credit Card
S01745,2023-09-12,C10403,Customer 0403,Volkswagen,Virtus,SUV,CNG,Manual,South,Telangana,Hyderabad,1,2969493.69,0.0447,2836706.99,278764.23,Cash
S02389,2023-09-13,C10836,Customer 0836,Toyota,Innova HyCross,SUV,Hybrid,Automatic,North,Uttar Pradesh,Kanpur,1,1986034.08,0.0206,1945061.96,277907.14,Cash
S00498,2023-09-13,C10896,Customer 0896,Maruti Suzuki,Dzire,SUV,Petrol,Automatic,South,Kerala,Thiruvananthapuram,1,1296700.9,0.0608,1217885.72,117592.1,Bank Finance
S03168,2023-09-13,C10664,Customer 0664,Hyundai,Verna,Sedan,Electric,Manual,South,Karnataka,Bengaluru,1,1265533.66,0.0829,1160645.24,123711.6,UPI
S04384,2023-09-13,C10752,Customer 0752,Honda,Elevate,Sedan,Electric,Manual,North,Uttar Pradesh,Lucknow,1,872965.56,0.0356,841888.08,53509.46,UPI
S02051,2023-09-14,C10928,Customer 0928,Kia,Sonet,SUV,CNG,Automatic,South,Telangana,Hyderabad,1,2044003.87,0.095,1849888.92,182823.37,UPI
S00903,2023-09-14,C10613,Customer 0613,Kia,Sonet,MPV,Petrol,Automatic,West,Goa,Panaji,1,1173971.65,0.0782,1082171.81,62859.68,UPI
S02308,2023-09-14,C11132,Customer 1132,Kia,Seltos,MPV,Petrol,Automatic,North,Delhi,New Delhi,1,1975725.8,0.0471,1882586.67,112238.43,UPI
S00429,2023-09-14,C10804,Customer 0804,Honda,Amaze,Sedan,Hybrid,Manual,North,Punjab,Amritsar,1,941749.39,0.0,941749.39,93683.37,UPI
S04302,2023-09-14,C11138,Customer 1138,Volkswagen,Tiguan,SUV,Diesel,Automatic,West,Goa,Margao,1,3313663.35,0.0209,3244353.9,352043.7,Bank Finance
S02565,2023-09-14,C10345,Customer 0345,Toyota,Fortuner,SUV,Petrol,Manual,North,Uttar Pradesh,Kanpur,1,4767976.27,0.057,4495977.02,766296.7,Bank Finance
S00414,2023-09-15,C10856,Customer 0856,Hyundai,i20,SUV,Petrol,Manual,West,Goa,Panaji,1,706579.14,0.0437,675704.3,85993.68,Bank Finance
S03350,2023-09-16,C10991,Customer 0991,Kia,Seltos,SUV,Electric,Manual,South,Telangana,Warangal,1,983481.66,0.0682,916408.55,64741.08,UPI
S02186,2023-09-16,C10287,Customer 0287,Hyundai,Verna,Hatchback,CNG,Automatic,East,Bihar,Patna,1,1135322.43,0.0624,1064506.9,55314.8,Credit Card
S04215,2023-09-16,C10467,Customer 0467,Honda,Elevate,Sedan,CNG,Automatic,North,Delhi,New Delhi,1,1022594.42,0.0498,971710.8,119670.17,Cash
S00209,2023-09-17,C11046,Customer 1046,Maruti Suzuki,Dzire,SUV,Diesel,Manual,South,Kerala,Thiruvananthapuram,1,746259.29,0.0101,738708.51,71345.77,Cash
S00543,2023-09-17,C11112,Customer 1112,Hyundai,Exter,Sedan,Petrol,Manual,North,Uttar Pradesh,Lucknow,1,1796971.83,0.0533,1701193.36,194805.54,Cash
S00398,2023-09-17,C11197,Customer 1197,Toyota,Glanza,Hatchback,CNG,Manual,North,Uttar Pradesh,Noida,1,2370937.58,0.0533,2244595.5,172039.16,Credit Card
S00540,2023-09-17,C11160,Customer 1160,Kia,Carens,MPV,Hybrid,Automatic,West,Gujarat,Ahmedabad,1,1967785.67,0.0474,1874418.96,164616.73,Credit Card
S02978,2023-09-18,C10427,Customer 0427,Honda,City,SUV,CNG,Automatic,South,Kerala,Kochi,1,1259992.69,0.0749,1165663.45,105216.9,Bank Finance
S03971,2023-09-18,C10953,Customer 0953,Hyundai,Verna,SUV,CNG,Automatic,North,Rajasthan,Jaipur,1,972418.22,0.0527,921140.4,68567.74,Bank Finance
S00828,2023-09-18,C10285,Customer 0285,Hyundai,i20,Hatchback,Diesel,Automatic,South,Kerala,Thiruvananthapuram,1,826483.47,0.043,790940.77,54514.19,Bank Finance
S03691,2023-09-18,C10952,Customer 0952,Tata,Nexon,Hatchback,Hybrid,Manual,South,Karnataka,Mysuru,1,1908759.5,0.0758,1764141.23,150495.71,Credit Card
S01715,2023-09-19,C10210,Customer 0210,Maruti Suzuki,Dzire,Hatchback,Petrol,Manual,North,Uttar Pradesh,Lucknow,1,1190519.65,0.0723,1104405.46,80672.21,Bank Finance
S04282,2023-09-19,C10869,Customer 0869,Mahindra,Bolero,SUV,Petrol,Manual,North,Punjab,Ludhiana,1,2310254.1,0.0467,2202403.13,199462.82,Bank Finance
S01628,2023-09-19,C10618,Customer 0618,Toyota,Fortuner,SUV,Hybrid,Manual,South,Karnataka,Bengaluru,1,5032605.3,0.0869,4595115.37,376163.18,Bank Finance
S03793,2023-09-19,C10330,Customer 0330,Hyundai,Venue,SUV,Hybrid,Automatic,West,Maharashtra,Thane,1,841601.05,0.0669,785307.78,79281.89,Bank Finance
S01410,2023-09-19,C10359,Customer 0359,Kia,Seltos,MPV,Petrol,Automatic,West,Gujarat,Vadodara,1,883483.11,0.0543,835525.01,97827.0,Bank Finance
S01062,2023-09-20,C10582,Customer 0582,Kia,Seltos,MPV,Diesel,Automatic,West,Goa,Margao,1,1178843.37,0.0322,1140919.88,99379.45,Credit Card
S01766,2023-09-20,C10577,Customer 0577,Honda,Amaze,SUV,Petrol,Automatic,East,Odisha,Bhubaneswar,1,1193663.67,0.064,1117213.85,91826.12,Bank Finance
S03597,2023-09-21,C11027,Customer 1027,Volkswagen,Tiguan,Sedan,Diesel,Manual,North,Delhi,New Delhi,1,1690053.28,0.041,1620842.1,117444.02,UPI
S03508,2023-09-21,C10749,Customer 0749,Kia,Carens,MPV,Petrol,Automatic,South,Tamil Nadu,Madurai,1,1913547.68,0.0396,1837864.49,223864.01,Credit Card
S03323,2023-09-22,C10637,Customer 0637,Maruti Suzuki,Grand Vitara,Hatchback,Electric,Automatic,West,Goa,Margao,1,781707.22,0.0159,769281.46,98083.05,Bank Finance
S01789,2023-09-22,C10981,Customer 0981,Hyundai,i20,Sedan,Diesel,Automatic,West,Maharashtra,Pune,1,1044091.45,0.0409,1001421.5,88018.89,Bank Finance
S04755,2023-09-22,C11072,Customer 1072,Toyota,Fortuner,SUV,Petrol,Automatic,North,Delhi,New Delhi,1,1517114.28,0.0897,1380994.02,98445.91,UPI
S02818,2023-09-23,C10059,Customer 0059,Kia,Seltos,SUV,Petrol,Manual,North,Delhi,New Delhi,1,1238900.3,0.0062,1231175.64,118218.6,Bank Finance
S04407,2023-09-23,C10804,Customer 0804,Tata,Nexon,SUV,Diesel,Automatic,South,Telangana,Hyderabad,1,1087086.21,0.0554,1026824.35,121668.77,Credit Card
S03415,2023-09-23,C10563,Customer 0563,Hyundai,Verna,Hatchback,Diesel,Automatic,West,Goa,Panaji,1,896673.62,0.0307,869102.62,75061.38,Bank Finance
S00635,2023-09-24,C10356,Customer 0356,Maruti Suzuki,Dzire,Hatchback,Diesel,Automatic,North,Rajasthan,Udaipur,1,999485.89,0.0408,958687.87,112316.11,Credit Card
S03143,2023-09-25,C10518,Customer 0518,Hyundai,Exter,SUV,Petrol,Automatic,East,Jharkhand,Jamshedpur,1,1702690.54,0.0343,1644333.91,266230.22,UPI
S03827,2023-09-25,C10618,Customer 0618,Honda,Amaze,Sedan,Hybrid,Manual,East,Odisha,Bhubaneswar,1,904170.61,0.0187,887295.02,95903.1,Cash
S00815,2023-09-25,C10013,Customer 0013,Honda,City,Sedan,Petrol,Automatic,North,Haryana,Gurugram,1,1215089.52,0.0749,1124115.7,116249.83,Cash
S00197,2023-09-26,C10459,Customer 0459,Mahindra,Scorpio-N,SUV,Petrol,Automatic,East,Bihar,Gaya,1,2072149.66,0.0606,1946492.07,172934.75,Bank Finance
S01882,2023-09-26,C10179,Customer 0179,Kia,Sonet,SUV,Diesel,Manual,North,Uttar Pradesh,Noida,1,1220268.35,0.0241,1190853.67,77598.01,Cash
S03218,2023-09-26,C11075,Customer 1075,Volkswagen,Tiguan,Sedan,Petrol,Automatic,North,Delhi,New Delhi,1,2666803.82,0.0631,2498514.96,125380.79,Bank Finance
S03035,2023-09-26,C11148,Customer 1148,Honda,Amaze,Sedan,Petrol,Automatic,North,Rajasthan,Udaipur,1,2397978.07,0.0344,2315530.83,242405.13,Bank Finance
S04611,2023-09-26,C10455,Customer 0455,Maruti Suzuki,Grand Vitara,SUV,CNG,Automatic,West,Gujarat,Surat,1,1537795.19,0.0588,1447413.81,167426.85,Bank Finance
S03633,2023-09-27,C10211,Customer 0211,Tata,Nexon,Hatchback,Electric,Manual,South,Andhra Pradesh,Vijayawada,1,705368.95,0.0488,670967.98,29813.75,Bank Finance
S01772,2023-09-28,C11041,Customer 1041,Volkswagen,Taigun,Sedan,Hybrid,Manual,North,Punjab,Ludhiana,1,2293131.51,0.0651,2143884.91,225895.44,Bank Finance
S00410,2023-09-28,C10179,Customer 0179,Mahindra,XUV 3XO,SUV,Diesel,Automatic,North,Delhi,New Delhi,1,2166603.16,0.0587,2039349.98,207306.73,Bank Finance
S01447,2023-09-29,C11134,Customer 1134,Hyundai,i20,Hatchback,Diesel,Automatic,South,Tamil Nadu,Coimbatore,1,1474344.93,0.0691,1372476.67,110918.3,Bank Finance
S03651,2023-09-29,C10544,Customer 0544,Honda,City,SUV,Electric,Automatic,East,Jharkhand,Jamshedpur,1,1115650.21,0.0534,1056102.85,142306.16,Credit Card
S04415,2023-09-29,C10902,Customer 0902,Volkswagen,Taigun,SUV,Electric,Manual,North,Haryana,Faridabad,1,3430291.6,0.069,3193453.58,248940.1,Bank Finance
S03270,2023-09-29,C10054,Customer 0054,Tata,Safari,Hatchback,Petrol,Manual,West,Maharashtra,Pune,1,1649078.37,0.0315,1597124.71,93585.79,Bank Finance
S03511,2023-09-29,C10181,Customer 0181,Mahindra,Thar,SUV,Petrol,Manual,West,Gujarat,Ahmedabad,1,2061873.13,0.0572,1944022.33,230305.23,UPI
S04085,2023-09-29,C10298,Customer 0298,Toyota,Innova HyCross,MPV,Diesel,Automatic,South,Andhra Pradesh,Vijayawada,1,4329735.56,0.1132,3839775.89,323214.34,Bank Finance
S04012,2023-09-30,C10787,Customer 0787,Hyundai,Venue,SUV,Petrol,Manual,North,Haryana,Gurugram,1,1289653.18,0.0229,1260091.88,48161.97,Bank Finance
S02111,2023-09-30,C10160,Customer 0160,Maruti Suzuki,Swift,SUV,Electric,Manual,South,Kerala,Kochi,1,1323458.76,0.0476,1260464.33,111362.1,Bank Finance
S00307,2023-10-01,C10838,Customer 0838,Mahindra,XUV 3XO,SUV,Electric,Automatic,North,Uttar Pradesh,Noida,1,2373292.26,0.0107,2347823.04,375885.99,Bank Finance
S02866,2023-10-01,C11197,Customer 1197,Mahindra,XUV700,SUV,Electric,Manual,East,Bihar,Gaya,1,1643335.06,0.0476,1565188.88,282903.05,Bank Finance
S01265,2023-10-01,C11131,Customer 1131,Volkswagen,Tiguan,Sedan,Petrol,Automatic,West,Maharashtra,Thane,1,3295600.76,0.0624,3089999.08,289350.55,UPI
S04463,2023-10-01,C10710,Customer 0710,Volkswagen,Taigun,SUV,Diesel,Automatic,South,Andhra Pradesh,Visakhapatnam,1,2026075.71,0.0739,1876412.91,307341.39,UPI
S04220,2023-10-02,C10460,Customer 0460,Honda,Amaze,Sedan,Hybrid,Manual,West,Goa,Panaji,1,1967984.71,0.1044,1762472.83,214102.74,Bank Finance
S01553,2023-10-02,C10468,Customer 0468,Maruti Suzuki,Grand Vitara,SUV,Electric,Manual,West,Gujarat,Surat,1,972791.76,0.0449,929139.98,78714.64,Bank Finance
S00428,2023-10-02,C11070,Customer 1070,Maruti Suzuki,Dzire,SUV,Electric,Manual,North,Delhi,New Delhi,1,1171765.34,0.0412,1123488.77,177937.22,Bank Finance
S02164,2023-10-02,C10325,Customer 0325,Honda,City,Sedan,Electric,Automatic,West,Maharashtra,Nagpur,1,1234066.55,0.0504,1171851.7,125051.01,Credit Card
S00452,2023-10-03,C10013,Customer 0013,Volkswagen,Virtus,Sedan,Hybrid,Manual,West,Gujarat,Rajkot,1,1512012.16,0.0365,1456823.79,167468.22,Credit Card
S02887,2023-10-03,C11165,Customer 1165,Volkswagen,Virtus,SUV,CNG,Automatic,West,Goa,Margao,1,2571281.75,0.0711,2388579.67,236055.31,Bank Finance
S04500,2023-10-03,C10548,Customer 0548,Kia,Carens,SUV,Electric,Automatic,North,Delhi,New Delhi,1,1157447.71,0.0307,1121856.82,52096.41,Cash
S04299,2023-10-03,C11072,Customer 1072,Hyundai,Venue,Sedan,CNG,Automatic,North,Haryana,Gurugram,1,1513089.49,0.0756,1398689.64,156482.29,UPI
S00659,2023-10-03,C10715,Customer 0715,Tata,Punch,Hatchback,Petrol,Automatic,West,Goa,Panaji,1,2104308.5,0.0395,2021191.33,286491.41,Cash
S00168,2023-10-04,C10570,Customer 0570,Tata,Altroz,SUV,Petrol,Automatic,South,Kerala,Thiruvananthapuram,1,1307311.69,0.0643,1223192.11,135820.03,UPI
S01037,2023-10-04,C11072,Customer 1072,Maruti Suzuki,Dzire,SUV,CNG,Automatic,West,Gujarat,Ahmedabad,1,1124494.31,0.0412,1078220.28,111010.78,UPI
S03107,2023-10-05,C10341,Customer 0341,Tata,Altroz,Hatchback,Petrol,Manual,South,Kerala,Thiruvananthapuram,1,1468397.99,0.0329,1420067.74,187781.57,Cash
S00116,2023-10-05,C11147,Customer 1147,Hyundai,Exter,Hatchback,Electric,Manual,West,Maharashtra,Pune,1,1413655.8,0.0,1413655.8,139255.38,Cash
S04561,2023-10-05,C10869,Customer 0869,Hyundai,Venue,SUV,Petrol,Manual,West,Goa,Panaji,1,922258.54,0.0561,870495.92,82440.43,UPI
S00844,2023-10-06,C10465,Customer 0465,Hyundai,Verna,SUV,CNG,Manual,North,Uttar Pradesh,Kanpur,1,1491291.15,0.0547,1409712.66,117026.51,UPI
S01248,2023-10-06,C10902,Customer 0902,Kia,Sonet,SUV,Diesel,Automatic,North,Punjab,Amritsar,1,2293225.88,0.0626,2149749.71,277609.07,Bank Finance
S00529,2023-10-06,C11179,Customer 1179,Mahindra,Scorpio-N,SUV,Hybrid,Manual,North,Haryana,Gurugram,1,1648323.19,0.0146,1624324.23,116520.94,Credit Card
S03844,2023-10-06,C10828,Customer 0828,Honda,Elevate,SUV,Petrol,Automatic,North,Uttar Pradesh,Noida,1,1286579.96,0.0712,1194982.5,79957.78,Credit Card
S01117,2023-10-06,C10544,Customer 0544,Kia,Seltos,SUV,Electric,Manual,West,Maharashtra,Pune,1,2606130.91,0.0682,2428428.32,320676.47,Bank Finance
S01177,2023-10-06,C10505,Customer 0505,Tata,Safari,SUV,Electric,Automatic,East,Jharkhand,Jamshedpur,1,1855647.33,0.0782,1710557.3,276167.67,Credit Card
S00643,2023-10-06,C11043,Customer 1043,Honda,Elevate,SUV,Electric,Automatic,South,Telangana,Hyderabad,1,907526.26,0.064,849477.52,169895.5,Bank Finance
S00464,2023-10-06,C10212,Customer 0212,Hyundai,Verna,Hatchback,Diesel,Manual,South,Tamil Nadu,Chennai,1,1455592.38,0.0666,1358642.26,124284.59,Cash
S02838,2023-10-06,C10698,Customer 0698,Honda,Amaze,SUV,Diesel,Automatic,East,Jharkhand,Ranchi,1,1989943.03,0.0647,1861178.92,220401.37,UPI
S00468,2023-10-06,C11124,Customer 1124,Kia,Carens,SUV,Petrol,Manual,South,Andhra Pradesh,Visakhapatnam,1,1439598.45,0.0588,1354943.12,234754.72,Bank Finance
S04606,2023-10-06,C10699,Customer 0699,Honda,Elevate,Sedan,CNG,Automatic,North,Uttar Pradesh,Noida,1,1527571.39,0.0324,1478069.27,188832.58,Bank Finance
S02439,2023-10-07,C10646,Customer 0646,Tata,Harrier,SUV,Petrol,Manual,South,Karnataka,Mangaluru,1,2033109.52,0.0132,2006356.95,236701.75,Cash
S02137,2023-10-07,C10573,Customer 0573,Kia,Carens,MPV,Electric,Manual,North,Haryana,Faridabad,1,1514479.96,0.0576,1427199.9,80792.23,Credit Card
S04201,2023-10-08,C10190,Customer 0190,Honda,Amaze,Sedan,Petrol,Manual,West,Goa,Panaji,1,1449737.22,0.0612,1360975.52,138766.92,Bank Finance
S04074,2023-10-09,C11147,Customer 1147,Kia,Sonet,SUV,Hybrid,Manual,East,West Bengal,Siliguri,1,2062419.89,0.029,2002616.55,169949.76,Bank Finance
S03823,2023-10-09,C10478,Customer 0478,Toyota,Fortuner,MPV,Petrol,Manual,South,Karnataka,Bengaluru,1,2502089.19,0.0814,2298504.74,265910.49,Bank Finance
S02806,2023-10-10,C10296,Customer 0296,Maruti Suzuki,Grand Vitara,Sedan,Petrol,Automatic,East,Odisha,Bhubaneswar,1,699686.51,0.0827,641830.36,81140.52,Bank Finance
S00948,2023-10-11,C10050,Customer 0050,Maruti Suzuki,Grand Vitara,SUV,Petrol,Automatic,North,Rajasthan,Jaipur,1,924895.93,0.0498,878880.53,75223.42,Cash
S03989,2023-10-12,C11032,Customer 1032,Honda,Elevate,SUV,Diesel,Manual,West,Goa,Panaji,1,2046795.21,0.0797,1883708.73,312101.93,Credit Card
S01181,2023-10-12,C10414,Customer 0414,Toyota,Glanza,SUV,Electric,Automatic,South,Kerala,Kochi,1,2206275.08,0.0927,2001778.6,290859.2,Bank Finance
S00489,2023-10-13,C10678,Customer 0678,Hyundai,Venue,Hatchback,Hybrid,Automatic,North,Rajasthan,Jaipur,1,1492610.0,0.0636,1397710.2,104631.01,Bank Finance
S01123,2023-10-13,C10770,Customer 0770,Mahindra,Thar,SUV,Diesel,Automatic,South,Kerala,Kochi,1,1834672.54,0.024,1790572.63,130868.41,UPI
S04121,2023-10-14,C10769,Customer 0769,Tata,Safari,Hatchback,Electric,Automatic,East,Bihar,Patna,1,1039598.43,0.0591,978126.33,34234.42,Bank Finance
S04247,2023-10-14,C10938,Customer 0938,Honda,Amaze,Sedan,CNG,Manual,North,Delhi,New Delhi,1,1034715.95,0.0319,1001720.69,95165.49,Cash
S03394,2023-10-15,C10081,Customer 0081,Tata,Nexon,Hatchback,Electric,Automatic,South,Kerala,Kochi,1,1204048.62,0.0855,1101111.35,59633.01,Cash
S01855,2023-10-15,C10285,Customer 0285,Mahindra,XUV 3XO,SUV,Hybrid,Automatic,East,Jharkhand,Jamshedpur,1,2414727.15,0.0274,2348596.75,286686.76,Cash
S04906,2023-10-15,C10883,Customer 0883,Mahindra,Bolero,SUV,Diesel,Manual,South,Telangana,Warangal,1,1795255.1,0.0632,1681761.69,106767.98,Credit Card
S04980,2023-10-15,C10953,Customer 0953,Honda,Amaze,SUV,Diesel,Automatic,South,Andhra Pradesh,Vijayawada,1,1808199.3,0.036,1743159.7,204200.52,Credit Card
S03712,2023-10-16,C10839,Customer 0839,Volkswagen,Tiguan,Sedan,Petrol,Manual,North,Punjab,Amritsar,1,3714374.63,0.0,3714374.63,384550.61,Bank Finance
S00887,2023-10-16,C11159,Customer 1159,Hyundai,Venue,Hatchback,Petrol,Manual,West,Goa,Margao,1,1375628.95,0.0407,1319673.4,222321.37,Credit Card
S03553,2023-10-16,C10977,Customer 0977,Maruti Suzuki,Brezza,Hatchback,Hybrid,Automatic,South,Tamil Nadu,Madurai,1,967386.34,0.1289,842693.39,120721.27,Credit Card
S00651,2023-10-16,C10091,Customer 0091,Honda,City,Sedan,Electric,Automatic,West,Gujarat,Vadodara,1,2008782.52,0.0828,1842428.62,178044.02,UPI
S01386,2023-10-17,C10802,Customer 0802,Kia,Sonet,SUV,Hybrid,Manual,West,Gujarat,Surat,1,1107499.65,0.1247,969403.58,131845.27,Bank Finance
S01774,2023-10-17,C10843,Customer 0843,Volkswagen,Taigun,Sedan,Electric,Automatic,East,West Bengal,Siliguri,1,3003438.7,0.0322,2906658.68,296542.8,Credit Card
S01930,2023-10-17,C10681,Customer 0681,Tata,Harrier,SUV,Electric,Manual,West,Goa,Panaji,1,1026605.1,0.0897,934550.45,118872.73,UPI
S04370,2023-10-17,C10608,Customer 0608,Honda,City,Sedan,Diesel,Automatic,West,Maharashtra,Mumbai,1,1173757.81,0.0454,1120490.18,39217.16,Bank Finance
S03010,2023-10-18,C11169,Customer 1169,Mahindra,XUV700,SUV,Hybrid,Manual,West,Gujarat,Vadodara,1,1484364.35,0.0417,1422428.92,74936.71,Bank Finance
S02886,2023-10-18,C10459,Customer 0459,Kia,Carens,SUV,Hybrid,Automatic,North,Delhi,New Delhi,1,1708680.22,0.0478,1626989.72,82858.69,Cash
S04636,2023-10-18,C10861,Customer 0861,Tata,Punch,Hatchback,Petrol,Automatic,West,Goa,Margao,1,670268.3,0.0208,656350.96,68028.14,Bank Finance
S02542,2023-10-18,C11003,Customer 1003,Maruti Suzuki,Dzire,Hatchback,Petrol,Manual,North,Punjab,Amritsar,1,1005421.38,0.1114,893376.13,131052.12,Bank Finance
S00541,2023-10-18,C10554,Customer 0554,Tata,Punch,Hatchback,Electric,Manual,South,Telangana,Warangal,1,1645350.29,0.0419,1576412.22,193437.74,UPI
S01136,2023-10-19,C10040,Customer 0040,Honda,Elevate,Sedan,Hybrid,Automatic,South,Andhra Pradesh,Vijayawada,1,1165490.33,0.0602,1095334.46,71217.51,Bank Finance
S02357,2023-10-19,C10324,Customer 0324,Tata,Safari,Hatchback,Petrol,Automatic,North,Delhi,New Delhi,1,1042651.79,0.0031,1039369.54,104952.75,Cash
S01944,2023-10-19,C10024,Customer 0024,Toyota,Urban Cruiser Hyryder,SUV,Hybrid,Manual,South,Andhra Pradesh,Visakhapatnam,1,1130207.81,0.0598,1062625.58,40945.62,UPI
S03204,2023-10-19,C10733,Customer 0733,Mahindra,Scorpio-N,SUV,Electric,Manual,North,Delhi,New Delhi,1,2129891.55,0.0509,2021414.87,228634.5,Cash
S04912,2023-10-21,C11064,Customer 1064,Tata,Nexon,SUV,Petrol,Manual,North,Delhi,New Delhi,1,1928123.84,0.0769,1779928.75,202054.81,Credit Card
S00320,2023-10-21,C10885,Customer 0885,Maruti Suzuki,Swift,Hatchback,Petrol,Manual,West,Gujarat,Surat,1,1570132.5,0.0619,1473001.61,278186.31,Credit Card
S03284,2023-10-22,C10557,Customer 0557,Hyundai,Verna,SUV,Diesel,Manual,West,Goa,Margao,1,1652285.24,0.1019,1483933.0,189756.79,Bank Finance
S00354,2023-10-22,C10551,Customer 0551,Hyundai,i20,Hatchback,Electric,Manual,North,Rajasthan,Udaipur,1,818545.72,0.0002,818397.75,96852.89,Cash
S01853,2023-10-23,C10589,Customer 0589,Toyota,Glanza,MPV,Petrol,Automatic,North,Uttar Pradesh,Noida,1,3501683.26,0.0751,3238652.64,237003.13,UPI
S01577,2023-10-23,C10876,Customer 0876,Mahindra,XUV700,SUV,Electric,Manual,East,Jharkhand,Jamshedpur,1,1086130.97,0.1153,960913.88,129445.4,Bank Finance
S01186,2023-10-23,C10714,Customer 0714,Volkswagen,Taigun,Sedan,Hybrid,Automatic,North,Haryana,Faridabad,1,2619657.99,0.0111,2590530.56,324196.68,UPI
S03085,2023-10-23,C10507,Customer 0507,Volkswagen,Virtus,Sedan,Petrol,Automatic,West,Maharashtra,Mumbai,1,2755606.41,0.0458,2629271.99,287809.09,UPI
S00953,2023-10-24,C10024,Customer 0024,Volkswagen,Tiguan,SUV,Petrol,Automatic,West,Goa,Panaji,1,2381639.54,0.066,2224407.17,135660.1,UPI
S04518,2023-10-24,C10582,Customer 0582,Kia,Carens,SUV,Petrol,Manual,North,Punjab,Amritsar,1,1582708.32,0.0674,1475979.49,89555.53,Bank Finance
S00685,2023-10-25,C10228,Customer 0228,Toyota,Innova HyCross,Hatchback,Hybrid,Manual,South,Andhra Pradesh,Visakhapatnam,1,3895591.71,0.0734,3609524.59,376223.83,Bank Finance
S01193,2023-10-25,C10032,Customer 0032,Mahindra,XUV 3XO,SUV,Diesel,Manual,South,Andhra Pradesh,Visakhapatnam,1,1767882.66,0.0536,1673146.61,182509.59,UPI
S00507,2023-10-26,C10919,Customer 0919,Tata,Harrier,Hatchback,Diesel,Automatic,East,West Bengal,Siliguri,1,1598729.23,0.028,1553956.58,97295.52,Credit Card
S04115,2023-10-26,C10977,Customer 0977,Kia,Sonet,MPV,Petrol,Manual,North,Punjab,Amritsar,1,1884745.66,0.0467,1796809.78,208247.22,Bank Finance
S03349,2023-10-26,C10061,Customer 0061,Toyota,Fortuner,Hatchback,CNG,Manual,North,Rajasthan,Jaipur,1,3135386.72,0.0595,2948896.66,314239.0,Credit Card
S01601,2023-10-26,C10860,Customer 0860,Mahindra,Thar,SUV,Petrol,Automatic,West,Maharashtra,Nagpur,1,2047755.67,0.0267,1993023.1,132298.35,UPI
S04646,2023-10-27,C10881,Customer 0881,Honda,City,SUV,Hybrid,Automatic,West,Goa,Margao,1,1428525.58,0.0434,1366552.09,109198.51,UPI
S04145,2023-10-27,C10801,Customer 0801,Kia,Sonet,SUV,Petrol,Manual,North,Haryana,Gurugram,1,1012035.08,0.0953,915573.0,81382.88,Bank Finance
S02335,2023-10-27,C11065,Customer 1065,Honda,Amaze,SUV,Petrol,Automatic,North,Rajasthan,Jaipur,1,1814208.18,0.0591,1706984.06,167169.27,Bank Finance
S02149,2023-10-27,C10496,Customer 0496,Maruti Suzuki,Swift,Sedan,Petrol,Automatic,West,Goa,Panaji,1,1315352.14,0.082,1207461.74,158385.91,Credit Card
S03856,2023-10-27,C10765,Customer 0765,Maruti Suzuki,Dzire,Sedan,Diesel,Manual,West,Gujarat,Ahmedabad,1,961164.98,0.0354,927120.38,49078.11,UPI
S00233,2023-10-27,C10852,Customer 0852,Volkswagen,Tiguan,Sedan,Petrol,Manual,West,Maharashtra,Thane,1,2357112.97,0.0366,2270944.33,228337.66,Bank Finance
S00751,2023-10-27,C10126,Customer 0126,Hyundai,Verna,SUV,CNG,Automatic,West,Maharashtra,Nagpur,1,1481951.5,0.0599,1393182.79,122402.93,Bank Finance
S00561,2023-10-27,C10486,Customer 0486,Volkswagen,Tiguan,SUV,CNG,Automatic,South,Karnataka,Mysuru,1,1156235.21,0.0469,1102006.87,142467.28,Credit Card
S02491,2023-10-28,C10190,Customer 0190,Mahindra,Thar,SUV,Petrol,Automatic,East,Jharkhand,Jamshedpur,1,1356498.84,0.0829,1243984.16,171209.26,Bank Finance
S04001,2023-10-28,C11133,Customer 1133,Hyundai,Exter,Sedan,Petrol,Manual,North,Punjab,Ludhiana,1,1361245.25,0.0371,1310685.3,101898.79,Bank Finance
S02124,2023-10-28,C10316,Customer 0316,Toyota,Fortuner,MPV,Diesel,Automatic,West,Goa,Margao,1,1771378.27,0.0621,1661327.12,245908.94,UPI
S00628,2023-10-28,C10060,Customer 0060,Honda,Amaze,SUV,CNG,Manual,East,Bihar,Patna,1,1977447.92,0.0396,1899140.13,243807.33,Bank Finance
S00675,2023-10-29,C11130,Customer 1130,Kia,Carens,MPV,Hybrid,Automatic,North,Haryana,Gurugram,1,2182806.14,0.0636,2044057.72,329894.13,Cash
S02176,2023-10-29,C10063,Customer 0063,Tata,Safari,Hatchback,Petrol,Manual,South,Tamil Nadu,Coimbatore,1,1113344.09,0.0805,1023749.41,111396.71,Bank Finance
S01943,2023-10-29,C10669,Customer 0669,Hyundai,Creta,Sedan,Hybrid,Automatic,East,West Bengal,Kolkata,1,1552756.28,0.0677,1447581.7,164649.35,Bank Finance
S04171,2023-10-29,C10519,Customer 0519,Kia,Seltos,SUV,CNG,Automatic,South,Karnataka,Mangaluru,1,2130335.86,0.0113,2106360.0,305255.32,UPI
S01057,2023-10-29,C11095,Customer 1095,Tata,Safari,SUV,Diesel,Automatic,West,Gujarat,Rajkot,1,1136991.17,0.0268,1106484.99,101156.12,Bank Finance
S00427,2023-10-30,C10678,Customer 0678,Volkswagen,Taigun,Sedan,Petrol,Manual,West,Maharashtra,Nagpur,1,3207030.79,0.0628,3005732.43,294213.72,Cash
S01385,2023-10-30,C10166,Customer 0166,Tata,Nexon,SUV,Diesel,Manual,North,Punjab,Amritsar,1,1986546.89,0.1275,1733336.2,239090.02,Bank Finance
S02322,2023-10-30,C10492,Customer 0492,Volkswagen,Taigun,Sedan,Hybrid,Manual,West,Gujarat,Vadodara,1,2847846.0,0.0089,2822582.54,289802.63,Credit Card
S04537,2023-10-30,C10112,Customer 0112,Volkswagen,Taigun,Sedan,Petrol,Manual,West,Gujarat,Ahmedabad,1,3609949.96,0.0518,3423114.15,246380.93,Credit Card
S00472,2023-10-31,C10858,Customer 0858,Maruti Suzuki,Dzire,Sedan,Hybrid,Manual,South,Karnataka,Mangaluru,1,660413.47,0.1039,591814.68,79469.49,Credit Card
S04288,2023-10-31,C10696,Customer 0696,Mahindra,Thar,SUV,Petrol,Automatic,South,Kerala,Kochi,1,907043.39,0.0415,869385.63,112252.68,Cash
S01076,2023-10-31,C10954,Customer 0954,Toyota,Urban Cruiser Hyryder,MPV,Diesel,Manual,West,Goa,Margao,1,1155864.76,0.0391,1110665.61,93894.54,Bank Finance
S04819,2023-11-01,C10878,Customer 0878,Honda,Elevate,SUV,Diesel,Automatic,North,Punjab,Ludhiana,1,1286167.09,0.0693,1197004.87,177219.87,Credit Card
S04303,2023-11-01,C10504,Customer 0504,Hyundai,Verna,Hatchback,Petrol,Automatic,South,Kerala,Thiruvananthapuram,1,919603.01,0.0633,861410.21,123406.73,UPI
S04471,2023-11-02,C10991,Customer 0991,Tata,Harrier,Hatchback,Petrol,Manual,North,Rajasthan,Udaipur,1,856448.15,0.0927,777053.55,118352.39,Bank Finance
S00771,2023-11-02,C10583,Customer 0583,Honda,City,Sedan,Diesel,Automatic,South,Karnataka,Mysuru,1,1189809.37,0.0652,1112178.13,55053.73,Bank Finance
S01574,2023-11-02,C10544,Customer 0544,Honda,Elevate,Sedan,Electric,Manual,South,Telangana,Hyderabad,1,776135.64,0.0841,710827.94,96245.07,Bank Finance
S02119,2023-11-03,C10133,Customer 0133,Toyota,Glanza,SUV,Diesel,Manual,West,Maharashtra,Pune,1,3033899.88,0.0526,2874193.85,386424.83,Bank Finance
S04910,2023-11-03,C11012,Customer 1012,Hyundai,Creta,Hatchback,Petrol,Automatic,West,Gujarat,Surat,1,1007668.92,0.0,1007668.92,157723.0,Bank Finance
S04061,2023-11-04,C10691,Customer 0691,Maruti Suzuki,Grand Vitara,Sedan,Petrol,Manual,South,Andhra Pradesh,Visakhapatnam,1,1355958.74,0.0524,1284891.93,196270.12,UPI
S02286,2023-11-04,C10019,Customer 0019,Volkswagen,Taigun,SUV,Diesel,Automatic,North,Delhi,New Delhi,1,3162848.15,0.0916,2873256.82,303926.67,Credit Card
S04345,2023-11-04,C11194,Customer 1194,Volkswagen,Tiguan,SUV,Diesel,Manual,North,Haryana,Faridabad,1,2602146.2,0.0707,2418103.93,262724.41,Credit Card
S02429,2023-11-05,C10754,Customer 0754,Tata,Harrier,SUV,Hybrid,Manual,North,Delhi,New Delhi,1,1865307.66,0.0819,1712608.96,118198.51,Bank Finance
S00737,2023-11-05,C11113,Customer 1113,Volkswagen,Tiguan,Sedan,Electric,Automatic,South,Andhra Pradesh,Vijayawada,1,2699709.69,0.1122,2396698.51,172525.12,Bank Finance
S02257,2023-11-06,C11116,Customer 1116,Toyota,Fortuner,MPV,Hybrid,Automatic,East,Odisha,Bhubaneswar,1,4577016.57,0.0228,4472543.52,422033.58,Credit Card
S03053,2023-11-06,C10808,Customer 0808,Kia,Sonet,MPV,Hybrid,Automatic,West,Gujarat,Rajkot,1,1155717.66,0.0188,1134018.56,86026.11,Bank Finance
S03302,2023-11-06,C11003,Customer 1003,Volkswagen,Taigun,SUV,Petrol,Automatic,South,Karnataka,Mysuru,1,2029989.95,0.0528,1922713.46,226507.58,Credit Card
S00069,2023-11-06,C10659,Customer 0659,Maruti Suzuki,Swift,SUV,Petrol,Manual,North,Haryana,Faridabad,1,628797.73,0.0219,615010.35,100334.32,Credit Card
S02197,2023-11-06,C10406,Customer 0406,Mahindra,Bolero,SUV,Petrol,Manual,West,Goa,Panaji,1,941532.16,0.0613,883806.77,98054.01,Credit Card
S03182,2023-11-06,C10229,Customer 0229,Kia,Carens,SUV,Diesel,Manual,East,Jharkhand,Ranchi,1,1827428.36,0.0737,1692751.54,188644.83,Bank Finance
S03281,2023-11-07,C11065,Customer 1065,Maruti Suzuki,Grand Vitara,Sedan,Electric,Automatic,East,West Bengal,Siliguri,1,1600433.63,0.0713,1486394.83,157871.11,Bank Finance
S03058,2023-11-07,C10199,Customer 0199,Honda,Elevate,Sedan,Petrol,Manual,West,Maharashtra,Nagpur,1,1347422.04,0.0758,1245326.42,87604.28,Bank Finance
S00034,2023-11-07,C10618,Customer 0618,Toyota,Urban Cruiser Hyryder,Hatchback,Diesel,Automatic,North,Uttar Pradesh,Lucknow,1,2946760.67,0.0297,2859095.33,263509.43,Bank Finance
S04005,2023-11-07,C10950,Customer 0950,Tata,Harrier,SUV,CNG,Automatic,West,Gujarat,Ahmedabad,1,1796755.52,0.0595,1689811.71,206846.3,UPI
S04847,2023-11-08,C11143,Customer 1143,Volkswagen,Virtus,SUV,Hybrid,Automatic,West,Goa,Margao,1,3624284.44,0.0629,3396312.54,333364.74,Bank Finance
S01166,2023-11-08,C10725,Customer 0725,Maruti Suzuki,Swift,Hatchback,Electric,Automatic,West,Goa,Margao,1,705083.91,0.0923,639986.95,63095.53,UPI
S00404,2023-11-08,C10681,Customer 0681,Kia,Carens,SUV,Electric,Manual,North,Delhi,New Delhi,1,1998523.27,0.0707,1857229.4,150449.07,UPI
S03796,2023-11-09,C10608,Customer 0608,Toyota,Innova HyCross,Hatchback,Hybrid,Automatic,West,Gujarat,Vadodara,1,2995958.54,0.0544,2832983.69,301981.11,Cash
S01596,2023-11-09,C10797,Customer 0797,Mahindra,XUV 3XO,SUV,Electric,Manual,South,Andhra Pradesh,Vijayawada,1,1999035.69,0.0827,1833790.0,229250.6,Credit Card
S03370,2023-11-10,C10577,Customer 0577,Mahindra,XUV700,SUV,Petrol,Manual,North,Delhi,New Delhi,1,1050931.49,0.0503,998119.94,130685.53,Cash
S00720,2023-11-10,C10976,Customer 0976,Honda,City,SUV,Petrol,Manual,North,Punjab,Chandigarh,1,1022258.83,0.0937,926430.94,80740.12,Bank Finance
S03895,2023-11-10,C10187,Customer 0187,Tata,Punch,Hatchback,Electric,Automatic,South,Tamil Nadu,Madurai,1,1545017.9,0.0629,1447896.63,102375.16,Bank Finance
S03750,2023-11-10,C11113,Customer 1113,Maruti Suzuki,Baleno,Hatchback,Electric,Automatic,South,Karnataka,Mangaluru,1,1154286.44,0.0643,1080053.74,146154.46,UPI
S02984,2023-11-10,C10896,Customer 0896,Tata,Altroz,SUV,Petrol,Manual,South,Tamil Nadu,Coimbatore,1,739398.12,0.0196,724912.98,46887.92,Bank Finance
S03600,2023-11-11,C11153,Customer 1153,Hyundai,Verna,SUV,Petrol,Manual,South,Kerala,Kochi,1,1570681.72,0.066,1467021.06,200610.13,Credit Card
S04382,2023-11-11,C10315,Customer 0315,Mahindra,Bolero,SUV,Electric,Manual,South,Karnataka,Bengaluru,1,1535822.14,0.0643,1437029.62,139296.55,UPI
S00781,2023-11-11,C10752,Customer 0752,Kia,Seltos,MPV,Hybrid,Automatic,South,Kerala,Kochi,1,2285757.44,0.0619,2144212.28,271971.21,Bank Finance
S04669,2023-11-11,C10424,Customer 0424,Kia,Carens,SUV,Electric,Manual,East,West Bengal,Siliguri,1,2215527.65,0.0483,2108576.02,91546.64,Bank Finance
S03150,2023-11-13,C10237,Customer 0237,Maruti Suzuki,Swift,Hatchback,Petrol,Automatic,North,Rajasthan,Jaipur,1,591249.18,0.0898,538151.03,30811.21,Cash
S01875,2023-11-13,C10634,Customer 0634,Tata,Harrier,Hatchback,Petrol,Manual,South,Kerala,Thiruvananthapuram,1,1689709.92,0.0545,1597664.67,248301.38,Bank Finance
S03641,2023-11-13,C10931,Customer 0931,Mahindra,Scorpio-N,SUV,Hybrid,Automatic,South,Tamil Nadu,Coimbatore,1,1624995.4,0.04,1560016.38,274518.92,Bank Finance
S04017,2023-11-13,C10062,Customer 0062,Mahindra,Bolero,SUV,Hybrid,Automatic,North,Rajasthan,Jaipur,1,1400338.87,0.022,1369522.88,91246.31,Bank Finance
S02383,2023-11-13,C10467,Customer 0467,Volkswagen,Taigun,Sedan,Petrol,Automatic,North,Delhi,New Delhi,1,2003876.18,0.0291,1945607.76,168150.36,UPI
S00023,2023-11-13,C11002,Customer 1002,Hyundai,Venue,SUV,Diesel,Manual,South,Karnataka,Bengaluru,1,659338.14,0.0156,649051.21,29758.96,Credit Card
S04639,2023-11-14,C11036,Customer 1036,Tata,Altroz,Hatchback,CNG,Manual,South,Tamil Nadu,Madurai,1,1947451.24,0.0659,1819131.25,80601.84,Bank Finance
S00338,2023-11-15,C10289,Customer 0289,Maruti Suzuki,Baleno,Hatchback,Electric,Automatic,South,Telangana,Hyderabad,1,1149289.05,0.0447,1097912.14,111535.65,UPI
S03389,2023-11-17,C10037,Customer 0037,Honda,Amaze,Sedan,Electric,Manual,North,Punjab,Ludhiana,1,957656.22,0.0457,913914.83,113462.76,Cash
S02859,2023-11-17,C11072,Customer 1072,Honda,Elevate,SUV,CNG,Manual,South,Telangana,Warangal,1,2035832.58,0.0478,1938494.24,180473.61,Bank Finance
S00281,2023-11-17,C10826,Customer 0826,Hyundai,Exter,Hatchback,Petrol,Manual,North,Haryana,Faridabad,1,1556979.89,0.0446,1487509.17,142499.73,Bank Finance
S04995,2023-11-17,C10609,Customer 0609,Maruti Suzuki,Brezza,SUV,CNG,Manual,North,Uttar Pradesh,Noida,1,1154985.17,0.0775,1065417.31,73758.2,Bank Finance
S03755,2023-11-17,C11072,Customer 1072,Hyundai,Exter,Hatchback,Hybrid,Manual,South,Kerala,Kochi,1,1771909.91,0.0538,1676642.79,218058.89,UPI
S02411,2023-11-17,C10900,Customer 0900,Honda,Amaze,SUV,Diesel,Manual,West,Goa,Panaji,1,1057332.24,0.0636,990106.62,147532.93,Cash
S03298,2023-11-18,C10679,Customer 0679,Toyota,Glanza,SUV,Electric,Manual,North,Uttar Pradesh,Kanpur,1,3555119.89,0.0898,3235890.13,378556.9,UPI
S02725,2023-11-18,C10969,Customer 0969,Kia,Carens,MPV,Petrol,Manual,West,Maharashtra,Thane,1,1833884.48,0.0402,1760093.79,123917.11,Bank Finance
S03522,2023-11-18,C10142,Customer 0142,Kia,Sonet,SUV,Petrol,Manual,South,Andhra Pradesh,Vijayawada,1,1576514.65,0.0,1576514.65,158267.41,Bank Finance
S03638,2023-11-18,C10767,Customer 0767,Kia,Sonet,MPV,Diesel,Manual,South,Karnataka,Mysuru,1,841148.45,0.0217,822882.55,85929.23,Bank Finance
S02840,2023-11-18,C10090,Customer 0090,Mahindra,XUV 3XO,SUV,Electric,Manual,West,Gujarat,Vadodara,1,2041520.25,0.0472,1945165.2,208755.27,Bank Finance
S04361,2023-11-19,C10631,Customer 0631,Toyota,Fortuner,SUV,Petrol,Manual,West,Goa,Panaji,1,2827458.84,0.0679,2635372.63,456768.73,Credit Card
S03482,2023-11-19,C10447,Customer 0447,Kia,Seltos,SUV,Hybrid,Manual,North,Uttar Pradesh,Lucknow,1,1583373.02,0.0341,1529447.33,199769.94,Bank Finance
S04664,2023-11-20,C10027,Customer 0027,Mahindra,Scorpio-N,SUV,Diesel,Manual,West,Maharashtra,Mumbai,1,1446892.53,0.0262,1408933.42,115194.01,Bank Finance
S00323,2023-11-20,C10983,Customer 0983,Kia,Carens,SUV,Electric,Manual,North,Haryana,Gurugram,1,2207564.18,0.1018,1982909.24,203811.38,Bank Finance
S00767,2023-11-20,C10769,Customer 0769,Tata,Altroz,SUV,CNG,Manual,West,Goa,Margao,1,1575561.86,0.0609,1479642.88,211978.36,Bank Finance
S02339,2023-11-21,C10467,Customer 0467,Volkswagen,Virtus,SUV,Electric,Automatic,South,Karnataka,Mangaluru,1,1605427.47,0.0404,1540515.81,145782.88,Bank Finance
S02105,2023-11-21,C11048,Customer 1048,Hyundai,i20,SUV,Petrol,Manual,West,Maharashtra,Pune,1,2082445.21,0.0311,2017654.07,239797.43,UPI
S00081,2023-11-21,C10395,Customer 0395,Kia,Carens,SUV,Electric,Automatic,South,Karnataka,Bengaluru,1,957168.81,0.0512,908192.96,109443.1,Bank Finance
S03239,2023-11-22,C10820,Customer 0820,Kia,Carens,MPV,Petrol,Automatic,North,Punjab,Chandigarh,1,1291312.03,0.0085,1280367.75,197261.97,UPI
S04697,2023-11-22,C10007,Customer 0007,Mahindra,XUV 3XO,SUV,Electric,Automatic,South,Tamil Nadu,Chennai,1,1534077.26,0.0539,1451447.32,109228.23,Credit Card
S01550,2023-11-22,C11033,Customer 1033,Toyota,Urban Cruiser Hyryder,SUV,CNG,Manual,South,Telangana,Hyderabad,1,3917773.38,0.0712,3638766.7,325767.31,Bank Finance
S03081,2023-11-23,C10682,Customer 0682,Volkswagen,Tiguan,SUV,Electric,Automatic,West,Goa,Margao,1,1841719.15,0.0643,1723206.12,128686.79,Bank Finance
S03089,2023-11-23,C10684,Customer 0684,Mahindra,XUV 3XO,SUV,Electric,Automatic,South,Karnataka,Bengaluru,1,1410939.06,0.0248,1376009.41,79283.51,Bank Finance
S02720,2023-11-23,C10534,Customer 0534,Maruti Suzuki,Brezza,SUV,CNG,Manual,West,Goa,Panaji,1,1148547.62,0.0823,1054048.79,196313.85,Bank Finance
S02829,2023-11-25,C10424,Customer 0424,Honda,Elevate,Sedan,Hybrid,Manual,North,Uttar Pradesh,Noida,1,1945783.05,0.0135,1919533.38,207087.87,Credit Card
S00317,2023-11-25,C10073,Customer 0073,Kia,Sonet,SUV,Petrol,Automatic,West,Gujarat,Surat,1,1043925.72,0.0804,959999.07,123563.76,Credit Card
S03216,2023-11-25,C10084,Customer 0084,Volkswagen,Virtus,Sedan,Petrol,Automatic,South,Karnataka,Bengaluru,1,2622393.65,0.0783,2416986.87,302237.25,Cash
S02898,2023-11-25,C10172,Customer 0172,Hyundai,Verna,Sedan,Hybrid,Manual,West,Gujarat,Vadodara,1,1554836.54,0.0444,1485807.43,68034.77,Bank Finance
S02029,2023-11-26,C10610,Customer 0610,Volkswagen,Virtus,SUV,Electric,Automatic,South,Karnataka,Mangaluru,1,2351124.72,0.056,2219551.92,249957.64,Bank Finance
S02929,2023-11-26,C10878,Customer 0878,Tata,Nexon,Hatchback,Petrol,Manual,North,Uttar Pradesh,Kanpur,1,1751457.48,0.0033,1745639.84,220974.44,UPI
S01648,2023-11-26,C10573,Customer 0573,Tata,Nexon,SUV,Petrol,Manual,South,Tamil Nadu,Chennai,1,862743.99,0.0249,841237.41,79315.99,UPI
S02581,2023-11-26,C10946,Customer 0946,Tata,Altroz,SUV,CNG,Automatic,North,Haryana,Faridabad,1,1311012.13,0.0771,1209906.8,76316.88,UPI
S01911,2023-11-26,C10650,Customer 0650,Hyundai,Creta,Hatchback,CNG,Automatic,North,Delhi,New Delhi,1,791392.7,0.0809,727381.2,102576.51,Credit Card
S03367,2023-11-27,C10144,Customer 0144,Kia,Seltos,SUV,Hybrid,Manual,West,Maharashtra,Nagpur,1,778416.24,0.0114,769556.39,107198.09,Bank Finance
S04900,2023-11-28,C10015,Customer 0015,Mahindra,Bolero,SUV,Electric,Manual,South,Tamil Nadu,Chennai,1,1471587.87,0.0457,1404299.66,106800.89,Bank Finance
S03554,2023-11-28,C11074,Customer 1074,Honda,Amaze,SUV,Diesel,Automatic,West,Gujarat,Surat,1,1218707.93,0.0641,1140545.45,91129.88,Bank Finance
S00297,2023-11-28,C10081,Customer 0081,Kia,Seltos,MPV,CNG,Manual,North,Uttar Pradesh,Lucknow,1,2244426.65,0.0885,2045784.65,166503.88,Cash
S02893,2023-11-28,C10827,Customer 0827,Maruti Suzuki,Swift,SUV,CNG,Automatic,South,Telangana,Hyderabad,1,1372303.65,0.0524,1300351.52,146069.84,UPI
S00967,2023-11-29,C10667,Customer 0667,Volkswagen,Virtus,SUV,Diesel,Manual,South,Kerala,Thiruvananthapuram,1,2168124.49,0.0552,2048371.28,409674.26,Bank Finance
S03481,2023-11-29,C10059,Customer 0059,Maruti Suzuki,Swift,Sedan,Diesel,Manual,South,Tamil Nadu,Madurai,1,1402270.55,0.0437,1340969.01,126801.98,Bank Finance
S00077,2023-11-29,C10099,Customer 0099,Kia,Seltos,SUV,Petrol,Automatic,East,West Bengal,Kolkata,1,1703652.56,0.0319,1649337.32,226222.49,UPI
S02582,2023-11-29,C10496,Customer 0496,Maruti Suzuki,Baleno,Hatchback,Diesel,Automatic,North,Uttar Pradesh,Noida,1,1361893.1,0.032,1318313.03,248886.75,Credit Card
S02398,2023-11-30,C11065,Customer 1065,Honda,Amaze,Sedan,Diesel,Manual,South,Kerala,Thiruvananthapuram,1,1417381.33,0.0373,1364563.85,137756.97,Bank Finance
S00017,2023-11-30,C10430,Customer 0430,Hyundai,Verna,Sedan,Petrol,Automatic,West,Goa,Panaji,1,1061217.42,0.0017,1059431.47,97014.3,Bank Finance
S03114,2023-11-30,C10090,Customer 0090,Maruti Suzuki,Brezza,SUV,Electric,Automatic,South,Andhra Pradesh,Visakhapatnam,1,835463.72,0.0438,798871.42,97483.78,UPI
S03758,2023-11-30,C10852,Customer 0852,Hyundai,Verna,Sedan,Diesel,Manual,East,Jharkhand,Ranchi,1,785892.12,0.0265,765097.65,100140.35,Bank Finance
S00517,2023-11-30,C10573,Customer 0573,Kia,Seltos,SUV,Petrol,Automatic,North,Rajasthan,Jodhpur,1,1151828.02,0.0598,1082908.52,119736.01,Bank Finance
S03831,2023-12-01,C10509,Customer 0509,Maruti Suzuki,Dzire,SUV,CNG,Manual,West,Maharashtra,Nashik,1,800586.68,0.046,763740.67,74038.53,Bank Finance
S01669,2023-12-01,C10952,Customer 0952,Mahindra,Thar,SUV,Electric,Automatic,West,Goa,Margao,1,1084125.46,0.0734,1004507.52,106366.04,Credit Card
S02557,2023-12-01,C10356,Customer 0356,Volkswagen,Virtus,SUV,Electric,Automatic,South,Kerala,Thiruvananthapuram,1,2440150.03,0.0677,2274954.18,125197.31,Bank Finance
S02260,2023-12-01,C10324,Customer 0324,Mahindra,Thar,SUV,Petrol,Manual,West,Gujarat,Surat,1,1810109.43,0.0941,1639851.82,229438.54,UPI
S00984,2023-12-02,C10605,Customer 0605,Kia,Carens,MPV,Diesel,Automatic,East,West Bengal,Siliguri,1,1816494.37,0.0295,1762983.62,236878.33,Bank Finance
S02456,2023-12-03,C10185,Customer 0185,Hyundai,Exter,Hatchback,Petrol,Automatic,West,Gujarat,Ahmedabad,1,1236110.66,0.0685,1151495.99,100135.54,UPI
S03194,2023-12-03,C10072,Customer 0072,Volkswagen,Tiguan,Sedan,CNG,Automatic,East,Odisha,Bhubaneswar,1,2976907.75,0.0526,2820358.37,261354.4,Bank Finance
S04988,2023-12-04,C10132,Customer 0132,Tata,Safari,SUV,Diesel,Manual,South,Tamil Nadu,Chennai,1,1734295.02,0.0695,1613722.01,83647.79,Bank Finance
S03361,2023-12-04,C10997,Customer 0997,Honda,Elevate,SUV,Hybrid,Manual,West,Goa,Panaji,1,1715534.67,0.0258,1671340.4,152196.47,Bank Finance
S04434,2023-12-06,C10324,Customer 0324,Kia,Seltos,MPV,Petrol,Manual,North,Rajasthan,Jaipur,1,1772468.72,0.0629,1661068.81,189511.06,Bank Finance
S02161,2023-12-06,C10982,Customer 0982,Mahindra,Scorpio-N,SUV,Petrol,Manual,South,Andhra Pradesh,Vijayawada,1,2288360.89,0.0433,2189228.84,169670.67,Credit Card
S02915,2023-12-06,C10458,Customer 0458,Honda,Elevate,Sedan,Diesel,Manual,South,Karnataka,Bengaluru,1,1511924.86,0.0478,1439636.69,50387.28,Bank Finance
S04683,2023-12-07,C10188,Customer 0188,Honda,City,Sedan,Diesel,Manual,East,Odisha,Cuttack,1,1111741.73,0.0711,1032751.05,117745.09,Cash
S00696,2023-12-08,C11116,Customer 1116,Mahindra,XUV 3XO,SUV,Electric,Manual,West,Maharashtra,Mumbai,1,2070300.74,0.0279,2012626.53,272553.44,Bank Finance
S01481,2023-12-08,C10255,Customer 0255,Tata,Nexon,SUV,Petrol,Manual,North,Delhi,New Delhi,1,980814.02,0.0523,929479.67,73352.58,Bank Finance
S00596,2023-12-08,C10229,Customer 0229,Maruti Suzuki,Grand Vitara,Sedan,Diesel,Automatic,North,Delhi,New Delhi,1,1303756.33,0.0596,1226029.46,162320.66,Bank Finance
S04107,2023-12-08,C10618,Customer 0618,Honda,City,SUV,Diesel,Manual,East,Jharkhand,Jamshedpur,1,733633.56,0.0376,706032.4,84256.65,Cash
S04180,2023-12-10,C10422,Customer 0422,Mahindra,Thar,SUV,Petrol,Manual,West,Goa,Panaji,1,1931321.57,0.0399,1854226.26,71719.17,UPI
S01714,2023-12-10,C10823,Customer 0823,Toyota,Urban Cruiser Hyryder,Hatchback,Petrol,Automatic,South,Andhra Pradesh,Visakhapatnam,1,936515.51,0.0532,886665.81,65873.64,UPI
S03036,2023-12-11,C10664,Customer 0664,Volkswagen,Tiguan,Sedan,Diesel,Manual,West,Gujarat,Rajkot,1,3390460.61,0.071,3149882.6,276705.66,UPI
S04896,2023-12-12,C10300,Customer 0300,Kia,Sonet,SUV,Electric,Manual,East,Bihar,Patna,1,1216201.24,0.1146,1076804.61,157885.43,Bank Finance
S03877,2023-12-12,C10797,Customer 0797,Tata,Safari,SUV,Petrol,Manual,North,Punjab,Chandigarh,1,1200988.52,0.057,1132563.49,118003.92,Bank Finance
S01637,2023-12-12,C10045,Customer 0045,Hyundai,Venue,Sedan,Diesel,Automatic,South,Andhra Pradesh,Vijayawada,1,1532759.37,0.0701,1425311.69,203302.93,Bank Finance
S02166,2023-12-12,C10364,Customer 0364,Tata,Nexon,SUV,Diesel,Automatic,South,Karnataka,Mysuru,1,1583766.66,0.1018,1422461.12,167157.64,Bank Finance
S01040,2023-12-13,C10567,Customer 0567,Maruti Suzuki,Brezza,Hatchback,Electric,Automatic,North,Haryana,Gurugram,1,1236834.65,0.0867,1129573.4,156021.21,Credit Card
S03378,2023-12-13,C11147,Customer 1147,Tata,Nexon,Hatchback,Petrol,Automatic,East,Odisha,Bhubaneswar,1,1802582.94,0.0446,1722171.55,213589.08,Bank Finance
S04420,2023-12-14,C10192,Customer 0192,Tata,Harrier,SUV,Petrol,Automatic,West,Gujarat,Rajkot,1,919473.34,0.0589,865281.71,66577.23,Bank Finance
S03342,2023-12-14,C10255,Customer 0255,Kia,Seltos,SUV,Diesel,Manual,West,Goa,Margao,1,1551358.1,0.0334,1499486.04,144580.38,Bank Finance
S01530,2023-12-14,C10465,Customer 0465,Mahindra,Bolero,SUV,Diesel,Automatic,North,Uttar Pradesh,Kanpur,1,1457677.92,0.0446,1392626.77,194772.79,Bank Finance
S03558,2023-12-14,C10475,Customer 0475,Mahindra,XUV700,SUV,Petrol,Manual,South,Karnataka,Bengaluru,1,1953346.1,0.0533,1849329.12,291743.52,Cash
S00267,2023-12-14,C11075,Customer 1075,Kia,Sonet,MPV,Petrol,Automatic,South,Telangana,Warangal,1,1050606.54,0.0544,993465.0,135576.45,Credit Card
S01140,2023-12-15,C10909,Customer 0909,Volkswagen,Tiguan,SUV,Diesel,Manual,West,Maharashtra,Pune,1,1823645.9,0.0518,1729271.54,237527.42,Bank Finance
S00917,2023-12-15,C10797,Customer 0797,Hyundai,Creta,Sedan,Diesel,Manual,South,Telangana,Hyderabad,1,1808077.83,0.044,1728548.39,216927.24,UPI
S02994,2023-12-16,C10301,Customer 0301,Tata,Altroz,SUV,CNG,Manual,East,West Bengal,Siliguri,1,1748075.97,0.063,1638008.69,118564.37,Credit Card
S03802,2023-12-17,C11032,Customer 1032,Tata,Nexon,SUV,Electric,Automatic,West,Maharashtra,Nashik,1,948185.26,0.0825,869949.35,92329.14,Cash
S02380,2023-12-17,C11029,Customer 1029,Maruti Suzuki,Grand Vitara,SUV,Petrol,Automatic,West,Goa,Margao,1,941692.94,0.0438,900483.75,50023.74,Bank Finance
S03525,2023-12-17,C10430,Customer 0430,Toyota,Glanza,MPV,Diesel,Automatic,South,Tamil Nadu,Madurai,1,968481.66,0.0536,916541.72,110851.91,Bank Finance
S02319,2023-12-19,C10489,Customer 0489,Maruti Suzuki,Brezza,Hatchback,Petrol,Automatic,West,Goa,Margao,1,712921.51,0.0918,647446.95,102529.68,UPI
S02748,2023-12-19,C10972,Customer 0972,Volkswagen,Virtus,SUV,Petrol,Automatic,North,Rajasthan,Jodhpur,1,1816132.14,0.0587,1709450.42,201587.81,UPI
S03318,2023-12-19,C10198,Customer 0198,Tata,Punch,SUV,Electric,Automatic,North,Rajasthan,Jaipur,1,2110698.71,0.0703,1962249.63,108920.76,Bank Finance
S04975,2023-12-19,C10610,Customer 0610,Tata,Altroz,SUV,Diesel,Automatic,South,Andhra Pradesh,Visakhapatnam,1,1395583.17,0.015,1374596.66,132216.82,Credit Card
S00933,2023-12-19,C10008,Customer 0008,Volkswagen,Tiguan,Sedan,CNG,Manual,West,Maharashtra,Mumbai,1,1791619.73,0.0701,1666108.52,192351.33,Bank Finance
S02304,2023-12-19,C10693,Customer 0693,Volkswagen,Taigun,Sedan,Petrol,Manual,West,Gujarat,Ahmedabad,1,1556436.16,0.0547,1471365.25,51497.78,UPI
S04075,2023-12-19,C10991,Customer 0991,Honda,Amaze,SUV,CNG,Manual,South,Tamil Nadu,Madurai,1,1018016.28,0.09,926427.57,58308.49,Credit Card
S02035,2023-12-19,C10066,Customer 0066,Volkswagen,Virtus,Sedan,CNG,Automatic,South,Tamil Nadu,Madurai,1,2042553.08,0.0284,1984603.76,219449.49,Bank Finance
S04971,2023-12-19,C10579,Customer 0579,Kia,Seltos,MPV,Petrol,Automatic,West,Goa,Panaji,1,1492626.8,0.0551,1410384.97,159369.25,Bank Finance
S03754,2023-12-19,C10289,Customer 0289,Honda,City,Sedan,Electric,Manual,West,Goa,Panaji,1,1267140.27,0.0359,1221682.07,69701.54,Bank Finance
S04829,2023-12-20,C10460,Customer 0460,Hyundai,i20,Sedan,Diesel,Automatic,South,Andhra Pradesh,Vijayawada,1,1519989.66,0.0584,1431199.44,197105.47,Credit Card
S03113,2023-12-20,C10718,Customer 0718,Honda,Elevate,SUV,Electric,Manual,East,Jharkhand,Ranchi,1,1189965.37,0.0626,1115460.81,68459.6,Bank Finance
S01064,2023-12-20,C10364,Customer 0364,Tata,Safari,Hatchback,Diesel,Manual,East,West Bengal,Siliguri,1,1891598.67,0.0362,1823198.41,63811.94,Credit Card
S02503,2023-12-20,C10845,Customer 0845,Hyundai,i20,Sedan,Electric,Manual,West,Goa,Panaji,1,1819578.42,0.0478,1732572.75,286470.76,Cash
S04511,2023-12-21,C10452,Customer 0452,Mahindra,Thar,SUV,Hybrid,Manual,West,Goa,Panaji,1,1682483.12,0.0458,1605369.66,80597.82,Bank Finance
S04178,2023-12-22,C10993,Customer 0993,Maruti Suzuki,Baleno,Hatchback,Diesel,Automatic,West,Gujarat,Ahmedabad,1,772653.16,0.0619,724810.77,73903.16,Credit Card
S02432,2023-12-22,C10874,Customer 0874,Mahindra,Bolero,SUV,Petrol,Automatic,West,Gujarat,Rajkot,1,1864997.01,0.0401,1790236.44,143189.97,Credit Card
S02995,2023-12-23,C10195,Customer 0195,Tata,Altroz,SUV,Petrol,Automatic,East,Odisha,Cuttack,1,671569.93,0.0486,638921.24,39519.93,UPI
S04056,2023-12-23,C10422,Customer 0422,Maruti Suzuki,Brezza,Hatchback,Diesel,Automatic,West,Gujarat,Rajkot,1,1042224.59,0.067,972397.37,119904.2,Bank Finance
S03472,2023-12-23,C10409,Customer 0409,Honda,Amaze,Sedan,Diesel,Automatic,South,Andhra Pradesh,Vijayawada,1,2005149.82,0.0491,1906606.31,216335.99,Bank Finance
S00983,2023-12-23,C10242,Customer 0242,Hyundai,i20,SUV,Electric,Manual,West,Maharashtra,Pune,1,1405373.52,0.0697,1307468.73,146473.11,Bank Finance
S02323,2023-12-23,C10950,Customer 0950,Volkswagen,Taigun,Sedan,Diesel,Automatic,West,Goa,Panaji,1,1138159.78,0.0351,1098257.04,38439.0,UPI
S02535,2023-12-23,C10283,Customer 0283,Tata,Harrier,Hatchback,Petrol,Manual,North,Delhi,New Delhi,1,1537029.86,0.0406,1474617.11,131225.67,Bank Finance
S01087,2023-12-23,C10974,Customer 0974,Maruti Suzuki,Baleno,Hatchback,Electric,Automatic,East,Jharkhand,Ranchi,1,1256457.03,0.034,1213756.62,143377.47,Credit Card
S03344,2023-12-25,C10947,Customer 0947,Maruti Suzuki,Brezza,Hatchback,CNG,Manual,West,Goa,Panaji,1,1381076.45,0.0287,1341472.98,83324.47,Bank Finance
S03817,2023-12-26,C11051,Customer 1051,Toyota,Glanza,MPV,Electric,Automatic,North,Punjab,Amritsar,1,1093614.73,0.0757,1010832.74,35379.15,Bank Finance
S00249,2023-12-26,C11070,Customer 1070,Mahindra,XUV700,SUV,Electric,Automatic,South,Kerala,Thiruvananthapuram,1,1015829.78,0.0554,959550.14,99454.66,UPI
S02879,2023-12-26,C10277,Customer 0277,Maruti Suzuki,Dzire,Hatchback,Diesel,Automatic,West,Goa,Panaji,1,1301344.14,0.0,1301344.14,144217.51,Bank Finance
S04644,2023-12-26,C10715,Customer 0715,Hyundai,i20,SUV,Diesel,Automatic,North,Delhi,New Delhi,1,1820040.72,0.0654,1700978.5,99087.34,Bank Finance
S03262,2023-12-26,C10733,Customer 0733,Mahindra,Thar,SUV,Petrol,Manual,South,Kerala,Kochi,1,1861191.69,0.0232,1818001.3,145198.75,UPI
S03850,2023-12-27,C10608,Customer 0608,Mahindra,Bolero,SUV,Petrol,Manual,East,West Bengal,Kolkata,1,2370855.63,0.0509,2250206.51,231153.22,Bank Finance
S01365,2023-12-27,C10434,Customer 0434,Hyundai,Verna,SUV,Diesel,Automatic,West,Gujarat,Vadodara,1,1929805.73,0.0006,1928729.75,280964.3,Bank Finance
S01750,2023-12-27,C10092,Customer 0092,Hyundai,Venue,SUV,Electric,Manual,West,Goa,Margao,1,1532262.4,0.0223,1498164.83,219193.69,Cash
S04365,2023-12-27,C10820,Customer 0820,Maruti Suzuki,Baleno,SUV,Diesel,Manual,North,Delhi,New Delhi,1,1302960.51,0.0176,1280072.54,143828.93,Cash
S00262,2023-12-28,C10816,Customer 0816,Volkswagen,Tiguan,SUV,Electric,Manual,East,West Bengal,Siliguri,1,3074917.2,0.0606,2888427.87,174722.79,Bank Finance
S02727,2023-12-28,C10481,Customer 0481,Mahindra,Bolero,SUV,Petrol,Manual,West,Gujarat,Surat,1,2359309.39,0.0326,2282319.98,187047.48,Bank Finance
S02393,2023-12-28,C11075,Customer 1075,Tata,Altroz,Hatchback,Diesel,Manual,South,Karnataka,Mangaluru,1,2097275.83,0.022,2051144.82,327659.12,Cash
S00362,2023-12-28,C10670,Customer 0670,Honda,Amaze,Sedan,Electric,Automatic,East,Bihar,Gaya,1,1464384.93,0.0609,1375168.57,142672.84,Bank Finance
S04280,2023-12-29,C10612,Customer 0612,Volkswagen,Taigun,SUV,Petrol,Manual,West,Maharashtra,Nagpur,1,1508325.35,0.0012,1506454.39,104895.98,UPI
S04053,2023-12-29,C11062,Customer 1062,Mahindra,Bolero,SUV,Electric,Automatic,West,Goa,Margao,1,1274450.42,0.0655,1191025.0,164719.79,Bank Finance
S03214,2023-12-29,C10126,Customer 0126,Hyundai,Exter,Hatchback,Electric,Automatic,West,Gujarat,Rajkot,1,1448144.14,0.0488,1377532.16,163878.31,Bank Finance
S02957,2023-12-30,C10129,Customer 0129,Mahindra,XUV700,SUV,Diesel,Automatic,West,Maharashtra,Nagpur,1,1904806.67,0.0487,1811982.67,187002.76,Bank Finance
S01713,2023-12-30,C11160,Customer 1160,Tata,Punch,SUV,Electric,Manual,East,Bihar,Patna,1,1217444.41,0.0382,1170963.94,135322.54,UPI
S01199,2023-12-31,C10081,Customer 0081,Tata,Harrier,Hatchback,Electric,Manual,South,Karnataka,Bengaluru,1,1912494.92,0.0462,1824044.47,167203.75,Credit Card
S03388,2023-12-31,C11031,Customer 1031,Honda,City,Sedan,Petrol,Automatic,West,Maharashtra,Nagpur,1,1572808.0,0.0776,1450809.55,223683.46,Bank Finance
S04854,2023-12-31,C10792,Customer 0792,Tata,Nexon,SUV,Hybrid,Manual,East,Odisha,Bhubaneswar,1,768660.56,0.0744,711489.28,41741.21,Cash
S01485,2023-12-31,C11167,Customer 1167,Tata,Harrier,SUV,Petrol,Automatic,South,Telangana,Warangal,1,1439886.54,0.0362,1387768.25,83216.62,Cash
S02758,2024-01-01,C11072,Customer 1072,Hyundai,i20,SUV,Petrol,Manual,East,Odisha,Cuttack,1,1970889.42,0.0352,1901556.57,189902.94,Credit Card
S04708,2024-01-01,C10715,Customer 0715,Mahindra,Thar,SUV,Petrol,Manual,South,Telangana,Hyderabad,1,1609341.23,0.0675,1500688.25,196003.3,Credit Card
S00716,2024-01-01,C10982,Customer 0982,Toyota,Glanza,Hatchback,Hybrid,Automatic,West,Gujarat,Rajkot,1,3653853.02,0.0599,3435048.59,316376.27,UPI
S04397,2024-01-01,C10839,Customer 0839,Tata,Harrier,SUV,Diesel,Automatic,North,Haryana,Gurugram,1,801326.39,0.0457,764744.45,84813.94,Bank Finance
S01812,2024-01-01,C10951,Customer 0951,Maruti Suzuki,Swift,Hatchback,Diesel,Automatic,North,Delhi,New Delhi,1,735682.51,0.0553,695001.97,99455.93,Credit Card
S00797,2024-01-02,C10302,Customer 0302,Mahindra,Thar,SUV,CNG,Automatic,West,Gujarat,Vadodara,1,1553611.39,0.025,1514773.5,98589.86,Bank Finance
S02812,2024-01-02,C11110,Customer 1110,Honda,Elevate,Sedan,Petrol,Manual,North,Punjab,Chandigarh,1,864041.12,0.0431,826810.99,87860.25,Bank Finance
S00572,2024-01-02,C10726,Customer 0726,Volkswagen,Virtus,SUV,Petrol,Automatic,West,Goa,Panaji,1,2298719.56,0.0289,2232377.11,337941.41,Credit Card
S04712,2024-01-02,C10865,Customer 0865,Tata,Nexon,Hatchback,Electric,Manual,West,Goa,Panaji,1,1070813.17,0.1005,963244.35,122639.9,UPI
S04284,2024-01-02,C11030,Customer 1030,Volkswagen,Virtus,Sedan,Diesel,Automatic,East,Odisha,Cuttack,1,1730158.39,0.0456,1651282.38,182262.54,Bank Finance
S02014,2024-01-02,C10289,Customer 0289,Tata,Altroz,SUV,Petrol,Automatic,East,Bihar,Patna,1,646614.73,0.0427,618980.24,58770.66,UPI
S04796,2024-01-03,C10799,Customer 0799,Tata,Nexon,Hatchback,CNG,Automatic,South,Kerala,Thiruvananthapuram,1,1610114.47,0.0531,1524561.64,304912.33,Cash
S04411,2024-01-03,C10417,Customer 0417,Volkswagen,Tiguan,Sedan,Petrol,Manual,West,Maharashtra,Mumbai,1,3213484.29,0.0482,3058724.31,368969.12,Bank Finance
S02892,2024-01-03,C10386,Customer 0386,Honda,Elevate,Sedan,Electric,Automatic,East,Jharkhand,Jamshedpur,1,735217.17,0.061,690336.95,115716.02,Credit Card
S04601,2024-01-04,C10769,Customer 0769,Maruti Suzuki,Baleno,SUV,Electric,Manual,East,Bihar,Gaya,1,1564562.52,0.0131,1544098.91,163474.73,Cash
S01899,2024-01-04,C10565,Customer 0565,Honda,Elevate,Sedan,Hybrid,Manual,West,Gujarat,Rajkot,1,814801.67,0.0,814801.67,58079.57,UPI
S02961,2024-01-05,C10960,Customer 0960,Maruti Suzuki,Grand Vitara,SUV,CNG,Manual,North,Haryana,Gurugram,1,955049.1,0.0709,887372.28,149900.99,Bank Finance
S04333,2024-01-05,C11175,Customer 1175,Tata,Punch,Hatchback,Hybrid,Automatic,North,Rajasthan,Jodhpur,1,1570101.28,0.0848,1436894.73,174215.35,Bank Finance
S02645,2024-01-06,C10797,Customer 0797,Kia,Carens,MPV,Petrol,Automatic,West,Gujarat,Rajkot,1,1451272.14,0.0672,1353815.47,142712.29,Cash
S01924,2024-01-06,C10040,Customer 0040,Volkswagen,Virtus,Sedan,Petrol,Automatic,North,Rajasthan,Jaipur,1,3738136.42,0.0175,3672648.54,253166.83,UPI
S01920,2024-01-06,C10450,Customer 0450,Hyundai,Venue,SUV,Petrol,Automatic,West,Maharashtra,Mumbai,1,1382449.37,0.0639,1294047.75,170829.37,Credit Card
S01556,2024-01-07,C10848,Customer 0848,Mahindra,Scorpio-N,SUV,Diesel,Automatic,South,Telangana,Hyderabad,1,2186584.21,0.0462,2085581.94,254577.44,Bank Finance
S01790,2024-01-07,C10477,Customer 0477,Maruti Suzuki,Swift,Hatchback,Diesel,Automatic,South,Tamil Nadu,Chennai,1,866533.55,0.0613,813399.38,28468.98,Bank Finance
S04772,2024-01-07,C10794,Customer 0794,Toyota,Fortuner,MPV,Diesel,Automatic,West,Gujarat,Surat,1,4903921.11,0.0,4903921.11,570699.85,Bank Finance
S01897,2024-01-07,C10023,Customer 0023,Mahindra,Bolero,SUV,Diesel,Automatic,East,Odisha,Cuttack,1,986581.41,0.0562,931123.06,50195.26,UPI
S02080,2024-01-07,C10928,Customer 0928,Honda,City,SUV,Petrol,Automatic,East,Odisha,Bhubaneswar,1,1219000.43,0.0381,1172562.06,127019.25,Credit Card
S01509,2024-01-08,C10680,Customer 0680,Kia,Carens,SUV,Petrol,Automatic,South,Tamil Nadu,Madurai,1,2099598.43,0.0589,1975955.29,306340.72,UPI
S04295,2024-01-08,C10483,Customer 0483,Tata,Harrier,SUV,Petrol,Automatic,East,West Bengal,Siliguri,1,856619.03,0.0312,829900.14,102472.56,Cash
S00554,2024-01-08,C10322,Customer 0322,Volkswagen,Tiguan,SUV,Electric,Manual,North,Punjab,Chandigarh,1,1142109.92,0.0611,1072313.57,170744.17,Bank Finance
S02922,2024-01-09,C10987,Customer 0987,Tata,Safari,SUV,Petrol,Manual,South,Kerala,Kochi,1,1388621.33,0.103,1245636.11,193411.75,Credit Card
S02541,2024-01-10,C10264,Customer 0264,Honda,Amaze,SUV,CNG,Automatic,North,Rajasthan,Udaipur,1,1369098.63,0.0686,1275112.88,218807.3,Bank Finance
S04805,2024-01-10,C10459,Customer 0459,Tata,Punch,Hatchback,Electric,Automatic,West,Maharashtra,Mumbai,1,1088989.25,0.045,1039974.81,136498.86,Credit Card
S02370,2024-01-10,C10669,Customer 0669,Volkswagen,Taigun,Sedan,CNG,Automatic,East,West Bengal,Siliguri,1,1490392.86,0.04,1430757.3,199209.88,UPI
S02719,2024-01-10,C10581,Customer 0581,Toyota,Innova HyCross,SUV,Diesel,Manual,North,Delhi,New Delhi,1,4230791.11,0.072,3926336.87,237803.69,Bank Finance
S02135,2024-01-10,C10232,Customer 0232,Maruti Suzuki,Dzire,SUV,Hybrid,Automatic,West,Gujarat,Vadodara,1,1265125.05,0.0238,1235001.77,138714.2,Bank Finance
S00682,2024-01-11,C11048,Customer 1048,Maruti Suzuki,Grand Vitara,Hatchback,Electric,Automatic,East,Odisha,Cuttack,1,848354.46,0.0318,821369.12,28747.92,Bank Finance
S00877,2024-01-11,C11116,Customer 1116,Kia,Seltos,MPV,Petrol,Manual,North,Haryana,Gurugram,1,2178299.86,0.0895,1983293.68,221305.91,Credit Card
S03692,2024-01-11,C10175,Customer 0175,Mahindra,Bolero,SUV,Electric,Automatic,South,Tamil Nadu,Chennai,1,1956897.14,0.0782,1803925.93,64893.95,Bank Finance
S04509,2024-01-11,C10286,Customer 0286,Mahindra,Scorpio-N,SUV,Diesel,Manual,North,Delhi,New Delhi,1,1984407.94,0.0525,1880283.49,314829.41,Bank Finance
S04202,2024-01-11,C10646,Customer 0646,Honda,Elevate,SUV,CNG,Automatic,West,Maharashtra,Nashik,1,1185609.47,0.0274,1153113.23,138601.18,Cash
S02438,2024-01-11,C11176,Customer 1176,Hyundai,i20,Hatchback,Petrol,Automatic,North,Uttar Pradesh,Kanpur,1,1393887.29,0.0434,1333418.27,266683.65,Bank Finance
S00470,2024-01-12,C10989,Customer 0989,Volkswagen,Tiguan,Sedan,Petrol,Manual,North,Uttar Pradesh,Noida,1,2693015.69,0.0771,2485321.35,381976.87,Bank Finance
S00062,2024-01-12,C10126,Customer 0126,Hyundai,Creta,Sedan,Hybrid,Manual,East,Bihar,Gaya,1,1030446.35,0.0456,983422.71,148338.43,Cash
S01619,2024-01-12,C11196,Customer 1196,Hyundai,Verna,Sedan,Electric,Manual,West,Goa,Panaji,1,1321228.92,0.0781,1218010.89,162554.49,Bank Finance
S04963,2024-01-13,C10944,Customer 0944,Tata,Safari,SUV,CNG,Automatic,West,Maharashtra,Nagpur,1,1423544.8,0.0795,1310326.34,237384.19,Credit Card
S04281,2024-01-13,C10546,Customer 0546,Kia,Carens,SUV,Diesel,Automatic,South,Kerala,Thiruvananthapuram,1,2000358.07,0.117,1766232.37,222940.27,Cash
S04848,2024-01-13,C10691,Customer 0691,Volkswagen,Tiguan,Sedan,Petrol,Manual,South,Kerala,Thiruvananthapuram,1,1372195.47,0.0856,1254679.58,52250.69,Bank Finance
S00223,2024-01-14,C10467,Customer 0467,Hyundai,Verna,SUV,Petrol,Automatic,West,Goa,Margao,1,1455715.61,0.0588,1370175.0,82668.1,Bank Finance
S03587,2024-01-14,C10733,Customer 0733,Kia,Carens,MPV,CNG,Automatic,West,Maharashtra,Thane,1,2331687.44,0.0704,2167551.08,330862.18,Credit Card
S00806,2024-01-14,C11130,Customer 1130,Mahindra,Scorpio-N,SUV,Diesel,Automatic,East,Bihar,Gaya,1,1767387.1,0.0762,1632659.65,228049.52,Bank Finance
S04042,2024-01-14,C10673,Customer 0673,Toyota,Glanza,MPV,Petrol,Automatic,South,Kerala,Thiruvananthapuram,1,3044014.99,0.0338,2941176.98,335181.12,Credit Card
S00250,2024-01-14,C10963,Customer 0963,Kia,Sonet,MPV,Petrol,Manual,North,Haryana,Gurugram,1,1831131.81,0.0344,1768153.46,208380.6,Bank Finance
S02250,2024-01-14,C10659,Customer 0659,Volkswagen,Tiguan,Sedan,Petrol,Automatic,West,Goa,Margao,1,1272733.97,0.1025,1142325.11,182465.89,Bank Finance
S00400,2024-01-15,C10783,Customer 0783,Toyota,Urban Cruiser Hyryder,MPV,Electric,Manual,East,Bihar,Patna,1,2140102.34,0.0268,2082829.09,252060.67,Credit Card
S01354,2024-01-15,C10106,Customer 0106,Kia,Seltos,MPV,Hybrid,Manual,West,Gujarat,Vadodara,1,1148801.22,0.0847,1051530.13,97107.9,Cash
S04470,2024-01-16,C10037,Customer 0037,Volkswagen,Taigun,SUV,Electric,Manual,North,Punjab,Amritsar,1,1882764.72,0.04,1807390.9,183195.02,Bank Finance
S00922,2024-01-16,C11065,Customer 1065,Kia,Carens,SUV,Diesel,Manual,East,West Bengal,Kolkata,1,944352.24,0.0369,909543.85,95387.16,Bank Finance
S04667,2024-01-16,C10881,Customer 0881,Volkswagen,Taigun,Sedan,Electric,Manual,South,Kerala,Thiruvananthapuram,1,2503631.65,0.071,2325789.97,368092.89,Bank Finance
S00373,2024-01-16,C10642,Customer 0642,Kia,Sonet,SUV,Petrol,Automatic,North,Punjab,Amritsar,1,1905174.21,0.0411,1826853.52,214271.72,Bank Finance
S03964,2024-01-17,C11052,Customer 1052,Honda,City,Sedan,Electric,Automatic,West,Goa,Panaji,1,2072698.69,0.0398,1990201.28,232602.46,UPI
S00943,2024-01-17,C10389,Customer 0389,Honda,Elevate,SUV,Petrol,Automatic,South,Kerala,Thiruvananthapuram,1,2247724.74,0.0698,2090761.87,392418.47,UPI
S04036,2024-01-17,C10291,Customer 0291,Maruti Suzuki,Brezza,Sedan,Hybrid,Manual,East,Bihar,Gaya,1,1623401.26,0.0257,1581728.8,257898.92,Bank Finance
S01680,2024-01-17,C10975,Customer 0975,Honda,Elevate,Sedan,Petrol,Manual,West,Gujarat,Rajkot,1,1662245.56,0.073,1540883.78,155088.11,Credit Card
S00328,2024-01-18,C10997,Customer 0997,Mahindra,XUV700,SUV,Electric,Automatic,East,West Bengal,Kolkata,1,1469796.29,0.0805,1351512.99,47302.95,Bank Finance
S00194,2024-01-19,C11054,Customer 1054,Hyundai,Venue,SUV,Diesel,Manual,South,Kerala,Thiruvananthapuram,1,1544661.89,0.0596,1452636.74,106559.26,UPI
S01021,2024-01-19,C10133,Customer 0133,Mahindra,Bolero,SUV,Electric,Automatic,West,Gujarat,Vadodara,1,1690240.25,0.0242,1649387.48,149683.89,Cash
S04087,2024-01-19,C10519,Customer 0519,Honda,Elevate,SUV,Diesel,Manual,West,Maharashtra,Pune,1,1653945.09,0.0666,1543825.61,231914.0,Bank Finance
S00020,2024-01-19,C10177,Customer 0177,Maruti Suzuki,Brezza,SUV,Petrol,Manual,South,Karnataka,Mysuru,1,645753.94,0.0545,610572.29,41900.74,Credit Card
S01941,2024-01-19,C10452,Customer 0452,Kia,Sonet,SUV,Hybrid,Manual,East,Bihar,Patna,1,2561292.22,0.0408,2456710.47,279916.68,Bank Finance
S03716,2024-01-20,C10253,Customer 0253,Mahindra,Bolero,SUV,Petrol,Automatic,South,Telangana,Hyderabad,1,1103447.58,0.0847,1010036.4,118798.66,Credit Card
S01290,2024-01-20,C10790,Customer 0790,Toyota,Urban Cruiser Hyryder,SUV,Petrol,Automatic,South,Karnataka,Bengaluru,1,1102005.89,0.0678,1027321.71,68057.87,Bank Finance
S01961,2024-01-21,C10190,Customer 0190,Volkswagen,Taigun,Sedan,Petrol,Manual,South,Telangana,Hyderabad,1,2998439.77,0.0388,2882111.31,283180.86,UPI
S03645,2024-01-21,C10973,Customer 0973,Maruti Suzuki,Baleno,Sedan,CNG,Automatic,West,Goa,Panaji,1,1404374.18,0.0784,1294317.37,89428.94,Bank Finance
S00876,2024-01-21,C11052,Customer 1052,Tata,Harrier,SUV,Petrol,Manual,West,Maharashtra,Nashik,1,1728997.85,0.0648,1616990.77,125909.87,UPI
S00185,2024-01-22,C11137,Customer 1137,Honda,Elevate,SUV,CNG,Automatic,West,Maharashtra,Nashik,1,2124332.06,0.0292,2062361.6,163827.19,Bank Finance
S03760,2024-01-22,C11017,Customer 1017,Toyota,Innova HyCross,MPV,Petrol,Manual,East,West Bengal,Kolkata,1,2573638.95,0.028,2501472.24,273336.93,Bank Finance
S04941,2024-01-23,C10770,Customer 0770,Honda,Elevate,SUV,Electric,Manual,East,Bihar,Gaya,1,1263898.54,0.0933,1145941.91,96623.98,Cash
S02007,2024-01-23,C11064,Customer 1064,Toyota,Glanza,MPV,Diesel,Automatic,South,Andhra Pradesh,Vijayawada,1,2252707.13,0.0386,2165820.59,114102.4,Cash
S04155,2024-01-23,C10395,Customer 0395,Tata,Harrier,Hatchback,Petrol,Manual,West,Maharashtra,Pune,1,804336.06,0.0821,738332.41,88823.89,Bank Finance
S04648,2024-01-23,C10693,Customer 0693,Hyundai,Creta,Sedan,Petrol,Manual,South,Tamil Nadu,Chennai,1,1580599.28,0.0893,1439509.48,126567.92,Cash
S02271,2024-01-23,C10514,Customer 0514,Volkswagen,Tiguan,Sedan,Hybrid,Automatic,South,Tamil Nadu,Madurai,1,1861847.78,0.0563,1757031.3,297755.91,Bank Finance
S03095,2024-01-23,C10646,Customer 0646,Tata,Altroz,Hatchback,Electric,Automatic,West,Maharashtra,Thane,1,1032971.39,0.051,980273.55,144140.95,Bank Finance
S02252,2024-01-26,C11185,Customer 1185,Tata,Safari,Hatchback,Hybrid,Manual,West,Gujarat,Rajkot,1,1993171.73,0.0781,1837511.96,265247.53,Bank Finance
S04552,2024-01-26,C10164,Customer 0164,Tata,Altroz,SUV,Petrol,Manual,West,Goa,Panaji,1,1208382.83,0.0369,1163834.58,86700.97,Cash
S04558,2024-01-26,C10082,Customer 0082,Kia,Sonet,SUV,Electric,Manual,North,Uttar Pradesh,Lucknow,1,2045867.12,0.0375,1969183.84,183259.25,Bank Finance
S03866,2024-01-27,C10069,Customer 0069,Kia,Sonet,SUV,Hybrid,Automatic,East,Bihar,Patna,1,1287229.48,0.0464,1227485.54,170289.56,Bank Finance
S04706,2024-01-28,C10950,Customer 0950,Maruti Suzuki,Swift,Sedan,Diesel,Automatic,West,Maharashtra,Nashik,1,759190.02,0.0424,727002.65,41393.94,Bank Finance
S04677,2024-01-28,C10831,Customer 0831,Volkswagen,Virtus,Sedan,Diesel,Automatic,West,Goa,Panaji,1,3403508.06,0.0942,3082820.94,300471.87,UPI
S01489,2024-01-28,C10277,Customer 0277,Mahindra,Thar,SUV,Petrol,Manual,North,Punjab,Ludhiana,1,1180017.53,0.0444,1127642.7,119248.28,Cash
S03029,2024-01-28,C11018,Customer 1018,Toyota,Innova HyCross,SUV,CNG,Automatic,North,Rajasthan,Jodhpur,1,3232575.69,0.0658,3019806.21,300494.35,UPI
S01145,2024-01-28,C10348,Customer 0348,Kia,Carens,SUV,Petrol,Manual,North,Rajasthan,Jaipur,1,788415.83,0.0806,724850.82,86681.43,UPI
S01380,2024-01-29,C10057,Customer 0057,Volkswagen,Virtus,SUV,Petrol,Manual,South,Kerala,Kochi,1,3268891.17,0.0318,3165095.89,499993.83,Cash
S00347,2024-01-29,C10985,Customer 0985,Toyota,Urban Cruiser Hyryder,Hatchback,Petrol,Automatic,West,Maharashtra,Pune,1,2500392.21,0.0759,2310488.5,308585.38,Cash
S01464,2024-01-30,C10167,Customer 0167,Maruti Suzuki,Swift,SUV,Hybrid,Automatic,South,Andhra Pradesh,Vijayawada,1,1509220.57,0.0281,1466853.24,143290.94,Bank Finance
S02489,2024-01-30,C10708,Customer 0708,Mahindra,XUV700,SUV,Diesel,Manual,North,Punjab,Ludhiana,1,1307068.05,0.053,1237802.0,176488.6,UPI
S03374,2024-01-30,C10331,Customer 0331,Honda,City,Sedan,Diesel,Manual,North,Delhi,New Delhi,1,1691351.46,0.0906,1538033.44,138400.12,Credit Card
S01295,2024-01-30,C10018,Customer 0018,Kia,Seltos,MPV,Electric,Automatic,West,Goa,Margao,1,1080075.13,0.0212,1057181.59,168239.79,Bank Finance
S03051,2024-01-30,C10356,Customer 0356,Honda,Elevate,SUV,Petrol,Automatic,East,Odisha,Cuttack,1,1822556.18,0.073,1689455.18,219400.56,Cash
S01795,2024-01-31,C10570,Customer 0570,Kia,Sonet,SUV,Petrol,Manual,South,Andhra Pradesh,Vijayawada,1,1109351.02,0.0439,1060620.09,200824.99,UPI
S03192,2024-01-31,C11089,Customer 1089,Volkswagen,Tiguan,Sedan,Petrol,Manual,South,Kerala,Thiruvananthapuram,1,3135877.45,0.0258,3055092.57,193612.21,Bank Finance
S03642,2024-01-31,C10387,Customer 0387,Mahindra,Bolero,SUV,Diesel,Automatic,South,Karnataka,Mangaluru,1,1375077.51,0.1063,1228945.38,207709.61,Bank Finance
S01292,2024-01-31,C10940,Customer 0940,Hyundai,Verna,Sedan,Petrol,Manual,East,West Bengal,Siliguri,1,676685.19,0.0588,636923.3,42820.6,Bank Finance
S04106,2024-02-01,C10303,Customer 0303,Mahindra,XUV700,SUV,CNG,Automatic,East,Bihar,Patna,1,1076121.26,0.0409,1032077.14,90255.53,Bank Finance
S00183,2024-02-01,C10301,Customer 0301,Volkswagen,Virtus,Sedan,Electric,Automatic,East,Odisha,Bhubaneswar,1,3128498.53,0.1034,2805003.74,213549.4,Credit Card
S01549,2024-02-01,C11002,Customer 1002,Volkswagen,Taigun,Sedan,Electric,Automatic,North,Punjab,Amritsar,1,1624225.34,0.0628,1522287.23,100018.77,Bank Finance
S00601,2024-02-01,C10393,Customer 0393,Honda,City,SUV,CNG,Manual,North,Punjab,Amritsar,1,1255565.74,0.0426,1202066.63,188483.78,Bank Finance
S02643,2024-02-02,C11083,Customer 1083,Mahindra,Bolero,SUV,Hybrid,Automatic,East,Bihar,Patna,1,1240898.49,0.0901,1129154.46,182497.66,Bank Finance
S03101,2024-02-02,C10078,Customer 0078,Hyundai,i20,Hatchback,Petrol,Automatic,West,Goa,Margao,1,757428.07,0.0571,714196.27,120243.11,Bank Finance
S03294,2024-02-02,C10470,Customer 0470,Maruti Suzuki,Baleno,Sedan,Petrol,Manual,West,Goa,Margao,1,1285555.55,0.0661,1200518.14,146455.33,Credit Card
S01926,2024-02-03,C11091,Customer 1091,Hyundai,Venue,Sedan,CNG,Manual,North,Punjab,Amritsar,1,1833390.06,0.0878,1672499.99,236951.49,UPI
S02621,2024-02-03,C10528,Customer 0528,Maruti Suzuki,Dzire,Hatchback,Electric,Automatic,North,Rajasthan,Jaipur,1,858991.69,0.0425,822485.3,50248.34,Credit Card
S01697,2024-02-04,C10128,Customer 0128,Kia,Carens,MPV,Diesel,Automatic,East,Jharkhand,Jamshedpur,1,2028956.11,0.1471,1730572.27,78428.82,Bank Finance
S02779,2024-02-05,C10231,Customer 0231,Volkswagen,Virtus,SUV,Diesel,Automatic,West,Gujarat,Ahmedabad,1,1391479.51,0.079,1281524.19,178552.51,UPI
S04745,2024-02-05,C10650,Customer 0650,Tata,Harrier,SUV,Petrol,Manual,East,Jharkhand,Ranchi,1,1556749.19,0.1088,1387351.45,200483.11,UPI
S04076,2024-02-05,C10716,Customer 0716,Mahindra,XUV 3XO,SUV,Diesel,Automatic,West,Maharashtra,Thane,1,2079137.58,0.0429,1989851.41,200880.69,Bank Finance
S00977,2024-02-05,C11017,Customer 1017,Kia,Seltos,SUV,Electric,Automatic,East,Jharkhand,Ranchi,1,2437587.44,0.0639,2281942.37,223454.31,Bank Finance
S03040,2024-02-05,C10342,Customer 0342,Hyundai,Exter,SUV,Petrol,Manual,South,Andhra Pradesh,Vijayawada,1,1741419.9,0.0749,1610963.16,72168.12,Bank Finance
S03873,2024-02-05,C10343,Customer 0343,Hyundai,Verna,Sedan,Electric,Automatic,North,Delhi,New Delhi,1,956699.03,0.0941,866713.78,62904.84,Bank Finance
S04504,2024-02-06,C10641,Customer 0641,Tata,Nexon,SUV,CNG,Automatic,South,Telangana,Warangal,1,786597.37,0.0663,734470.18,94543.72,Bank Finance
S00934,2024-02-06,C10709,Customer 0709,Kia,Sonet,SUV,Diesel,Manual,South,Karnataka,Mangaluru,1,1875902.94,0.0378,1804996.22,250497.95,Bank Finance
S02140,2024-02-06,C11194,Customer 1194,Volkswagen,Virtus,Sedan,Diesel,Automatic,West,Maharashtra,Mumbai,1,1659640.81,0.0554,1567734.16,185939.07,UPI
S02170,2024-02-06,C10166,Customer 0166,Volkswagen,Tiguan,Sedan,Hybrid,Manual,South,Andhra Pradesh,Visakhapatnam,1,2010554.79,0.118,1773371.84,95738.22,Bank Finance
S01698,2024-02-07,C10731,Customer 0731,Mahindra,Thar,SUV,Electric,Automatic,North,Punjab,Ludhiana,1,1379402.33,0.0608,1295540.54,74294.82,Bank Finance
S00355,2024-02-07,C10493,Customer 0493,Toyota,Innova HyCross,Hatchback,CNG,Automatic,North,Uttar Pradesh,Kanpur,1,2506861.41,0.0459,2391812.97,223146.63,Bank Finance
S04086,2024-02-07,C10838,Customer 0838,Hyundai,Creta,Hatchback,Electric,Manual,East,Odisha,Cuttack,1,1462712.85,0.0753,1352499.9,91344.87,UPI
S03794,2024-02-07,C11152,Customer 1152,Toyota,Glanza,Hatchback,Hybrid,Manual,South,Karnataka,Mangaluru,1,3772074.04,0.011,3730600.17,454260.08,Credit Card
S01841,2024-02-08,C10923,Customer 0923,Kia,Seltos,SUV,Diesel,Automatic,North,Punjab,Amritsar,1,2014084.68,0.1115,1789437.22,220059.65,Cash
S04019,2024-02-08,C10406,Customer 0406,Toyota,Urban Cruiser Hyryder,SUV,Diesel,Automatic,West,Gujarat,Vadodara,1,3887985.87,0.089,3541780.53,442105.52,UPI
S03884,2024-02-09,C10233,Customer 0233,Kia,Seltos,SUV,Petrol,Manual,West,Maharashtra,Thane,1,1391986.49,0.0846,1274245.37,135190.06,Bank Finance
S01980,2024-02-09,C10330,Customer 0330,Honda,Amaze,Sedan,Electric,Manual,South,Tamil Nadu,Chennai,1,1986393.36,0.0677,1851971.29,321595.65,Bank Finance
S01833,2024-02-09,C10621,Customer 0621,Honda,Elevate,SUV,Petrol,Manual,East,Odisha,Bhubaneswar,1,1199524.95,0.0387,1153075.38,183557.32,Bank Finance
S03166,2024-02-09,C11054,Customer 1054,Maruti Suzuki,Baleno,SUV,Diesel,Manual,West,Goa,Margao,1,846659.83,0.052,802648.83,97438.52,Credit Card
S00547,2024-02-09,C10783,Customer 0783,Tata,Harrier,SUV,CNG,Automatic,East,Odisha,Bhubaneswar,1,1818058.3,0.0412,1743182.2,61011.38,Bank Finance
S02079,2024-02-10,C10810,Customer 0810,Volkswagen,Tiguan,Sedan,CNG,Automatic,West,Maharashtra,Nagpur,1,3063142.14,0.0484,2914825.77,305836.91,Bank Finance
S00392,2024-02-11,C10237,Customer 0237,Toyota,Urban Cruiser Hyryder,MPV,Petrol,Automatic,East,Odisha,Cuttack,1,5396624.98,0.0805,4961968.96,501421.74,Bank Finance
S03826,2024-02-11,C11146,Customer 1146,Hyundai,Exter,SUV,Petrol,Automatic,East,Jharkhand,Ranchi,1,1514661.37,0.0065,1504792.95,155750.47,Bank Finance
S04164,2024-02-11,C11027,Customer 1027,Maruti Suzuki,Grand Vitara,SUV,Electric,Manual,North,Uttar Pradesh,Lucknow,1,1661721.55,0.046,1585352.72,222665.34,Bank Finance
S00294,2024-02-11,C10928,Customer 0928,Maruti Suzuki,Dzire,Sedan,Diesel,Manual,West,Maharashtra,Nagpur,1,724243.53,0.0841,663352.41,64918.67,Credit Card
S04204,2024-02-11,C10182,Customer 0182,Tata,Safari,Hatchback,Petrol,Automatic,West,Maharashtra,Thane,1,1936116.45,0.0558,1828174.92,190660.93,Bank Finance
S02012,2024-02-12,C10350,Customer 0350,Hyundai,Exter,Hatchback,Diesel,Automatic,West,Gujarat,Rajkot,1,756483.17,0.074,700519.03,84635.11,Cash
S00340,2024-02-12,C10701,Customer 0701,Maruti Suzuki,Swift,Hatchback,Electric,Manual,West,Maharashtra,Nagpur,1,1289435.12,0.0941,1168159.31,65312.06,Cash
S01184,2024-02-12,C10452,Customer 0452,Mahindra,Scorpio-N,SUV,Electric,Manual,West,Maharashtra,Nagpur,1,1728968.3,0.0385,1662392.18,227661.89,Bank Finance
S04317,2024-02-12,C10594,Customer 0594,Tata,Altroz,SUV,Diesel,Manual,North,Uttar Pradesh,Kanpur,1,1622515.5,0.0133,1600936.07,177136.65,Bank Finance
S03203,2024-02-13,C10078,Customer 0078,Mahindra,Thar,SUV,Diesel,Manual,East,Jharkhand,Ranchi,1,1580512.72,0.0517,1498770.58,197631.89,Credit Card
S04190,2024-02-13,C10330,Customer 0330,Maruti Suzuki,Grand Vitara,Sedan,Diesel,Automatic,South,Andhra Pradesh,Vijayawada,1,1185200.04,0.0777,1093146.27,80430.36,Bank Finance
S00503,2024-02-14,C10105,Customer 0105,Mahindra,Bolero,SUV,Petrol,Automatic,West,Goa,Panaji,1,1977946.24,0.0317,1915158.48,169742.1,UPI
S03640,2024-02-14,C10786,Customer 0786,Maruti Suzuki,Baleno,SUV,Petrol,Automatic,West,Gujarat,Surat,1,1489581.37,0.0342,1438586.63,240116.67,Bank Finance
S02157,2024-02-14,C10549,Customer 0549,Mahindra,XUV 3XO,SUV,Petrol,Automatic,West,Maharashtra,Mumbai,1,956489.61,0.0655,893819.99,80629.34,Credit Card
S04520,2024-02-15,C10634,Customer 0634,Tata,Punch,SUV,Petrol,Automatic,South,Kerala,Kochi,1,781926.13,0.059,735827.34,83045.44,Bank Finance
S00459,2024-02-15,C10304,Customer 0304,Kia,Sonet,SUV,CNG,Manual,South,Tamil Nadu,Madurai,1,2242263.97,0.1003,2017458.54,205081.74,Cash
S02452,2024-02-15,C10285,Customer 0285,Hyundai,Exter,Sedan,Electric,Manual,West,Gujarat,Ahmedabad,1,1445228.23,0.0842,1323608.96,83813.38,UPI
S02855,2024-02-16,C10774,Customer 0774,Honda,City,SUV,CNG,Automatic,West,Gujarat,Rajkot,1,2101079.23,0.0414,2014083.22,181442.97,Cash
S02426,2024-02-16,C10754,Customer 0754,Toyota,Fortuner,SUV,Petrol,Automatic,North,Haryana,Faridabad,1,3672206.73,0.0682,3421581.7,339870.49,UPI
S04045,2024-02-16,C11047,Customer 1047,Kia,Seltos,SUV,Diesel,Manual,North,Haryana,Gurugram,1,1567440.95,0.08,1442101.36,200842.92,Bank Finance
S04699,2024-02-16,C10718,Customer 0718,Volkswagen,Taigun,Sedan,Hybrid,Automatic,West,Maharashtra,Thane,1,2707539.88,0.0427,2591827.01,326018.02,Bank Finance
S02950,2024-02-17,C10643,Customer 0643,Tata,Nexon,SUV,Petrol,Automatic,West,Goa,Margao,1,1669178.45,0.0532,1580297.42,210645.25,UPI
S03579,2024-02-17,C10124,Customer 0124,Hyundai,Creta,Sedan,Petrol,Manual,North,Delhi,New Delhi,1,1082918.68,0.0414,1038058.62,115685.94,UPI
S00082,2024-02-17,C10190,Customer 0190,Honda,Amaze,SUV,Petrol,Automatic,South,Tamil Nadu,Chennai,1,1818410.08,0.09,1654823.93,198406.21,Credit Card
S00329,2024-02-17,C10822,Customer 0822,Kia,Seltos,SUV,Petrol,Automatic,North,Delhi,New Delhi,1,954553.61,0.0587,898562.67,82870.14,UPI
S04928,2024-02-18,C10159,Customer 0159,Toyota,Innova HyCross,MPV,Petrol,Manual,East,West Bengal,Kolkata,1,3569502.69,0.0658,3334585.76,284024.8,Bank Finance
S03898,2024-02-18,C10637,Customer 0637,Tata,Altroz,Hatchback,Hybrid,Automatic,East,West Bengal,Kolkata,1,1517973.29,0.0759,1402797.16,191504.45,Bank Finance
S00747,2024-02-18,C10324,Customer 0324,Volkswagen,Taigun,Sedan,Petrol,Manual,North,Haryana,Faridabad,1,2065503.07,0.0949,1869485.1,184054.39,UPI
S02767,2024-02-18,C10995,Customer 0995,Hyundai,Exter,Hatchback,Electric,Automatic,South,Andhra Pradesh,Visakhapatnam,1,990020.27,0.0375,952863.02,77962.41,Bank Finance
S01132,2024-02-19,C10253,Customer 0253,Toyota,Urban Cruiser Hyryder,Hatchback,Hybrid,Automatic,East,Odisha,Bhubaneswar,1,3246475.66,0.0093,3216413.44,338946.85,Cash
S04634,2024-02-19,C10181,Customer 0181,Mahindra,Thar,SUV,Petrol,Manual,North,Punjab,Chandigarh,1,1425073.7,0.0754,1317630.54,83248.94,Bank Finance
S04113,2024-02-19,C10287,Customer 0287,Maruti Suzuki,Dzire,Sedan,Petrol,Manual,North,Delhi,New Delhi,1,1123347.98,0.0494,1067811.66,107351.94,UPI
S02928,2024-02-20,C10508,Customer 0508,Hyundai,Exter,Hatchback,Petrol,Automatic,West,Gujarat,Rajkot,1,963217.53,0.0951,871596.58,77644.63,Bank Finance
S04832,2024-02-20,C10592,Customer 0592,Maruti Suzuki,Dzire,Sedan,Petrol,Manual,East,Bihar,Patna,1,1222017.35,0.0733,1132447.24,92264.68,Credit Card
S02154,2024-02-20,C10180,Customer 0180,Toyota,Fortuner,MPV,Petrol,Manual,West,Goa,Margao,1,1250121.54,0.0568,1179068.87,175167.9,Credit Card
S04336,2024-02-20,C11187,Customer 1187,Toyota,Urban Cruiser Hyryder,Hatchback,Electric,Automatic,North,Uttar Pradesh,Noida,1,1679877.78,0.041,1611049.99,160930.04,UPI
S02385,2024-02-20,C10261,Customer 0261,Mahindra,Scorpio-N,SUV,Diesel,Manual,West,Gujarat,Rajkot,1,1848291.46,0.0452,1764834.44,278471.38,Bank Finance
S01357,2024-02-21,C10816,Customer 0816,Volkswagen,Tiguan,Sedan,Hybrid,Manual,South,Kerala,Thiruvananthapuram,1,2108293.09,0.0604,1980885.86,231644.21,UPI
S00770,2024-02-22,C10990,Customer 0990,Maruti Suzuki,Swift,Hatchback,Diesel,Automatic,West,Gujarat,Ahmedabad,1,1513705.55,0.0523,1434522.36,79584.35,Bank Finance
S02822,2024-02-22,C11115,Customer 1115,Kia,Carens,MPV,Electric,Manual,West,Gujarat,Ahmedabad,1,2235913.62,0.0019,2231589.24,187463.96,Bank Finance
S03863,2024-02-23,C10668,Customer 0668,Maruti Suzuki,Brezza,Hatchback,Electric,Automatic,East,Jharkhand,Ranchi,1,1363889.0,0.0644,1276106.63,73050.58,Bank Finance
S01501,2024-02-23,C10597,Customer 0597,Mahindra,Scorpio-N,SUV,Electric,Manual,East,Bihar,Gaya,1,1353748.76,0.0117,1337971.53,179540.55,UPI
S02190,2024-02-23,C10807,Customer 0807,Mahindra,Scorpio-N,SUV,Petrol,Automatic,South,Karnataka,Mysuru,1,1237720.26,0.0358,1193379.12,83169.72,Bank Finance
S00141,2024-02-23,C10876,Customer 0876,Kia,Seltos,MPV,Hybrid,Automatic,West,Gujarat,Ahmedabad,1,1915856.1,0.0992,1725765.47,125357.89,Bank Finance
S00243,2024-02-24,C10602,Customer 0602,Hyundai,Exter,Hatchback,Petrol,Automatic,West,Maharashtra,Nashik,1,808356.64,0.0332,781551.41,80108.63,UPI
S02266,2024-02-24,C10470,Customer 0470,Hyundai,Venue,Hatchback,CNG,Manual,South,Andhra Pradesh,Visakhapatnam,1,1139815.09,0.0129,1125159.83,140585.98,Cash
S02462,2024-02-25,C10379,Customer 0379,Toyota,Innova HyCross,SUV,Diesel,Automatic,South,Tamil Nadu,Coimbatore,1,4018908.27,0.0779,3706022.3,464510.02,UPI
S01159,2024-02-27,C10282,Customer 0282,Toyota,Glanza,Hatchback,Electric,Manual,South,Kerala,Kochi,1,2550985.9,0.0815,2343173.54,296294.6,Bank Finance
S03502,2024-02-27,C11039,Customer 1039,Tata,Nexon,Hatchback,Electric,Manual,East,Odisha,Cuttack,1,1328953.71,0.0565,1253868.34,132072.49,Bank Finance
S01971,2024-02-28,C10652,Customer 0652,Toyota,Innova HyCross,Hatchback,Hybrid,Automatic,South,Tamil Nadu,Chennai,1,2458587.11,0.0576,2316915.43,300623.79,Bank Finance
S01346,2024-02-28,C10329,Customer 0329,Mahindra,Bolero,SUV,CNG,Manual,South,Andhra Pradesh,Vijayawada,1,1606906.07,0.0,1606906.07,150714.25,Bank Finance
S00422,2024-02-28,C10701,Customer 0701,Volkswagen,Tiguan,SUV,CNG,Automatic,West,Maharashtra,Mumbai,1,2818840.06,0.0404,2704964.07,317105.62,Bank Finance
S01336,2024-02-28,C10770,Customer 0770,Volkswagen,Taigun,Sedan,CNG,Automatic,West,Gujarat,Surat,1,2856096.82,0.0567,2694028.26,279830.08,Cash
S03737,2024-02-29,C10054,Customer 0054,Tata,Altroz,Hatchback,Diesel,Automatic,West,Gujarat,Ahmedabad,1,885884.17,0.0474,843882.28,64000.27,Credit Card
S04781,2024-02-29,C10963,Customer 0963,Kia,Carens,SUV,CNG,Automatic,South,Telangana,Hyderabad,1,2026595.79,0.0376,1950402.34,278452.07,Credit Card
S04307,2024-02-29,C10402,Customer 0402,Mahindra,Bolero,SUV,Petrol,Automatic,South,Tamil Nadu,Chennai,1,1230909.43,0.0746,1139025.21,109243.23,Cash
S00566,2024-02-29,C11152,Customer 1152,Mahindra,XUV700,SUV,Petrol,Automatic,South,Andhra Pradesh,Visakhapatnam,1,1456176.43,0.0159,1433022.41,118981.29,Cash
S01780,2024-02-29,C10181,Customer 0181,Toyota,Innova HyCross,Hatchback,Diesel,Automatic,South,Tamil Nadu,Chennai,1,1155880.38,0.0904,1051433.83,83907.97,UPI
S04591,2024-02-29,C10577,Customer 0577,Maruti Suzuki,Grand Vitara,Hatchback,Electric,Automatic,North,Haryana,Gurugram,1,970190.0,0.0712,901158.27,64683.7,UPI
S00823,2024-02-29,C10615,Customer 0615,Toyota,Innova HyCross,Hatchback,CNG,Automatic,South,Tamil Nadu,Coimbatore,1,4836746.61,0.074,4478892.27,416670.81,UPI
S04188,2024-03-01,C10988,Customer 0988,Hyundai,i20,SUV,CNG,Automatic,West,Gujarat,Ahmedabad,1,2082952.71,0.0873,1901177.98,303110.95,Bank Finance
S00031,2024-03-01,C10944,Customer 0944,Toyota,Urban Cruiser Hyryder,MPV,CNG,Manual,South,Telangana,Warangal,1,761199.56,0.0319,736922.35,44426.23,UPI
S04050,2024-03-02,C10451,Customer 0451,Tata,Punch,Hatchback,Hybrid,Automatic,East,Jharkhand,Jamshedpur,1,1588707.99,0.0619,1490395.59,145470.71,Bank Finance
S03172,2024-03-02,C10692,Customer 0692,Mahindra,Bolero,SUV,Diesel,Manual,North,Rajasthan,Udaipur,1,1115375.97,0.0419,1068612.05,113298.18,UPI
S01451,2024-03-02,C11185,Customer 1185,Toyota,Urban Cruiser Hyryder,SUV,Petrol,Manual,South,Karnataka,Bengaluru,1,2529549.36,0.029,2456287.85,330308.34,Bank Finance
S00482,2024-03-02,C10664,Customer 0664,Volkswagen,Taigun,Sedan,Petrol,Automatic,South,Andhra Pradesh,Vijayawada,1,3740356.48,0.0244,3648913.37,356538.76,Bank Finance
S00738,2024-03-02,C10352,Customer 0352,Hyundai,i20,Sedan,Petrol,Manual,North,Haryana,Faridabad,1,1427364.46,0.0339,1379002.72,232452.15,Bank Finance
S04349,2024-03-03,C10163,Customer 0163,Maruti Suzuki,Baleno,Sedan,Petrol,Automatic,North,Punjab,Chandigarh,1,1651552.81,0.0681,1539050.56,178828.68,Bank Finance
S01739,2024-03-03,C10868,Customer 0868,Volkswagen,Virtus,SUV,CNG,Manual,South,Telangana,Warangal,1,1993787.36,0.0656,1863005.88,300523.08,Bank Finance
S03882,2024-03-03,C10154,Customer 0154,Honda,Amaze,Sedan,Petrol,Manual,East,Odisha,Bhubaneswar,1,916230.94,0.0785,844311.19,29550.89,Bank Finance
S01905,2024-03-04,C10436,Customer 0436,Mahindra,XUV700,SUV,Hybrid,Automatic,South,Karnataka,Mangaluru,1,2456432.2,0.0268,2390514.99,211007.52,Credit Card
S01114,2024-03-05,C11152,Customer 1152,Mahindra,XUV 3XO,SUV,Electric,Manual,South,Telangana,Warangal,1,1163733.12,0.0656,1087368.99,113278.22,UPI
S00469,2024-03-05,C10613,Customer 0613,Mahindra,Scorpio-N,SUV,CNG,Manual,South,Kerala,Kochi,1,838063.72,0.0473,798416.79,38977.72,UPI
S04778,2024-03-05,C10158,Customer 0158,Toyota,Innova HyCross,SUV,Electric,Automatic,West,Maharashtra,Nagpur,1,2382532.08,0.0825,2185926.35,95404.51,Credit Card
S04536,2024-03-06,C10229,Customer 0229,Kia,Seltos,SUV,Diesel,Automatic,South,Karnataka,Mangaluru,1,2035111.86,0.0599,1913116.19,254766.67,Credit Card
S03391,2024-03-06,C10142,Customer 0142,Maruti Suzuki,Grand Vitara,Sedan,Diesel,Manual,South,Tamil Nadu,Madurai,1,1470583.69,0.0963,1328981.05,119149.89,UPI
S01632,2024-03-06,C11040,Customer 1040,Maruti Suzuki,Swift,SUV,Petrol,Automatic,South,Andhra Pradesh,Vijayawada,1,1382140.18,0.0546,1306649.43,144738.82,UPI
S00012,2024-03-07,C10263,Customer 0263,Maruti Suzuki,Swift,Hatchback,Petrol,Manual,West,Goa,Panaji,1,731818.96,0.104,655683.23,65949.57,UPI
S03277,2024-03-07,C10562,Customer 0562,Honda,Amaze,SUV,Electric,Manual,South,Karnataka,Mysuru,1,1886064.42,0.0394,1811743.7,167313.43,Cash
S01002,2024-03-07,C10981,Customer 0981,Honda,Amaze,Sedan,CNG,Manual,East,Jharkhand,Ranchi,1,1098659.0,0.0538,1039584.36,128446.39,UPI
S02488,2024-03-07,C10423,Customer 0423,Toyota,Innova HyCross,MPV,CNG,Automatic,North,Uttar Pradesh,Lucknow,1,2457956.1,0.1181,2167740.58,127381.26,Cash
S03601,2024-03-07,C11167,Customer 1167,Maruti Suzuki,Swift,Hatchback,Diesel,Automatic,East,Bihar,Gaya,1,1418190.39,0.052,1344503.94,220587.47,UPI
S00619,2024-03-07,C10224,Customer 0224,Mahindra,Thar,SUV,Diesel,Automatic,South,Tamil Nadu,Madurai,1,2160847.2,0.0861,1974901.28,173312.37,UPI
S01725,2024-03-08,C11160,Customer 1160,Volkswagen,Virtus,SUV,Electric,Manual,North,Delhi,New Delhi,1,1499046.99,0.0768,1383920.22,164163.88,Credit Card
S04577,2024-03-09,C10960,Customer 0960,Kia,Seltos,SUV,Electric,Manual,South,Andhra Pradesh,Visakhapatnam,1,1350139.08,0.0591,1270297.04,142356.64,Bank Finance
S00690,2024-03-10,C10460,Customer 0460,Maruti Suzuki,Baleno,SUV,Hybrid,Manual,South,Kerala,Thiruvananthapuram,1,828391.04,0.0,828391.04,84116.64,Bank Finance
S00103,2024-03-10,C10804,Customer 0804,Toyota,Innova HyCross,MPV,Hybrid,Automatic,West,Gujarat,Rajkot,1,3412227.15,0.0815,3134202.15,235881.53,UPI
S04329,2024-03-10,C10474,Customer 0474,Honda,Amaze,SUV,Petrol,Automatic,East,West Bengal,Kolkata,1,897284.12,0.0921,814609.64,63203.58,UPI
S01620,2024-03-10,C10177,Customer 0177,Tata,Altroz,SUV,Diesel,Automatic,South,Andhra Pradesh,Vijayawada,1,1784695.26,0.0791,1643613.07,231184.41,Bank Finance
S03942,2024-03-10,C10566,Customer 0566,Volkswagen,Taigun,Sedan,Diesel,Manual,South,Andhra Pradesh,Visakhapatnam,1,2258829.48,0.0695,2101755.71,201302.77,Bank Finance
S04802,2024-03-10,C10950,Customer 0950,Maruti Suzuki,Dzire,Hatchback,Petrol,Manual,South,Karnataka,Mangaluru,1,983223.75,0.0431,940858.26,104093.83,Bank Finance
S02698,2024-03-10,C10552,Customer 0552,Tata,Nexon,SUV,Petrol,Automatic,West,Gujarat,Rajkot,1,955318.99,0.0846,874460.21,122185.84,Bank Finance
S03841,2024-03-10,C11146,Customer 1146,Hyundai,i20,Sedan,Petrol,Automatic,North,Uttar Pradesh,Kanpur,1,1645319.37,0.0638,1540340.11,102182.53,Cash
S01782,2024-03-10,C10253,Customer 0253,Tata,Altroz,Hatchback,CNG,Manual,West,Maharashtra,Nashik,1,1514537.41,0.0926,1374350.34,155903.39,UPI
S03161,2024-03-11,C10304,Customer 0304,Honda,City,Sedan,Petrol,Automatic,North,Punjab,Ludhiana,1,1474395.04,0.0411,1413831.94,150978.68,Bank Finance
S03004,2024-03-11,C10704,Customer 0704,Honda,Amaze,SUV,CNG,Manual,West,Goa,Margao,1,1376784.8,0.0847,1260117.79,117731.32,Bank Finance
S01732,2024-03-12,C11054,Customer 1054,Hyundai,Exter,Hatchback,Diesel,Manual,West,Gujarat,Surat,1,1356521.24,0.0254,1322100.23,129296.93,Cash
S02623,2024-03-12,C11110,Customer 1110,Volkswagen,Virtus,SUV,Diesel,Automatic,West,Gujarat,Surat,1,1583727.81,0.0533,1499312.23,203616.16,Bank Finance
S02653,2024-03-12,C10549,Customer 0549,Tata,Punch,SUV,Diesel,Automatic,South,Karnataka,Mangaluru,1,1754848.18,0.0438,1677909.98,141000.57,UPI
S04888,2024-03-12,C10884,Customer 0884,Hyundai,i20,Sedan,Petrol,Automatic,West,Gujarat,Ahmedabad,1,1570868.69,0.0694,1461801.11,120385.28,Cash
S00229,2024-03-12,C10324,Customer 0324,Kia,Seltos,SUV,Petrol,Manual,North,Rajasthan,Jaipur,1,1144404.43,0.0641,1071002.47,160441.02,Credit Card
S03664,2024-03-12,C10843,Customer 0843,Tata,Punch,Hatchback,Petrol,Automatic,North,Haryana,Faridabad,1,1365767.43,0.0704,1269627.9,142618.99,UPI
S01086,2024-03-13,C10389,Customer 0389,Volkswagen,Virtus,SUV,Petrol,Manual,West,Goa,Panaji,1,1598097.39,0.0334,1544798.29,150016.04,Credit Card
S02730,2024-03-13,C10751,Customer 0751,Tata,Harrier,SUV,Diesel,Manual,North,Uttar Pradesh,Noida,1,1331631.42,0.0327,1288032.8,106640.74,UPI
S02392,2024-03-13,C10615,Customer 0615,Honda,City,SUV,CNG,Automatic,West,Maharashtra,Mumbai,1,1707261.62,0.0322,1652339.85,186292.73,UPI
S03951,2024-03-13,C10571,Customer 0571,Toyota,Urban Cruiser Hyryder,MPV,CNG,Automatic,North,Uttar Pradesh,Lucknow,1,3700124.89,0.0271,3599737.38,530356.39,Bank Finance
S04187,2024-03-13,C11079,Customer 1079,Kia,Carens,MPV,Diesel,Automatic,West,Maharashtra,Mumbai,1,1359848.11,0.0626,1274681.35,128358.63,Bank Finance
S02600,2024-03-14,C10544,Customer 0544,Tata,Punch,SUV,Hybrid,Automatic,West,Maharashtra,Nagpur,1,2292880.33,0.0487,2181152.55,167180.36,Credit Card
S04378,2024-03-14,C10971,Customer 0971,Tata,Safari,SUV,Petrol,Manual,East,Jharkhand,Ranchi,1,626239.48,0.0474,596535.79,54577.08,Cash
S01956,2024-03-15,C10493,Customer 0493,Hyundai,Creta,SUV,Diesel,Automatic,West,Maharashtra,Pune,1,1109660.26,0.0313,1074953.47,118590.09,Bank Finance
S02026,2024-03-15,C10377,Customer 0377,Honda,City,SUV,Petrol,Automatic,East,Odisha,Bhubaneswar,1,1694523.71,0.0904,1541316.54,183663.53,Bank Finance
S00078,2024-03-15,C10228,Customer 0228,Toyota,Glanza,MPV,CNG,Manual,North,Punjab,Amritsar,1,1165437.84,0.041,1117637.16,110648.97,Bank Finance
S01840,2024-03-16,C11138,Customer 1138,Maruti Suzuki,Baleno,Sedan,Petrol,Automatic,West,Goa,Margao,1,593769.43,0.0377,571396.9,62042.67,Credit Card
S01908,2024-03-16,C10177,Customer 0177,Hyundai,Venue,SUV,Petrol,Automatic,West,Goa,Margao,1,1796444.29,0.0889,1636661.59,152382.13,Cash
S01323,2024-03-16,C11128,Customer 1128,Mahindra,XUV700,SUV,Hybrid,Automatic,North,Delhi,New Delhi,1,905760.98,0.0394,870082.87,97097.97,UPI
S02084,2024-03-16,C11072,Customer 1072,Tata,Punch,Hatchback,Electric,Manual,West,Goa,Panaji,1,955104.59,0.0287,927667.04,101272.95,UPI
S04833,2024-03-16,C10158,Customer 0158,Honda,City,SUV,Diesel,Automatic,North,Punjab,Ludhiana,1,681037.0,0.0197,667602.24,68329.36,Bank Finance
S00308,2024-03-16,C10058,Customer 0058,Hyundai,Exter,Sedan,CNG,Automatic,South,Tamil Nadu,Chennai,1,1337428.28,0.0404,1283388.22,162063.19,Bank Finance
S01677,2024-03-17,C10843,Customer 0843,Kia,Seltos,SUV,Electric,Automatic,North,Uttar Pradesh,Noida,1,863212.64,0.12,759611.09,73132.2,Bank Finance
S02117,2024-03-17,C10763,Customer 0763,Mahindra,XUV700,SUV,Petrol,Automatic,North,Rajasthan,Jodhpur,1,1898689.24,0.0317,1838478.66,205462.65,Bank Finance
S00394,2024-03-18,C10498,Customer 0498,Volkswagen,Taigun,Sedan,Diesel,Automatic,South,Tamil Nadu,Chennai,1,2916913.39,0.0301,2829136.64,132857.93,UPI
S00461,2024-03-18,C10381,Customer 0381,Kia,Seltos,SUV,Diesel,Automatic,South,Andhra Pradesh,Visakhapatnam,1,1545366.9,0.0776,1425409.34,176158.88,UPI
S03867,2024-03-18,C11159,Customer 1159,Toyota,Innova HyCross,MPV,CNG,Automatic,North,Punjab,Amritsar,1,2502226.08,0.0166,2460653.32,288210.5,Bank Finance
S00265,2024-03-18,C10187,Customer 0187,Maruti Suzuki,Dzire,Hatchback,CNG,Manual,West,Maharashtra,Mumbai,1,1107788.57,0.0761,1023539.84,89268.31,Bank Finance
S03774,2024-03-18,C10081,Customer 0081,Honda,Elevate,SUV,Diesel,Automatic,East,Jharkhand,Jamshedpur,1,1949153.81,0.0696,1813446.62,163781.01,Bank Finance
S01312,2024-03-18,C10330,Customer 0330,Hyundai,Exter,Hatchback,Diesel,Automatic,North,Rajasthan,Udaipur,1,963734.62,0.0466,918830.9,91934.18,Cash
S03061,2024-03-19,C10802,Customer 0802,Hyundai,Verna,SUV,Petrol,Automatic,East,Odisha,Cuttack,1,1445495.45,0.0441,1381754.88,123909.99,UPI
S04680,2024-03-19,C10477,Customer 0477,Honda,Elevate,SUV,Hybrid,Automatic,West,Goa,Margao,1,1036515.77,0.0633,970854.47,174466.86,Credit Card
S03111,2024-03-19,C10529,Customer 0529,Volkswagen,Taigun,Sedan,Petrol,Manual,East,Jharkhand,Jamshedpur,1,2750022.06,0.0653,2570577.81,225139.62,UPI
S01718,2024-03-19,C10178,Customer 0178,Toyota,Innova HyCross,SUV,Petrol,Manual,South,Tamil Nadu,Chennai,1,4392499.17,0.0368,4230755.77,260394.88,Cash
S01913,2024-03-20,C10003,Customer 0003,Mahindra,Thar,SUV,Petrol,Manual,North,Punjab,Chandigarh,1,1403781.18,0.0298,1361906.72,105359.38,UPI
S00618,2024-03-20,C10548,Customer 0548,Kia,Carens,MPV,Petrol,Manual,South,Karnataka,Mangaluru,1,1983797.05,0.0214,1941388.41,192426.68,Credit Card
S01262,2024-03-20,C10400,Customer 0400,Hyundai,Verna,Sedan,Petrol,Manual,North,Punjab,Ludhiana,1,1380394.2,0.0421,1322296.11,188775.25,Bank Finance
S00622,2024-03-20,C10154,Customer 0154,Toyota,Glanza,MPV,Petrol,Manual,West,Maharashtra,Thane,1,2280826.3,0.0161,2244096.37,93889.95,Bank Finance
S04335,2024-03-21,C10845,Customer 0845,Tata,Safari,Hatchback,Diesel,Manual,North,Rajasthan,Jaipur,1,623114.45,0.0812,572504.05,42356.5,Cash
S04140,2024-03-21,C10126,Customer 0126,Hyundai,Exter,Sedan,Electric,Automatic,South,Tamil Nadu,Coimbatore,1,930895.91,0.079,857327.32,94524.34,Bank Finance
S00158,2024-03-21,C10290,Customer 0290,Toyota,Innova HyCross,SUV,Petrol,Automatic,North,Haryana,Faridabad,1,2287471.49,0.0585,2153572.21,121647.21,Credit Card
S02575,2024-03-22,C10199,Customer 0199,Mahindra,Bolero,SUV,Diesel,Automatic,North,Punjab,Amritsar,1,2444208.27,0.0309,2368658.77,391423.38,UPI
S03741,2024-03-22,C11131,Customer 1131,Honda,City,SUV,Electric,Automatic,West,Goa,Panaji,1,1885013.59,0.0236,1840525.65,253885.02,Credit Card
S03860,2024-03-22,C10424,Customer 0424,Tata,Nexon,Hatchback,Petrol,Manual,West,Maharashtra,Mumbai,1,1514700.16,0.0703,1408219.1,57105.01,Bank Finance
S02652,2024-03-22,C10702,Customer 0702,Volkswagen,Tiguan,SUV,CNG,Manual,South,Kerala,Kochi,1,2512527.9,0.0827,2304800.46,248649.99,Credit Card
S03926,2024-03-23,C10531,Customer 0531,Hyundai,Exter,Sedan,Petrol,Manual,West,Goa,Panaji,1,1433715.59,0.1024,1286861.64,153145.09,Bank Finance
S04339,2024-03-23,C10715,Customer 0715,Honda,Amaze,Sedan,CNG,Manual,East,Odisha,Bhubaneswar,1,2035522.05,0.0754,1882002.59,95379.08,Cash
S02533,2024-03-23,C11072,Customer 1072,Maruti Suzuki,Swift,Sedan,Electric,Manual,South,Andhra Pradesh,Vijayawada,1,1328346.89,0.027,1292520.43,205939.72,Bank Finance
S01011,2024-03-24,C10723,Customer 0723,Kia,Seltos,SUV,Hybrid,Manual,East,West Bengal,Kolkata,1,806125.14,0.0801,741515.2,96202.14,Bank Finance
S04913,2024-03-24,C10555,Customer 0555,Maruti Suzuki,Dzire,Sedan,Electric,Manual,South,Kerala,Thiruvananthapuram,1,1246167.64,0.015,1227513.64,124691.67,Credit Card
S01209,2024-03-24,C11036,Customer 1036,Mahindra,XUV700,SUV,Electric,Automatic,East,Odisha,Bhubaneswar,1,2539892.87,0.0518,2408283.68,84289.93,Cash
S01986,2024-03-24,C11035,Customer 1035,Honda,Elevate,SUV,Petrol,Manual,West,Gujarat,Rajkot,1,1861787.46,0.0548,1759704.66,166130.77,Bank Finance
S03186,2024-03-24,C10128,Customer 0128,Volkswagen,Taigun,SUV,Petrol,Manual,East,Odisha,Bhubaneswar,1,1324144.22,0.0381,1273711.63,113856.47,Credit Card
S04120,2024-03-24,C11101,Customer 1101,Hyundai,Creta,Hatchback,Petrol,Manual,North,Punjab,Ludhiana,1,1630104.48,0.0531,1543622.15,85028.42,UPI
S02916,2024-03-25,C10593,Customer 0593,Toyota,Fortuner,MPV,Petrol,Manual,South,Telangana,Warangal,1,4019797.68,0.0674,3748997.27,398835.86,Credit Card
S00852,2024-03-25,C10581,Customer 0581,Hyundai,Creta,Hatchback,Diesel,Manual,West,Goa,Margao,1,1242488.84,0.0337,1200643.88,136240.8,Cash
S04967,2024-03-26,C10422,Customer 0422,Volkswagen,Virtus,Sedan,Petrol,Manual,North,Delhi,New Delhi,1,2735062.78,0.0919,2483814.85,215682.42,Bank Finance
S03549,2024-03-26,C10037,Customer 0037,Honda,Elevate,Sedan,Electric,Manual,South,Tamil Nadu,Chennai,1,1841298.28,0.0591,1732543.69,131521.44,Credit Card
S00990,2024-03-28,C10985,Customer 0985,Maruti Suzuki,Baleno,Sedan,Diesel,Manual,West,Gujarat,Ahmedabad,1,629069.89,0.0408,603403.34,74437.24,UPI
S03605,2024-03-28,C10111,Customer 0111,Honda,City,Sedan,Petrol,Automatic,West,Goa,Panaji,1,1671197.16,0.0464,1593657.9,275809.84,Bank Finance
S02578,2024-03-28,C10069,Customer 0069,Maruti Suzuki,Brezza,Sedan,Petrol,Manual,South,Karnataka,Bengaluru,1,1005440.9,0.0824,922606.46,73050.41,Bank Finance
S00343,2024-03-29,C10926,Customer 0926,Honda,Elevate,SUV,Electric,Manual,South,Telangana,Hyderabad,1,1957972.73,0.0576,1845118.24,211221.04,Credit Card
S03564,2024-03-29,C10160,Customer 0160,Mahindra,Bolero,SUV,Petrol,Automatic,West,Maharashtra,Thane,1,2114748.59,0.0854,1934160.76,267701.24,Bank Finance
S03612,2024-03-29,C10158,Customer 0158,Hyundai,Venue,Hatchback,Petrol,Manual,North,Haryana,Faridabad,1,1213284.54,0.0267,1180916.94,153482.66,Cash
S02709,2024-03-30,C10481,Customer 0481,Tata,Harrier,Hatchback,Petrol,Automatic,North,Rajasthan,Jaipur,1,1107476.08,0.047,1055413.94,188955.07,UPI
S00970,2024-03-30,C10515,Customer 0515,Maruti Suzuki,Grand Vitara,SUV,Hybrid,Manual,West,Goa,Margao,1,1393231.26,0.0341,1345776.3,120014.36,UPI
S03820,2024-03-30,C10213,Customer 0213,Tata,Punch,SUV,Petrol,Automatic,West,Goa,Margao,1,772350.36,0.0262,752117.89,102031.28,UPI
S03064,2024-03-30,C11065,Customer 1065,Volkswagen,Taigun,Sedan,Diesel,Automatic,West,Gujarat,Vadodara,1,3003621.94,0.0715,2788823.79,121779.08,Bank Finance
S03473,2024-03-30,C10185,Customer 0185,Hyundai,Creta,Hatchback,Electric,Manual,South,Telangana,Hyderabad,1,1543982.95,0.1002,1389349.71,132521.81,Bank Finance
S01843,2024-03-30,C10633,Customer 0633,Volkswagen,Tiguan,SUV,Electric,Manual,East,West Bengal,Kolkata,1,3082764.09,0.0075,3059796.44,456302.14,Bank Finance
S02783,2024-04-01,C10367,Customer 0367,Maruti Suzuki,Grand Vitara,SUV,Hybrid,Automatic,South,Kerala,Thiruvananthapuram,1,748601.89,0.0616,702519.63,116873.52,Credit Card
S02020,2024-04-01,C10672,Customer 0672,Volkswagen,Virtus,Sedan,Petrol,Automatic,West,Goa,Margao,1,2150724.38,0.0871,1963477.1,158842.18,Bank Finance
S03603,2024-04-01,C10429,Customer 0429,Hyundai,Venue,Hatchback,Petrol,Manual,West,Maharashtra,Nashik,1,1371630.44,0.0303,1330003.29,214085.68,UPI
S00353,2024-04-02,C10899,Customer 0899,Tata,Punch,SUV,Petrol,Automatic,North,Delhi,New Delhi,1,766191.62,0.0919,695796.69,95269.12,Bank Finance
S03870,2024-04-02,C10238,Customer 0238,Toyota,Urban Cruiser Hyryder,Hatchback,Diesel,Automatic,South,Andhra Pradesh,Visakhapatnam,1,3151012.58,0.0188,3091653.91,427907.9,Bank Finance
S02306,2024-04-03,C10820,Customer 0820,Maruti Suzuki,Swift,SUV,Diesel,Manual,West,Maharashtra,Nashik,1,874238.9,0.0666,816053.74,76372.2,Credit Card
S04822,2024-04-04,C10511,Customer 0511,Mahindra,XUV700,SUV,Petrol,Automatic,East,Jharkhand,Jamshedpur,1,1406510.8,0.0581,1324828.85,47758.28,Bank Finance
S04993,2024-04-04,C10801,Customer 0801,Hyundai,Verna,Sedan,Diesel,Manual,North,Uttar Pradesh,Noida,1,1816584.7,0.0536,1719272.29,184552.03,Cash
S01054,2024-04-04,C10625,Customer 0625,Tata,Harrier,Hatchback,Electric,Manual,North,Punjab,Ludhiana,1,1747878.86,0.0628,1638190.96,189409.16,Credit Card
S03715,2024-04-05,C10535,Customer 0535,Honda,Amaze,SUV,Petrol,Automatic,South,Kerala,Kochi,1,2047377.68,0.053,1938801.65,197499.45,Bank Finance
S02526,2024-04-05,C11036,Customer 1036,Tata,Safari,Hatchback,Diesel,Manual,South,Kerala,Kochi,1,1279344.49,0.0753,1183066.9,110314.73,UPI
S00435,2024-04-05,C11182,Customer 1182,Tata,Nexon,SUV,Petrol,Manual,North,Punjab,Ludhiana,1,1403917.05,0.0182,1378404.39,177343.19,Cash
S01845,2024-04-05,C10210,Customer 0210,Kia,Sonet,SUV,Electric,Manual,West,Gujarat,Vadodara,1,2183500.5,0.0765,2016452.14,183710.54,UPI
S03782,2024-04-05,C11156,Customer 1156,Tata,Harrier,SUV,CNG,Automatic,West,Maharashtra,Nagpur,1,770553.17,0.1082,687170.63,57516.7,UPI
S04919,2024-04-05,C10900,Customer 0900,Maruti Suzuki,Baleno,Sedan,Electric,Automatic,East,Odisha,Bhubaneswar,1,1432053.35,0.0513,1358598.31,185940.61,Credit Card
S02403,2024-04-05,C10821,Customer 0821,Maruti Suzuki,Dzire,Hatchback,Hybrid,Manual,North,Delhi,New Delhi,1,1304169.05,0.0894,1187525.08,122585.63,Bank Finance
S01768,2024-04-06,C11046,Customer 1046,Toyota,Urban Cruiser Hyryder,SUV,Petrol,Manual,South,Tamil Nadu,Chennai,1,2086479.48,0.0861,1906897.24,212411.2,UPI
S01765,2024-04-06,C11198,Customer 1198,Toyota,Urban Cruiser Hyryder,SUV,Petrol,Manual,South,Kerala,Kochi,1,1646448.43,0.0498,1564490.26,78062.58,Bank Finance
S00508,2024-04-06,C10841,Customer 0841,Tata,Nexon,Hatchback,Petrol,Manual,South,Telangana,Hyderabad,1,821531.26,0.0511,779515.68,110515.36,Credit Card
S03382,2024-04-06,C10183,Customer 0183,Toyota,Glanza,MPV,Diesel,Manual,North,Uttar Pradesh,Kanpur,1,4444125.17,0.0272,4323451.93,864690.39,Cash
S04531,2024-04-06,C10126,Customer 0126,Volkswagen,Taigun,SUV,CNG,Manual,South,Karnataka,Bengaluru,1,2614506.37,0.0091,2590724.17,296967.15,Bank Finance
S03139,2024-04-07,C10745,Customer 0745,Honda,City,SUV,Diesel,Manual,West,Gujarat,Surat,1,1624853.35,0.0933,1473273.25,174527.69,Credit Card
S04763,2024-04-07,C11106,Customer 1106,Honda,Amaze,Sedan,Petrol,Automatic,East,Bihar,Patna,1,2013514.41,0.0302,1952670.17,200257.51,Credit Card
S01752,2024-04-07,C10562,Customer 0562,Volkswagen,Tiguan,Sedan,Diesel,Automatic,West,Goa,Margao,1,1719530.71,0.0698,1599481.63,133462.03,Cash
S02905,2024-04-07,C10318,Customer 0318,Kia,Sonet,MPV,Diesel,Automatic,East,West Bengal,Kolkata,1,1789716.48,0.0566,1688355.02,113990.1,Bank Finance
S01672,2024-04-07,C11180,Customer 1180,Hyundai,Verna,SUV,Diesel,Manual,West,Maharashtra,Nashik,1,1227575.78,0.0617,1151816.82,130625.53,Cash
S02478,2024-04-08,C10186,Customer 0186,Hyundai,Exter,Sedan,Petrol,Manual,North,Delhi,New Delhi,1,1029324.18,0.0524,975411.75,106698.1,Bank Finance
S02661,2024-04-08,C10428,Customer 0428,Maruti Suzuki,Dzire,Hatchback,Diesel,Manual,North,Uttar Pradesh,Kanpur,1,1079446.29,0.0488,1026787.89,39626.49,Bank Finance
S00431,2024-04-08,C10383,Customer 0383,Kia,Sonet,SUV,CNG,Automatic,South,Tamil Nadu,Coimbatore,1,2698019.53,0.0622,2530160.51,253377.09,Bank Finance
S02781,2024-04-08,C10947,Customer 0947,Maruti Suzuki,Swift,Hatchback,Petrol,Manual,East,Bihar,Patna,1,731250.92,0.0354,705330.48,59530.1,Bank Finance
S01107,2024-04-08,C10733,Customer 0733,Honda,City,Sedan,Diesel,Automatic,South,Andhra Pradesh,Vijayawada,1,2177815.92,0.0922,1976945.14,255003.54,Bank Finance
S01508,2024-04-08,C10061,Customer 0061,Kia,Seltos,MPV,Petrol,Automatic,East,West Bengal,Siliguri,1,1275913.48,0.0747,1180553.55,54603.3,Bank Finance
S03224,2024-04-09,C10350,Customer 0350,Volkswagen,Virtus,Sedan,Petrol,Automatic,North,Delhi,New Delhi,1,3174585.34,0.0682,2958143.13,332453.06,Bank Finance
S01644,2024-04-09,C10495,Customer 0495,Mahindra,XUV 3XO,SUV,Petrol,Automatic,South,Telangana,Warangal,1,1978249.84,0.0585,1862453.63,145988.83,Bank Finance
S02656,2024-04-09,C11131,Customer 1131,Honda,Elevate,Sedan,Electric,Manual,North,Uttar Pradesh,Noida,1,1097979.77,0.0635,1028260.97,153691.6,Bank Finance
S01069,2024-04-10,C10384,Customer 0384,Maruti Suzuki,Brezza,Sedan,CNG,Manual,South,Telangana,Warangal,1,1253009.17,0.0477,1193282.99,59653.52,Credit Card
S00091,2024-04-10,C10114,Customer 0114,Volkswagen,Tiguan,Sedan,Hybrid,Automatic,North,Punjab,Chandigarh,1,3797352.79,0.031,3679558.99,255262.01,UPI
S03834,2024-04-10,C10861,Customer 0861,Mahindra,XUV700,SUV,CNG,Manual,North,Punjab,Amritsar,1,1789868.86,0.0155,1762093.64,87609.23,UPI
S02002,2024-04-11,C10220,Customer 0220,Honda,Elevate,SUV,Petrol,Manual,South,Telangana,Warangal,1,1385147.53,0.0219,1354803.28,129032.47,Bank Finance
S00487,2024-04-11,C10370,Customer 0370,Hyundai,Verna,Hatchback,Hybrid,Manual,South,Karnataka,Bengaluru,1,1257427.24,0.026,1224783.33,205665.0,Bank Finance
S04679,2024-04-11,C10088,Customer 0088,Toyota,Innova HyCross,Hatchback,Petrol,Automatic,North,Punjab,Ludhiana,1,1144544.03,0.0762,1057352.81,60679.05,UPI
S01311,2024-04-11,C10510,Customer 0510,Mahindra,XUV700,SUV,CNG,Automatic,South,Tamil Nadu,Madurai,1,1154919.62,0.0415,1106955.35,122110.49,Bank Finance
S04199,2024-04-12,C10551,Customer 0551,Hyundai,i20,Hatchback,Petrol,Automatic,North,Punjab,Chandigarh,1,958739.09,0.0566,904447.95,112252.57,UPI
S00251,2024-04-12,C11054,Customer 1054,Toyota,Glanza,Hatchback,Hybrid,Automatic,West,Gujarat,Rajkot,1,4842225.97,0.0612,4545966.13,448038.03,Bank Finance
S03596,2024-04-12,C10230,Customer 0230,Hyundai,Creta,Hatchback,Hybrid,Manual,East,West Bengal,Kolkata,1,1313130.78,0.0549,1241089.45,133816.79,Bank Finance
S00637,2024-04-12,C11195,Customer 1195,Toyota,Innova HyCross,Hatchback,Petrol,Automatic,West,Maharashtra,Nagpur,1,3517531.32,0.0625,3297746.49,215927.99,UPI
S03705,2024-04-12,C10044,Customer 0044,Hyundai,Creta,SUV,Electric,Automatic,West,Gujarat,Vadodara,1,897287.98,0.0311,869425.53,81880.44,UPI
S02371,2024-04-12,C10258,Customer 0258,Tata,Safari,SUV,CNG,Automatic,South,Kerala,Kochi,1,884563.65,0.0279,859917.42,96625.7,Credit Card
S02952,2024-04-12,C10777,Customer 0777,Volkswagen,Taigun,Sedan,Hybrid,Manual,North,Punjab,Amritsar,1,3187564.12,0.0303,3091045.71,286754.4,Credit Card
S00153,2024-04-13,C10129,Customer 0129,Kia,Carens,SUV,Petrol,Automatic,West,Maharashtra,Mumbai,1,1015820.57,0.0498,965247.92,110756.36,Cash
S04002,2024-04-13,C10063,Customer 0063,Volkswagen,Virtus,SUV,Diesel,Manual,West,Maharashtra,Mumbai,1,2898687.22,0.0685,2700048.83,317319.85,Credit Card
S02553,2024-04-14,C10716,Customer 0716,Hyundai,Venue,Sedan,Diesel,Automatic,East,Jharkhand,Ranchi,1,1697626.04,0.0698,1579205.53,116586.42,Credit Card
S04262,2024-04-14,C10574,Customer 0574,Hyundai,Exter,SUV,Petrol,Automatic,South,Karnataka,Mysuru,1,1279427.38,0.04,1228282.23,165323.65,Cash
S02222,2024-04-14,C10306,Customer 0306,Maruti Suzuki,Baleno,SUV,Electric,Manual,South,Andhra Pradesh,Visakhapatnam,1,1363709.15,0.0328,1319016.48,114011.48,Bank Finance
S03616,2024-04-14,C10426,Customer 0426,Honda,Elevate,Sedan,Diesel,Automatic,East,West Bengal,Kolkata,1,2290126.21,0.0721,2124942.14,272040.86,Bank Finance
S02095,2024-04-14,C10746,Customer 0746,Honda,City,SUV,Hybrid,Automatic,West,Goa,Panaji,1,1888657.03,0.0248,1841887.27,332532.75,Bank Finance
S01344,2024-04-15,C10333,Customer 0333,Maruti Suzuki,Grand Vitara,Hatchback,Petrol,Manual,North,Haryana,Gurugram,1,1199511.92,0.0527,1136283.21,172435.06,Bank Finance
S02655,2024-04-15,C11187,Customer 1187,Honda,City,SUV,Petrol,Automatic,East,Bihar,Patna,1,2039511.3,0.0644,1908200.33,73170.11,UPI
S00829,2024-04-15,C10429,Customer 0429,Kia,Seltos,MPV,Diesel,Automatic,West,Gujarat,Rajkot,1,1828377.54,0.0497,1737557.3,271091.7,Cash
S00041,2024-04-15,C11157,Customer 1157,Kia,Sonet,SUV,CNG,Manual,West,Maharashtra,Nagpur,1,1767689.9,0.1224,1551335.63,140480.27,UPI
S02071,2024-04-15,C10991,Customer 0991,Kia,Carens,SUV,Petrol,Manual,West,Goa,Margao,1,2045531.08,0.08,1881870.82,127088.52,Bank Finance
S00266,2024-04-16,C10968,Customer 0968,Tata,Nexon,SUV,Hybrid,Manual,West,Goa,Panaji,1,1825757.28,0.0533,1728512.74,310555.97,Bank Finance
S02667,2024-04-16,C11016,Customer 1016,Tata,Altroz,SUV,Electric,Automatic,North,Delhi,New Delhi,1,778978.75,0.0742,721201.28,54180.04,Credit Card
S02017,2024-04-16,C10932,Customer 0932,Volkswagen,Taigun,SUV,CNG,Automatic,South,Kerala,Kochi,1,3324149.32,0.0431,3180952.76,440569.54,Bank Finance
S01465,2024-04-16,C11144,Customer 1144,Honda,Elevate,Sedan,Petrol,Manual,West,Goa,Panaji,1,1888514.2,0.0434,1806567.57,212110.0,Credit Card
S04876,2024-04-17,C10449,Customer 0449,Honda,Elevate,SUV,CNG,Automatic,West,Gujarat,Ahmedabad,1,824034.66,0.0328,796992.0,101611.43,UPI
S04350,2024-04-17,C10400,Customer 0400,Maruti Suzuki,Brezza,Sedan,Electric,Manual,South,Tamil Nadu,Madurai,1,1084578.67,0.0633,1015879.24,35555.77,Bank Finance
S00405,2024-04-18,C10852,Customer 0852,Honda,Elevate,Sedan,Petrol,Manual,South,Tamil Nadu,Coimbatore,1,1816055.42,0.0731,1683317.02,76831.15,Bank Finance
S00196,2024-04-18,C10648,Customer 0648,Toyota,Glanza,SUV,Diesel,Manual,South,Kerala,Kochi,1,1158380.22,0.0406,1111327.28,83782.14,Bank Finance
S03738,2024-04-18,C10953,Customer 0953,Kia,Sonet,SUV,Petrol,Manual,North,Uttar Pradesh,Noida,1,940193.81,0.0457,897197.3,114711.2,Credit Card
S01424,2024-04-18,C11101,Customer 1101,Kia,Carens,SUV,Petrol,Manual,South,Andhra Pradesh,Vijayawada,1,2156460.12,0.0619,2023036.78,182329.9,Credit Card
S03197,2024-04-18,C10083,Customer 0083,Maruti Suzuki,Swift,Sedan,Hybrid,Manual,South,Karnataka,Bengaluru,1,895364.17,0.0455,854592.98,71877.06,Bank Finance
S04040,2024-04-18,C11029,Customer 1029,Maruti Suzuki,Dzire,SUV,Diesel,Automatic,West,Gujarat,Ahmedabad,1,1359961.71,0.0477,1295041.95,148918.65,Bank Finance
S01294,2024-04-18,C10325,Customer 0325,Toyota,Fortuner,MPV,Electric,Automatic,South,Tamil Nadu,Madurai,1,794800.08,0.0533,752444.41,44214.5,UPI
S01953,2024-04-19,C10062,Customer 0062,Mahindra,XUV 3XO,SUV,Hybrid,Manual,North,Delhi,New Delhi,1,897486.53,0.0805,825242.53,79742.97,UPI
S03929,2024-04-19,C10713,Customer 0713,Honda,Elevate,SUV,CNG,Automatic,South,Telangana,Warangal,1,1837092.09,0.0807,1688856.96,59109.99,Bank Finance
S04770,2024-04-19,C10912,Customer 0912,Toyota,Innova HyCross,SUV,Electric,Automatic,North,Uttar Pradesh,Kanpur,1,1368911.46,0.0862,1250898.34,250179.67,Cash
S01595,2024-04-20,C10345,Customer 0345,Maruti Suzuki,Swift,SUV,CNG,Automatic,South,Andhra Pradesh,Vijayawada,1,1555543.65,0.0387,1495296.16,92244.65,Cash
S01165,2024-04-21,C10424,Customer 0424,Maruti Suzuki,Swift,Hatchback,Petrol,Manual,South,Andhra Pradesh,Visakhapatnam,1,1009993.59,0.0381,971494.71,117037.22,Bank Finance
S00836,2024-04-21,C10991,Customer 0991,Toyota,Innova HyCross,Hatchback,Electric,Manual,West,Goa,Margao,1,4528813.72,0.0885,4128067.82,187671.03,Bank Finance
S04721,2024-04-21,C10036,Customer 0036,Kia,Sonet,MPV,Hybrid,Manual,West,Goa,Panaji,1,1108781.32,0.0247,1081413.74,39706.05,Bank Finance
S04474,2024-04-21,C10852,Customer 0852,Tata,Safari,Hatchback,Electric,Manual,North,Delhi,New Delhi,1,1386190.39,0.0359,1336433.22,107448.0,UPI
S03151,2024-04-22,C11103,Customer 1103,Maruti Suzuki,Brezza,Hatchback,Hybrid,Manual,East,Bihar,Gaya,1,1393662.92,0.0842,1276338.63,184909.0,Credit Card
S01027,2024-04-22,C10572,Customer 0572,Kia,Sonet,SUV,Diesel,Automatic,North,Punjab,Amritsar,1,1010446.4,0.0431,966860.4,52148.06,Cash
S03345,2024-04-22,C11194,Customer 1194,Kia,Seltos,MPV,Diesel,Manual,North,Punjab,Chandigarh,1,1766571.01,0.0605,1659658.41,206787.41,Bank Finance
S01740,2024-04-22,C10314,Customer 0314,Kia,Sonet,MPV,Hybrid,Automatic,West,Goa,Panaji,1,1895012.48,0.054,1792612.36,208262.16,Bank Finance
S00256,2024-04-22,C11113,Customer 1113,Hyundai,Creta,SUV,Petrol,Manual,East,Bihar,Patna,1,843083.3,0.0999,758894.77,60944.53,UPI
S00923,2024-04-23,C11119,Customer 1119,Maruti Suzuki,Swift,SUV,Petrol,Automatic,North,Rajasthan,Jodhpur,1,1515325.58,0.0332,1464998.35,96164.24,Cash
S01156,2024-04-23,C11098,Customer 1098,Kia,Seltos,MPV,Electric,Automatic,West,Goa,Panaji,1,1585694.07,0.0799,1458933.01,133105.81,UPI
S00388,2024-04-23,C10724,Customer 0724,Hyundai,i20,Sedan,Petrol,Manual,North,Delhi,New Delhi,1,1558988.82,0.0175,1531718.56,53610.15,UPI
S03680,2024-04-23,C10875,Customer 0875,Hyundai,Verna,SUV,Hybrid,Manual,South,Kerala,Kochi,1,787243.87,0.0593,740542.73,80832.61,Cash
S00647,2024-04-23,C10422,Customer 0422,Volkswagen,Taigun,SUV,Electric,Automatic,West,Goa,Margao,1,3162701.35,0.0796,2911051.28,283756.21,Credit Card
S04891,2024-04-23,C10460,Customer 0460,Mahindra,Bolero,SUV,Diesel,Manual,North,Rajasthan,Jaipur,1,876062.97,0.05,832300.71,124556.51,Credit Card
S01102,2024-04-23,C10290,Customer 0290,Volkswagen,Taigun,SUV,Hybrid,Automatic,South,Kerala,Thiruvananthapuram,1,3283109.55,0.0528,3109652.89,120888.73,Bank Finance
S02577,2024-04-23,C10496,Customer 0496,Maruti Suzuki,Brezza,Hatchback,Petrol,Manual,South,Karnataka,Mysuru,1,912189.09,0.0744,844353.43,122602.76,Bank Finance
S03316,2024-04-24,C11029,Customer 1029,Honda,Amaze,SUV,Petrol,Manual,West,Maharashtra,Thane,1,1167212.82,0.0233,1140057.03,115610.18,Cash
S04409,2024-04-24,C10901,Customer 0901,Maruti Suzuki,Grand Vitara,Hatchback,CNG,Automatic,East,Odisha,Bhubaneswar,1,962360.91,0.0605,904110.28,31643.86,Bank Finance
S01919,2024-04-24,C10704,Customer 0704,Tata,Altroz,Hatchback,Petrol,Manual,South,Kerala,Thiruvananthapuram,1,1788019.86,0.0767,1650833.45,173832.88,Cash
S00632,2024-04-24,C10077,Customer 0077,Tata,Punch,SUV,CNG,Manual,North,Delhi,New Delhi,1,1986007.29,0.0534,1879933.25,113065.0,Credit Card
S03666,2024-04-25,C10504,Customer 0504,Maruti Suzuki,Dzire,Sedan,Petrol,Manual,West,Gujarat,Rajkot,1,1241189.75,0.0486,1180811.03,127933.28,Cash
S01557,2024-04-25,C10187,Customer 0187,Tata,Harrier,Hatchback,Electric,Automatic,North,Punjab,Chandigarh,1,1586027.73,0.0556,1497850.74,229044.88,UPI
S01847,2024-04-25,C10793,Customer 0793,Mahindra,Thar,SUV,Diesel,Manual,West,Goa,Margao,1,2130347.33,0.0789,1962256.76,133966.0,UPI
S01232,2024-04-25,C10874,Customer 0874,Volkswagen,Tiguan,Sedan,Petrol,Manual,North,Uttar Pradesh,Kanpur,1,2184603.18,0.035,2108115.51,178636.97,Bank Finance
S04661,2024-04-25,C10868,Customer 0868,Honda,Elevate,SUV,Diesel,Manual,East,Odisha,Bhubaneswar,1,930314.84,0.0835,852677.45,112103.12,Credit Card
S01031,2024-04-26,C10264,Customer 0264,Hyundai,Verna,Hatchback,Electric,Manual,North,Haryana,Faridabad,1,1446527.45,0.0595,1360445.27,160214.79,UPI
S03998,2024-04-26,C11064,Customer 1064,Honda,Amaze,SUV,Diesel,Manual,South,Telangana,Hyderabad,1,1910140.9,0.005,1900584.48,215896.01,Cash
S01519,2024-04-28,C10961,Customer 0961,Hyundai,Exter,SUV,CNG,Automatic,North,Rajasthan,Jaipur,1,1621138.77,0.045,1548123.94,306738.36,UPI
S00694,2024-04-29,C11125,Customer 1125,Toyota,Glanza,SUV,Petrol,Automatic,North,Rajasthan,Jodhpur,1,3960411.53,0.0531,3750138.69,451785.47,Credit Card
S03092,2024-04-29,C10492,Customer 0492,Maruti Suzuki,Swift,Sedan,Petrol,Manual,North,Uttar Pradesh,Noida,1,1485077.96,0.058,1398995.7,173710.5,Bank Finance
S02401,2024-04-30,C11066,Customer 1066,Tata,Harrier,Hatchback,CNG,Automatic,West,Maharashtra,Nagpur,1,1213685.0,0.0199,1189561.65,110074.65,UPI
S03993,2024-04-30,C10440,Customer 0440,Tata,Safari,SUV,Diesel,Automatic,West,Gujarat,Vadodara,1,993982.07,0.0841,910358.28,84697.71,Credit Card
S01222,2024-04-30,C10292,Customer 0292,Honda,City,SUV,Petrol,Automatic,North,Delhi,New Delhi,1,900582.49,0.004,897009.94,79273.57,Bank Finance
S04811,2024-04-30,C11054,Customer 1054,Hyundai,Exter,SUV,Hybrid,Automatic,North,Rajasthan,Jaipur,1,1772964.19,0.0441,1694845.91,177882.87,Bank Finance
S04935,2024-04-30,C11068,Customer 1068,Honda,Amaze,SUV,Diesel,Manual,West,Gujarat,Rajkot,1,1057106.17,0.0235,1032231.67,95043.64,Bank Finance
S02171,2024-05-01,C10136,Customer 0136,Hyundai,Venue,SUV,Electric,Manual,South,Kerala,Kochi,1,923649.52,0.0851,845059.54,29577.08,Credit Card
S00480,2024-05-01,C10284,Customer 0284,Kia,Sonet,MPV,Petrol,Manual,South,Andhra Pradesh,Visakhapatnam,1,1963725.41,0.0589,1848040.64,135727.92,Bank Finance
S03493,2024-05-01,C11046,Customer 1046,Mahindra,XUV 3XO,SUV,Petrol,Manual,South,Tamil Nadu,Chennai,1,1051992.11,0.0204,1030531.52,116267.05,UPI
S02379,2024-05-01,C11046,Customer 1046,Honda,Amaze,Sedan,CNG,Automatic,North,Delhi,New Delhi,1,1873479.1,0.0868,1710789.79,74881.11,UPI
S01764,2024-05-01,C10912,Customer 0912,Mahindra,Thar,SUV,Diesel,Automatic,East,West Bengal,Kolkata,1,2077545.71,0.1232,1821521.94,220464.25,Bank Finance
S00008,2024-05-02,C10124,Customer 0124,Volkswagen,Virtus,SUV,Electric,Automatic,South,Tamil Nadu,Coimbatore,1,3185992.29,0.0674,2971130.7,275958.21,Bank Finance
S00501,2024-05-02,C10702,Customer 0702,Hyundai,Verna,Sedan,Electric,Manual,South,Kerala,Kochi,1,800582.59,0.0091,793282.92,112312.07,Bank Finance
S03673,2024-05-02,C10437,Customer 0437,Mahindra,Bolero,SUV,Electric,Manual,North,Delhi,New Delhi,1,980884.5,0.0471,934732.59,48465.5,Bank Finance
S01280,2024-05-02,C11122,Customer 1122,Kia,Seltos,MPV,Petrol,Manual,West,Gujarat,Rajkot,1,2181717.81,0.0591,2052777.93,211970.03,Cash
S02150,2024-05-03,C11054,Customer 1054,Hyundai,i20,Hatchback,Electric,Manual,East,Odisha,Bhubaneswar,1,1498472.46,0.0432,1433775.69,210193.8,Credit Card
S02423,2024-05-03,C10865,Customer 0865,Kia,Seltos,SUV,Petrol,Manual,East,Bihar,Gaya,1,1877264.32,0.0323,1816606.15,86135.8,Bank Finance
S00782,2024-05-03,C10499,Customer 0499,Hyundai,Venue,Sedan,Diesel,Automatic,East,West Bengal,Siliguri,1,1337255.21,0.0932,1212597.67,157373.71,Bank Finance
S00380,2024-05-03,C10258,Customer 0258,Tata,Harrier,Hatchback,Hybrid,Manual,West,Maharashtra,Mumbai,1,2351956.32,0.0637,2202226.11,337608.41,Bank Finance
S04711,2024-05-03,C10834,Customer 0834,Mahindra,Thar,SUV,Diesel,Automatic,West,Maharashtra,Mumbai,1,1985233.39,0.0475,1890983.48,125738.96,Bank Finance
S02159,2024-05-04,C10693,Customer 0693,Volkswagen,Taigun,SUV,Petrol,Manual,North,Uttar Pradesh,Lucknow,1,2429352.95,0.0549,2296019.15,216141.32,Bank Finance
S01656,2024-05-04,C10330,Customer 0330,Volkswagen,Virtus,SUV,CNG,Manual,North,Uttar Pradesh,Lucknow,1,3457058.24,0.0938,3132843.19,450222.04,Bank Finance
S03854,2024-05-05,C10571,Customer 0571,Volkswagen,Tiguan,SUV,Diesel,Manual,South,Karnataka,Mangaluru,1,2378101.83,0.0545,2248599.05,201609.75,Bank Finance
S04205,2024-05-05,C10179,Customer 0179,Maruti Suzuki,Dzire,SUV,CNG,Automatic,East,Odisha,Bhubaneswar,1,1243047.85,0.0452,1186901.91,178284.52,Bank Finance
S01767,2024-05-05,C10975,Customer 0975,Tata,Harrier,Hatchback,Electric,Manual,West,Maharashtra,Nashik,1,1147369.06,0.0402,1101299.1,220259.82,Credit Card
S02583,2024-05-05,C11131,Customer 1131,Mahindra,Scorpio-N,SUV,Petrol,Manual,North,Punjab,Chandigarh,1,1431891.63,0.0313,1387116.37,220422.16,Cash
S02639,2024-05-06,C10393,Customer 0393,Toyota,Urban Cruiser Hyryder,Hatchback,Diesel,Manual,West,Goa,Margao,1,2415861.46,0.0484,2299004.72,336382.49,Credit Card
S01019,2024-05-06,C10613,Customer 0613,Kia,Sonet,SUV,Hybrid,Manual,East,Jharkhand,Jamshedpur,1,1001512.35,0.0382,963300.05,57839.36,Bank Finance
S02614,2024-05-06,C10614,Customer 0614,Mahindra,Thar,SUV,Petrol,Manual,North,Rajasthan,Jaipur,1,1314584.37,0.0434,1257480.06,121442.76,Bank Finance
S03906,2024-05-07,C10914,Customer 0914,Maruti Suzuki,Baleno,Hatchback,Diesel,Automatic,West,Gujarat,Rajkot,1,1565812.51,0.0495,1488316.01,126489.8,Bank Finance
S04403,2024-05-08,C11183,Customer 1183,Honda,City,SUV,Diesel,Manual,East,Odisha,Bhubaneswar,1,1219439.65,0.0314,1181206.92,152545.12,Bank Finance
S03256,2024-05-08,C11101,Customer 1101,Toyota,Glanza,MPV,CNG,Automatic,East,Odisha,Cuttack,1,4122637.35,0.0968,3723521.87,365477.9,Cash
S01008,2024-05-08,C11159,Customer 1159,Mahindra,Thar,SUV,Diesel,Automatic,North,Rajasthan,Jaipur,1,1881572.66,0.0918,1708851.23,152911.24,Bank Finance
S04873,2024-05-09,C10505,Customer 0505,Volkswagen,Taigun,SUV,Petrol,Manual,South,Telangana,Warangal,1,3082890.47,0.0467,2939062.75,232763.13,UPI
S01794,2024-05-09,C10828,Customer 0828,Honda,Amaze,SUV,CNG,Automatic,South,Tamil Nadu,Coimbatore,1,898110.34,0.0873,819685.45,38675.68,Bank Finance
S00612,2024-05-10,C10812,Customer 0812,Tata,Harrier,SUV,Diesel,Automatic,North,Delhi,New Delhi,1,1273543.29,0.0564,1201706.65,106000.33,UPI
S01100,2024-05-10,C10005,Customer 0005,Maruti Suzuki,Swift,SUV,CNG,Automatic,South,Telangana,Hyderabad,1,1650387.34,0.0473,1572285.32,170108.07,Bank Finance
S00495,2024-05-10,C11002,Customer 1002,Kia,Carens,SUV,Petrol,Manual,West,Gujarat,Rajkot,1,1300795.42,0.0396,1249313.55,107927.48,Credit Card
S00726,2024-05-10,C10138,Customer 0138,Toyota,Urban Cruiser Hyryder,Hatchback,Diesel,Manual,West,Maharashtra,Nashik,1,4359812.77,0.0322,4219492.87,379117.03,Bank Finance
S04460,2024-05-11,C10679,Customer 0679,Kia,Sonet,SUV,CNG,Manual,West,Maharashtra,Nagpur,1,1275255.02,0.0425,1221059.57,74285.98,Bank Finance
S00473,2024-05-11,C10865,Customer 0865,Mahindra,Thar,SUV,Hybrid,Manual,South,Karnataka,Bengaluru,1,1065756.66,0.0548,1007393.56,129261.07,Bank Finance
S03976,2024-05-12,C10562,Customer 0562,Maruti Suzuki,Grand Vitara,Hatchback,Hybrid,Automatic,West,Maharashtra,Pune,1,656862.57,0.0754,607306.05,61901.18,Bank Finance
S04342,2024-05-12,C10497,Customer 0497,Kia,Seltos,SUV,Electric,Automatic,East,West Bengal,Siliguri,1,1590016.6,0.0186,1560382.7,194857.64,Credit Card
S02453,2024-05-13,C10426,Customer 0426,Kia,Seltos,SUV,Diesel,Automatic,South,Andhra Pradesh,Vijayawada,1,2101770.73,0.0465,2004028.82,242356.66,UPI
S01050,2024-05-13,C10968,Customer 0968,Toyota,Fortuner,SUV,Hybrid,Automatic,West,Maharashtra,Mumbai,1,4269946.58,0.054,4039556.24,619090.12,Credit Card
S04010,2024-05-13,C10566,Customer 0566,Mahindra,Scorpio-N,SUV,Petrol,Manual,South,Andhra Pradesh,Vijayawada,1,1016045.42,0.0597,955392.99,115646.4,Credit Card
S04313,2024-05-13,C10149,Customer 0149,Honda,Elevate,SUV,Petrol,Manual,North,Delhi,New Delhi,1,2019402.05,0.0129,1993341.31,295068.88,Bank Finance
S02617,2024-05-14,C10515,Customer 0515,Honda,Elevate,SUV,Hybrid,Manual,South,Tamil Nadu,Chennai,1,1539017.38,0.0544,1455318.75,112133.03,Bank Finance
S02684,2024-05-14,C10686,Customer 0686,Hyundai,Verna,Hatchback,Diesel,Automatic,West,Maharashtra,Nashik,1,996536.64,0.0823,914539.43,88486.36,Bank Finance
S01048,2024-05-14,C10633,Customer 0633,Mahindra,Thar,SUV,Electric,Automatic,West,Maharashtra,Nagpur,1,1307662.42,0.0251,1274776.68,213976.64,Bank Finance
S03901,2024-05-14,C11150,Customer 1150,Hyundai,Exter,Sedan,CNG,Manual,West,Goa,Margao,1,991521.86,0.0481,943810.89,73366.13,Cash
S01334,2024-05-15,C10333,Customer 0333,Toyota,Urban Cruiser Hyryder,MPV,Petrol,Manual,West,Gujarat,Ahmedabad,1,4905417.37,0.0675,4574373.5,567319.39,Bank Finance
S02165,2024-05-15,C10183,Customer 0183,Maruti Suzuki,Grand Vitara,Sedan,Petrol,Automatic,West,Gujarat,Ahmedabad,1,1012694.82,0.0511,960910.74,132228.36,Bank Finance
S01848,2024-05-15,C10069,Customer 0069,Kia,Carens,MPV,Petrol,Automatic,West,Maharashtra,Thane,1,1661762.8,0.0377,1599132.19,151979.73,Bank Finance
S02865,2024-05-15,C10169,Customer 0169,Toyota,Fortuner,MPV,Diesel,Manual,South,Telangana,Hyderabad,1,2779272.29,0.0828,2549011.92,283729.14,Cash
S02580,2024-05-15,C10492,Customer 0492,Maruti Suzuki,Brezza,Hatchback,Petrol,Manual,West,Gujarat,Rajkot,1,1231972.29,0.0678,1148384.86,138686.03,Credit Card
S01891,2024-05-16,C10209,Customer 0209,Hyundai,Creta,Sedan,Petrol,Automatic,South,Andhra Pradesh,Vijayawada,1,1610397.78,0.0868,1470655.16,147647.04,Credit Card
S01396,2024-05-16,C10981,Customer 0981,Volkswagen,Taigun,Sedan,Petrol,Manual,South,Telangana,Warangal,1,2433036.08,0.0805,2237104.33,222352.14,Credit Card
S01552,2024-05-16,C11144,Customer 1144,Tata,Nexon,SUV,Petrol,Automatic,East,Bihar,Gaya,1,1003296.09,0.0816,921448.37,114253.1,UPI
S03927,2024-05-17,C10133,Customer 0133,Hyundai,i20,Sedan,Diesel,Manual,West,Maharashtra,Mumbai,1,1868309.62,0.0344,1803986.73,171715.07,UPI
S03480,2024-05-17,C10427,Customer 0427,Toyota,Fortuner,Hatchback,Petrol,Manual,West,Maharashtra,Thane,1,3378153.62,0.0336,3264801.53,337093.87,Bank Finance
S04834,2024-05-19,C11091,Customer 1091,Maruti Suzuki,Dzire,Sedan,CNG,Automatic,South,Telangana,Hyderabad,1,1148024.62,0.0194,1125725.71,131650.31,UPI
S01073,2024-05-19,C10895,Customer 0895,Maruti Suzuki,Baleno,Hatchback,Petrol,Automatic,North,Rajasthan,Udaipur,1,1282473.89,0.0538,1213538.49,139152.79,Cash
S01757,2024-05-19,C10333,Customer 0333,Honda,Amaze,SUV,CNG,Manual,South,Karnataka,Mangaluru,1,1890428.43,0.0656,1766413.67,350546.71,Bank Finance
S04226,2024-05-19,C10656,Customer 0656,Toyota,Urban Cruiser Hyryder,Hatchback,CNG,Automatic,North,Rajasthan,Udaipur,1,3446795.03,0.0386,3313797.17,491222.87,Bank Finance
S04670,2024-05-19,C10007,Customer 0007,Honda,Elevate,Sedan,CNG,Manual,North,Uttar Pradesh,Noida,1,1410192.52,0.0578,1328724.01,161278.93,Bank Finance
S04793,2024-05-19,C11096,Customer 1096,Tata,Punch,Hatchback,Petrol,Automatic,North,Uttar Pradesh,Lucknow,1,2152516.48,0.0771,1986458.25,217122.25,Credit Card
S02510,2024-05-20,C10342,Customer 0342,Tata,Harrier,SUV,Electric,Manual,West,Goa,Margao,1,2168610.86,0.1085,1933316.96,217795.46,Cash
S02716,2024-05-20,C10675,Customer 0675,Tata,Safari,SUV,Petrol,Manual,East,Jharkhand,Jamshedpur,1,1285801.32,0.035,1240853.14,177326.51,Bank Finance
S02550,2024-05-20,C10326,Customer 0326,Kia,Sonet,MPV,Petrol,Manual,North,Haryana,Faridabad,1,1596177.56,0.0275,1552326.57,179595.57,Credit Card
S04625,2024-05-20,C10544,Customer 0544,Kia,Carens,SUV,Hybrid,Automatic,East,Jharkhand,Ranchi,1,1414793.63,0.0199,1386595.54,126256.59,Bank Finance
S03124,2024-05-21,C10357,Customer 0357,Volkswagen,Virtus,SUV,CNG,Manual,North,Uttar Pradesh,Kanpur,1,3003454.7,0.0993,2705301.45,304669.12,Credit Card
S02696,2024-05-22,C10196,Customer 0196,Hyundai,Exter,Sedan,Petrol,Manual,West,Goa,Panaji,1,1789375.53,0.0021,1785699.28,309557.87,Bank Finance
S02680,2024-05-22,C11052,Customer 1052,Hyundai,Venue,SUV,CNG,Manual,West,Maharashtra,Pune,1,1974864.46,0.12,1737960.54,190634.78,UPI
S03454,2024-05-22,C10369,Customer 0369,Mahindra,XUV700,SUV,CNG,Manual,West,Maharashtra,Thane,1,2330376.43,0.0169,2291094.2,169866.04,Cash
S02326,2024-05-22,C10350,Customer 0350,Kia,Sonet,MPV,Petrol,Automatic,North,Delhi,New Delhi,1,2363401.23,0.0274,2298570.72,294488.43,Bank Finance
S02958,2024-05-22,C10886,Customer 0886,Kia,Sonet,SUV,Electric,Automatic,East,Odisha,Bhubaneswar,1,2326784.11,0.0234,2272275.82,303990.11,Bank Finance
S00878,2024-05-22,C10670,Customer 0670,Kia,Sonet,SUV,Diesel,Automatic,West,Gujarat,Vadodara,1,2188277.97,0.0437,2092597.2,202752.04,Bank Finance
S03163,2024-05-23,C10795,Customer 0795,Maruti Suzuki,Brezza,SUV,Petrol,Automatic,East,Jharkhand,Ranchi,1,931450.45,0.0685,867682.26,80541.78,Bank Finance
S02049,2024-05-23,C10294,Customer 0294,Maruti Suzuki,Brezza,Sedan,Hybrid,Manual,West,Maharashtra,Thane,1,1324220.41,0.0432,1267005.98,107446.39,Credit Card
S04078,2024-05-23,C10205,Customer 0205,Volkswagen,Taigun,Sedan,Diesel,Automatic,North,Uttar Pradesh,Kanpur,1,3423875.02,0.0975,3090212.97,152128.81,Bank Finance
S01996,2024-05-24,C10549,Customer 0549,Mahindra,XUV 3XO,SUV,Diesel,Automatic,North,Punjab,Amritsar,1,1982191.45,0.061,1861250.04,94727.94,Bank Finance
S04563,2024-05-24,C10508,Customer 0508,Volkswagen,Taigun,Sedan,Electric,Automatic,West,Maharashtra,Nagpur,1,2616739.88,0.0,2616739.88,157613.42,Bank Finance
S04956,2024-05-24,C10686,Customer 0686,Toyota,Glanza,MPV,Petrol,Automatic,East,West Bengal,Kolkata,1,1479166.1,0.0297,1435185.67,130964.96,Cash
S02764,2024-05-24,C10594,Customer 0594,Maruti Suzuki,Baleno,SUV,CNG,Manual,South,Telangana,Hyderabad,1,1125023.53,0.0556,1062517.73,89037.16,Bank Finance
S04798,2024-05-25,C10576,Customer 0576,Mahindra,Thar,SUV,Hybrid,Manual,South,Telangana,Hyderabad,1,1457016.1,0.03,1413347.39,220027.2,Bank Finance
S02676,2024-05-25,C10458,Customer 0458,Toyota,Glanza,SUV,Hybrid,Manual,North,Rajasthan,Jaipur,1,1403735.3,0.0295,1362290.86,223618.89,Credit Card
S00676,2024-05-26,C10304,Customer 0304,Volkswagen,Tiguan,Sedan,Petrol,Manual,West,Maharashtra,Nagpur,1,2103993.38,0.0303,2040187.67,241868.21,UPI
S02584,2024-05-26,C10342,Customer 0342,Tata,Punch,SUV,Petrol,Manual,East,Odisha,Bhubaneswar,1,1003838.43,0.0664,937167.52,52405.02,UPI
S00188,2024-05-26,C11183,Customer 1183,Mahindra,Thar,SUV,Hybrid,Manual,West,Gujarat,Surat,1,1586768.24,0.0693,1476808.87,229930.39,UPI
S03180,2024-05-26,C10017,Customer 0017,Honda,Elevate,SUV,Hybrid,Manual,South,Tamil Nadu,Coimbatore,1,1317305.19,0.0703,1224763.37,152787.96,Credit Card
S01289,2024-05-26,C10677,Customer 0677,Kia,Seltos,SUV,Electric,Automatic,West,Maharashtra,Pune,1,1265524.1,0.0686,1178666.58,144600.74,Credit Card
S00446,2024-05-26,C10938,Customer 0938,Toyota,Innova HyCross,MPV,Diesel,Manual,South,Karnataka,Bengaluru,1,3876347.54,0.1222,3402646.99,312824.17,Bank Finance
S04759,2024-05-26,C10677,Customer 0677,Kia,Carens,SUV,Petrol,Automatic,East,West Bengal,Siliguri,1,2219436.36,0.0759,2051005.38,213824.43,Bank Finance
S00163,2024-05-27,C10689,Customer 0689,Toyota,Innova HyCross,MPV,Diesel,Automatic,West,Maharashtra,Thane,1,1125466.92,0.0668,1050288.27,36760.09,Cash
S01206,2024-05-27,C10914,Customer 0914,Maruti Suzuki,Dzire,Hatchback,Diesel,Automatic,North,Haryana,Gurugram,1,1446818.66,0.0764,1336306.9,186299.22,Cash
S03538,2024-05-27,C11197,Customer 1197,Maruti Suzuki,Swift,Hatchback,CNG,Automatic,East,West Bengal,Kolkata,1,1032970.41,0.0075,1025178.69,78650.27,Bank Finance
S03229,2024-05-27,C10180,Customer 0180,Honda,Elevate,Sedan,Electric,Automatic,West,Maharashtra,Pune,1,2003873.21,0.0772,1849085.36,216281.31,UPI
S03648,2024-05-28,C10333,Customer 0333,Toyota,Innova HyCross,MPV,Petrol,Manual,West,Maharashtra,Nagpur,1,3737744.95,0.0421,3580364.8,177030.56,Bank Finance
S02232,2024-05-28,C10068,Customer 0068,Maruti Suzuki,Brezza,Hatchback,CNG,Automatic,East,Bihar,Patna,1,885983.86,0.06,832858.88,112614.94,Cash
S02003,2024-05-28,C10911,Customer 0911,Mahindra,Bolero,SUV,CNG,Manual,West,Gujarat,Vadodara,1,2267112.05,0.0588,2133865.18,343773.38,UPI
S01208,2024-05-29,C10906,Customer 0906,Kia,Carens,SUV,Petrol,Automatic,West,Goa,Margao,1,1150766.83,0.0314,1114596.9,120305.02,UPI
S00897,2024-05-29,C10636,Customer 0636,Kia,Sonet,SUV,Electric,Manual,South,Kerala,Kochi,1,1826514.85,0.0507,1733917.32,168821.49,Bank Finance
S04357,2024-05-30,C10112,Customer 0112,Kia,Seltos,MPV,Petrol,Automatic,East,Jharkhand,Jamshedpur,1,2072500.3,0.0316,2007057.91,209032.85,Cash
S00957,2024-05-30,C10008,Customer 0008,Mahindra,Scorpio-N,SUV,CNG,Automatic,South,Andhra Pradesh,Visakhapatnam,1,946218.9,0.0878,863183.99,128272.49,Bank Finance
S03969,2024-05-30,C10140,Customer 0140,Hyundai,Venue,Sedan,Electric,Automatic,West,Maharashtra,Nashik,1,1399057.91,0.064,1309554.79,82632.27,Credit Card
S03957,2024-05-30,C10864,Customer 0864,Maruti Suzuki,Brezza,Hatchback,Hybrid,Manual,South,Andhra Pradesh,Visakhapatnam,1,884237.94,0.0323,855677.3,109090.49,UPI
S02291,2024-05-30,C10220,Customer 0220,Hyundai,i20,SUV,Hybrid,Automatic,West,Goa,Margao,1,1530486.02,0.0661,1429342.23,217719.37,Credit Card
S02405,2024-05-31,C10146,Customer 0146,Hyundai,Creta,Sedan,Diesel,Manual,West,Goa,Margao,1,1768648.6,0.0394,1698934.0,194701.08,Bank Finance
S02745,2024-05-31,C10577,Customer 0577,Kia,Seltos,MPV,Electric,Manual,South,Telangana,Hyderabad,1,989726.49,0.0853,905263.92,45247.8,Bank Finance
S04141,2024-05-31,C10093,Customer 0093,Tata,Altroz,SUV,Petrol,Automatic,North,Delhi,New Delhi,1,1029746.83,0.0627,965152.06,87501.72,UPI
S01149,2024-05-31,C10379,Customer 0379,Tata,Nexon,Hatchback,Hybrid,Manual,West,Gujarat,Vadodara,1,618389.52,0.0452,590453.72,80655.8,Credit Card
S03120,2024-05-31,C10720,Customer 0720,Kia,Sonet,SUV,CNG,Automatic,North,Rajasthan,Jaipur,1,1231219.56,0.0396,1182429.22,94253.55,Cash
S00658,2024-05-31,C10864,Customer 0864,Maruti Suzuki,Dzire,SUV,Petrol,Automatic,West,Gujarat,Rajkot,1,938271.4,0.0567,885080.0,39439.32,Credit Card
S01503,2024-05-31,C10187,Customer 0187,Kia,Sonet,MPV,Petrol,Manual,North,Haryana,Faridabad,1,2119854.09,0.0241,2068868.75,121639.27,Bank Finance
S00010,2024-05-31,C11015,Customer 1015,Mahindra,XUV 3XO,SUV,Hybrid,Automatic,East,Jharkhand,Jamshedpur,1,1237415.72,0.0756,1143819.9,48330.01,Bank Finance
S02699,2024-06-01,C10193,Customer 0193,Volkswagen,Taigun,SUV,Diesel,Automatic,South,Kerala,Kochi,1,2266684.99,0.0343,2188932.92,418972.05,Credit Card
S03838,2024-06-01,C10545,Customer 0545,Toyota,Urban Cruiser Hyryder,Hatchback,Hybrid,Automatic,South,Kerala,Thiruvananthapuram,1,4418033.84,0.0636,4137148.79,380099.69,Cash
S04498,2024-06-01,C10641,Customer 0641,Honda,Elevate,SUV,Electric,Manual,East,Jharkhand,Jamshedpur,1,2063386.17,0.0788,1900790.16,153571.11,UPI
S00615,2024-06-02,C10188,Customer 0188,Mahindra,XUV700,SUV,Diesel,Manual,South,Karnataka,Bengaluru,1,1433142.83,0.0337,1384788.17,186008.31,Bank Finance
S01278,2024-06-02,C10263,Customer 0263,Honda,Elevate,SUV,Electric,Manual,South,Tamil Nadu,Madurai,1,1838547.2,0.0922,1669025.3,247541.41,Bank Finance
S03507,2024-06-02,C10011,Customer 0011,Hyundai,Creta,Hatchback,Petrol,Manual,North,Uttar Pradesh,Noida,1,1444914.02,0.1334,1252196.91,70906.03,Bank Finance
S01978,2024-06-03,C10284,Customer 0284,Toyota,Urban Cruiser Hyryder,SUV,Diesel,Manual,West,Gujarat,Surat,1,1354493.12,0.0403,1299866.52,80223.2,Bank Finance
S03269,2024-06-03,C10260,Customer 0260,Tata,Nexon,Hatchback,Hybrid,Automatic,West,Maharashtra,Nashik,1,1908328.1,0.0192,1871768.8,281270.26,Bank Finance
S03561,2024-06-03,C10589,Customer 0589,Honda,Elevate,SUV,Hybrid,Automatic,South,Andhra Pradesh,Visakhapatnam,1,2326310.37,0.0528,2203498.37,307550.99,Cash
S04438,2024-06-04,C10709,Customer 0709,Kia,Carens,SUV,Hybrid,Automatic,North,Haryana,Gurugram,1,959278.51,0.0565,905120.58,81759.16,Bank Finance
S03706,2024-06-04,C10901,Customer 0901,Honda,City,Sedan,Petrol,Manual,North,Delhi,New Delhi,1,1756682.12,0.0313,1701690.87,156819.68,Cash
S04425,2024-06-04,C10284,Customer 0284,Kia,Seltos,SUV,Electric,Manual,South,Tamil Nadu,Chennai,1,1812348.75,0.0571,1708949.02,314143.12,Credit Card
S02333,2024-06-04,C10149,Customer 0149,Honda,Amaze,SUV,Petrol,Manual,West,Gujarat,Rajkot,1,1096253.1,0.0443,1047634.85,95937.54,Credit Card
S00319,2024-06-04,C11169,Customer 1169,Volkswagen,Taigun,Sedan,Petrol,Automatic,North,Haryana,Gurugram,1,1825484.76,0.1093,1626029.92,104073.57,Cash
S03893,2024-06-05,C10670,Customer 0670,Mahindra,XUV 3XO,SUV,Petrol,Automatic,South,Andhra Pradesh,Visakhapatnam,1,1885934.39,0.1046,1688617.73,114494.58,Bank Finance
S03076,2024-06-06,C10457,Customer 0457,Tata,Safari,Hatchback,Petrol,Manual,North,Haryana,Gurugram,1,1168122.29,0.0589,1099353.24,132977.21,Bank Finance
S00133,2024-06-06,C10991,Customer 0991,Kia,Carens,MPV,Electric,Automatic,North,Punjab,Amritsar,1,2340982.63,0.0479,2228767.91,400355.05,Credit Card
S04446,2024-06-06,C11153,Customer 1153,Tata,Altroz,SUV,Petrol,Automatic,South,Karnataka,Mysuru,1,809432.42,0.0753,748453.27,107735.64,Bank Finance
S04693,2024-06-06,C10852,Customer 0852,Mahindra,Scorpio-N,SUV,Diesel,Automatic,West,Goa,Margao,1,1359120.96,0.0267,1322860.74,124019.73,UPI
S01495,2024-06-06,C10865,Customer 0865,Maruti Suzuki,Brezza,Hatchback,Petrol,Automatic,South,Tamil Nadu,Chennai,1,870165.95,0.0512,825575.12,63555.15,Credit Card
S04592,2024-06-06,C10396,Customer 0396,Mahindra,XUV700,SUV,Electric,Automatic,North,Punjab,Amritsar,1,1107839.08,0.0355,1068526.82,105740.59,Bank Finance
S01416,2024-06-06,C11053,Customer 1053,Maruti Suzuki,Dzire,Sedan,CNG,Manual,North,Haryana,Gurugram,1,809419.07,0.0711,751882.39,29437.12,UPI
S04958,2024-06-06,C11095,Customer 1095,Hyundai,i20,Hatchback,Petrol,Automatic,South,Telangana,Hyderabad,1,1406463.55,0.0286,1366268.4,225382.09,Bank Finance
S03364,2024-06-07,C10229,Customer 0229,Kia,Seltos,MPV,CNG,Automatic,West,Gujarat,Rajkot,1,1218205.28,0.0776,1123673.66,127763.38,Cash
S00275,2024-06-07,C10142,Customer 0142,Hyundai,i20,Sedan,Hybrid,Manual,West,Gujarat,Rajkot,1,1260621.36,0.077,1163611.75,114171.29,Bank Finance
S02352,2024-06-07,C10754,Customer 0754,Toyota,Innova HyCross,MPV,Petrol,Manual,North,Rajasthan,Jodhpur,1,4445341.16,0.0443,4248473.28,417129.78,Bank Finance
S04580,2024-06-07,C10912,Customer 0912,Toyota,Innova HyCross,SUV,Electric,Automatic,West,Goa,Margao,1,4277823.05,0.0371,4119281.42,464846.28,Cash
S00639,2024-06-07,C10999,Customer 0999,Mahindra,XUV 3XO,SUV,Electric,Manual,South,Andhra Pradesh,Vijayawada,1,1728880.01,0.0457,1649952.96,215814.7,Bank Finance
S03033,2024-06-07,C10431,Customer 0431,Honda,Elevate,SUV,Petrol,Automatic,South,Tamil Nadu,Madurai,1,1187912.29,0.0643,1111581.17,143227.52,Bank Finance
S01456,2024-06-07,C10155,Customer 0155,Hyundai,Venue,Sedan,Petrol,Manual,West,Maharashtra,Mumbai,1,1932187.91,0.094,1750597.03,292349.5,UPI
S01246,2024-06-08,C10621,Customer 0621,Honda,Elevate,SUV,Petrol,Automatic,West,Gujarat,Rajkot,1,1752574.86,0.0639,1640513.41,215020.32,Cash
S00335,2024-06-08,C10950,Customer 0950,Volkswagen,Tiguan,SUV,CNG,Manual,West,Goa,Margao,1,1461112.8,0.0577,1376844.65,176757.19,Bank Finance
S02090,2024-06-08,C11165,Customer 1165,Tata,Altroz,Hatchback,Electric,Manual,West,Goa,Panaji,1,1390536.17,0.0458,1326842.25,205323.0,Bank Finance
S03230,2024-06-09,C11142,Customer 1142,Honda,Elevate,SUV,Electric,Manual,East,Jharkhand,Ranchi,1,1529434.96,0.0097,1514582.48,130888.22,Bank Finance
S01521,2024-06-09,C10788,Customer 0788,Honda,Elevate,SUV,Diesel,Automatic,East,West Bengal,Kolkata,1,980943.17,0.0329,948680.28,50730.41,Bank Finance
S04147,2024-06-09,C10807,Customer 0807,Tata,Safari,Hatchback,Petrol,Manual,North,Rajasthan,Jaipur,1,1518261.56,0.0423,1454092.19,108261.36,Bank Finance
S04391,2024-06-10,C11121,Customer 1121,Kia,Seltos,SUV,CNG,Manual,West,Maharashtra,Mumbai,1,1263302.5,0.0603,1187139.24,102103.52,UPI
S02850,2024-06-10,C11122,Customer 1122,Maruti Suzuki,Dzire,Hatchback,CNG,Manual,East,Odisha,Cuttack,1,1096012.9,0.0502,1041016.92,152515.02,Cash
S03800,2024-06-10,C10114,Customer 0114,Volkswagen,Taigun,SUV,Electric,Manual,West,Gujarat,Rajkot,1,1266022.95,0.0398,1215592.16,69194.91,Bank Finance
S03244,2024-06-10,C11154,Customer 1154,Hyundai,Venue,Sedan,Electric,Manual,North,Delhi,New Delhi,1,812698.88,0.0434,777387.11,77335.8,Bank Finance
S04266,2024-06-10,C10698,Customer 0698,Hyundai,Venue,SUV,CNG,Manual,East,West Bengal,Siliguri,1,1653086.39,0.063,1548940.99,74667.59,Bank Finance
S03815,2024-06-11,C10265,Customer 0265,Toyota,Fortuner,MPV,Petrol,Manual,South,Andhra Pradesh,Vijayawada,1,4899590.76,0.0476,4666233.35,682715.88,Bank Finance
S03983,2024-06-11,C10024,Customer 0024,Honda,Amaze,Sedan,Hybrid,Manual,East,Bihar,Gaya,1,2166819.44,0.0626,2031255.74,140090.6,Credit Card
S03322,2024-06-13,C10291,Customer 0291,Hyundai,i20,SUV,Hybrid,Manual,South,Telangana,Hyderabad,1,1023806.21,0.0661,956119.88,169764.32,UPI
S03353,2024-06-14,C10669,Customer 0669,Tata,Punch,SUV,Petrol,Automatic,West,Maharashtra,Nashik,1,708729.59,0.0584,667362.68,82022.07,UPI
S00710,2024-06-14,C10899,Customer 0899,Mahindra,Thar,SUV,CNG,Manual,East,Jharkhand,Ranchi,1,1042845.96,0.0802,959187.53,126706.98,Bank Finance
S04704,2024-06-14,C10746,Customer 0746,Honda,Amaze,Sedan,Electric,Manual,East,Bihar,Gaya,1,1802558.0,0.0742,1668825.84,121161.31,Credit Card
S01453,2024-06-14,C10129,Customer 0129,Volkswagen,Virtus,Sedan,Petrol,Manual,South,Telangana,Warangal,1,1627849.31,0.0683,1516591.89,136788.55,Bank Finance
S03369,2024-06-14,C10190,Customer 0190,Toyota,Urban Cruiser Hyryder,SUV,Petrol,Automatic,South,Karnataka,Mangaluru,1,1365146.73,0.0411,1309050.91,180053.15,UPI
S04408,2024-06-14,C10886,Customer 0886,Kia,Carens,MPV,Petrol,Automatic,West,Goa,Margao,1,2138445.3,0.0465,2039016.29,119555.91,UPI
S03656,2024-06-14,C10677,Customer 0677,Maruti Suzuki,Brezza,SUV,Diesel,Automatic,South,Andhra Pradesh,Vijayawada,1,911213.34,0.0746,843211.59,113868.86,Bank Finance
S00892,2024-06-15,C10134,Customer 0134,Hyundai,i20,Hatchback,Electric,Automatic,West,Maharashtra,Thane,1,1553348.0,0.0494,1476648.89,119261.7,Cash
S02409,2024-06-16,C10384,Customer 0384,Mahindra,Bolero,SUV,CNG,Manual,North,Rajasthan,Jaipur,1,1338100.17,0.1044,1198385.75,126384.42,Credit Card
S00061,2024-06-16,C10059,Customer 0059,Honda,Amaze,Sedan,Electric,Automatic,South,Kerala,Kochi,1,1473638.68,0.0684,1372803.39,119772.81,Credit Card
S01152,2024-06-17,C10496,Customer 0496,Tata,Punch,Hatchback,Electric,Automatic,North,Punjab,Amritsar,1,1133828.94,0.0,1133828.94,86655.5,Cash
S01791,2024-06-19,C10536,Customer 0536,Maruti Suzuki,Grand Vitara,SUV,Electric,Manual,North,Haryana,Faridabad,1,1052071.75,0.0329,1017489.6,102026.15,Bank Finance
S00178,2024-06-19,C10698,Customer 0698,Volkswagen,Tiguan,SUV,Electric,Automatic,North,Rajasthan,Udaipur,1,2016411.57,0.0681,1879044.84,141562.72,Bank Finance
S02562,2024-06-19,C10423,Customer 0423,Tata,Safari,Hatchback,Electric,Automatic,South,Andhra Pradesh,Visakhapatnam,1,2216630.35,0.0785,2042529.18,284279.32,Bank Finance
S04961,2024-06-20,C10249,Customer 0249,Kia,Sonet,MPV,Electric,Manual,West,Goa,Margao,1,929114.72,0.0786,856089.37,31334.77,UPI
S02030,2024-06-21,C10114,Customer 0114,Tata,Harrier,SUV,Petrol,Automatic,North,Haryana,Faridabad,1,2198551.19,0.0368,2117673.35,308443.03,Bank Finance
S00166,2024-06-21,C10538,Customer 0538,Volkswagen,Tiguan,Sedan,Hybrid,Manual,West,Maharashtra,Thane,1,2865573.31,0.0434,2741112.96,450232.88,Bank Finance
S02353,2024-06-22,C10031,Customer 0031,Toyota,Innova HyCross,SUV,Petrol,Automatic,North,Delhi,New Delhi,1,3160426.23,0.0654,2953817.93,254249.2,UPI
S04869,2024-06-22,C10664,Customer 0664,Tata,Punch,SUV,CNG,Automatic,North,Delhi,New Delhi,1,1809825.26,0.0405,1736487.26,198405.36,Bank Finance
S03226,2024-06-22,C11072,Customer 1072,Maruti Suzuki,Grand Vitara,Sedan,Petrol,Manual,North,Rajasthan,Jodhpur,1,1576243.16,0.0342,1522409.82,223706.89,Credit Card
S02839,2024-06-22,C10349,Customer 0349,Kia,Carens,SUV,CNG,Automatic,South,Andhra Pradesh,Vijayawada,1,2298207.21,0.0425,2200576.0,126127.35,Bank Finance
S04569,2024-06-22,C10961,Customer 0961,Honda,City,SUV,Petrol,Automatic,North,Haryana,Faridabad,1,1325211.2,0.0712,1230866.52,135330.84,Cash
S00105,2024-06-22,C11074,Customer 1074,Hyundai,Exter,SUV,Electric,Manual,South,Telangana,Warangal,1,1541139.26,0.0179,1513477.33,175177.63,Credit Card
S04487,2024-06-22,C11095,Customer 1095,Honda,Amaze,SUV,Electric,Manual,East,Odisha,Cuttack,1,1888026.36,0.0527,1788499.08,232458.72,Bank Finance
S02908,2024-06-22,C10221,Customer 0221,Maruti Suzuki,Baleno,Hatchback,Diesel,Automatic,North,Delhi,New Delhi,1,1174758.39,0.0155,1156552.73,65341.14,Credit Card
S00802,2024-06-23,C10034,Customer 0034,Tata,Punch,Hatchback,Electric,Manual,West,Gujarat,Rajkot,1,941388.2,0.0797,866401.02,117303.46,UPI
S00455,2024-06-24,C10962,Customer 0962,Volkswagen,Taigun,SUV,CNG,Manual,West,Maharashtra,Nashik,1,1706842.72,0.0583,1607367.68,112192.64,Bank Finance
S04917,2024-06-24,C10333,Customer 0333,Toyota,Urban Cruiser Hyryder,SUV,Electric,Manual,West,Maharashtra,Pune,1,1469536.57,0.0834,1346929.22,157836.04,Bank Finance
S04899,2024-06-24,C10656,Customer 0656,Honda,Amaze,SUV,Hybrid,Manual,South,Telangana,Warangal,1,1262887.73,0.1239,1106416.2,91230.04,Bank Finance
S04924,2024-06-25,C11123,Customer 1123,Volkswagen,Virtus,SUV,Diesel,Manual,East,Odisha,Bhubaneswar,1,2016600.16,0.025,1966277.47,280581.33,Bank Finance
S02814,2024-06-25,C10389,Customer 0389,Mahindra,XUV700,SUV,CNG,Automatic,East,Odisha,Cuttack,1,1647524.08,0.0444,1574398.69,195302.02,Bank Finance
S02243,2024-06-25,C11054,Customer 1054,Volkswagen,Taigun,SUV,Diesel,Manual,West,Goa,Panaji,1,3626605.52,0.0399,3482019.04,274006.86,Bank Finance
S02217,2024-06-25,C10318,Customer 0318,Honda,Amaze,SUV,Petrol,Automatic,West,Goa,Margao,1,916838.6,0.0092,908420.25,130886.13,Bank Finance
S00631,2024-06-25,C11026,Customer 1026,Hyundai,Verna,Hatchback,Petrol,Automatic,North,Rajasthan,Jodhpur,1,922319.1,0.0439,881818.08,80979.09,UPI
S03536,2024-06-26,C10007,Customer 0007,Honda,Amaze,SUV,CNG,Manual,West,Goa,Panaji,1,1733080.17,0.0511,1644479.25,156910.98,Cash
S04797,2024-06-26,C11065,Customer 1065,Maruti Suzuki,Baleno,Sedan,Electric,Manual,South,Kerala,Kochi,1,1372493.05,0.0734,1271730.23,110344.19,Cash
S03924,2024-06-26,C10160,Customer 0160,Toyota,Innova HyCross,Hatchback,Petrol,Automatic,North,Punjab,Amritsar,1,3026490.67,0.0489,2878610.97,346264.68,UPI
S02021,2024-06-26,C10874,Customer 0874,Toyota,Fortuner,Hatchback,Diesel,Manual,West,Gujarat,Ahmedabad,1,962275.8,0.0373,926394.19,78499.81,Cash
S00027,2024-06-27,C10833,Customer 0833,Kia,Carens,MPV,Electric,Manual,North,Punjab,Ludhiana,1,2249423.62,0.068,2096456.5,212615.59,UPI
S01883,2024-06-27,C10869,Customer 0869,Kia,Carens,MPV,Hybrid,Manual,West,Goa,Margao,1,1136759.07,0.0567,1072291.85,93641.32,Bank Finance
S02146,2024-06-27,C10972,Customer 0972,Maruti Suzuki,Grand Vitara,SUV,Petrol,Manual,West,Maharashtra,Nagpur,1,1170088.12,0.0574,1102897.24,113148.37,Bank Finance
S00006,2024-06-27,C10498,Customer 0498,Kia,Carens,SUV,Hybrid,Manual,South,Telangana,Warangal,1,1953396.5,0.0502,1855302.77,166863.84,Bank Finance
S00858,2024-06-28,C10709,Customer 0709,Mahindra,Bolero,SUV,Petrol,Manual,West,Maharashtra,Thane,1,1658579.47,0.0501,1575459.69,141467.36,Cash
S04466,2024-06-28,C10426,Customer 0426,Tata,Nexon,Hatchback,Petrol,Automatic,West,Goa,Panaji,1,948638.28,0.0512,900042.99,121436.23,UPI
S00868,2024-06-28,C10188,Customer 0188,Mahindra,Scorpio-N,SUV,Petrol,Manual,West,Goa,Margao,1,1630445.03,0.0783,1502832.4,230496.42,UPI
S02527,2024-06-29,C10063,Customer 0063,Maruti Suzuki,Grand Vitara,SUV,Electric,Manual,East,Jharkhand,Ranchi,1,885506.47,0.0443,846300.63,139188.17,Cash
S03025,2024-06-29,C10406,Customer 0406,Hyundai,Creta,SUV,Diesel,Automatic,South,Karnataka,Mangaluru,1,1029528.81,0.0864,940532.12,110615.98,Cash
S00171,2024-06-29,C10571,Customer 0571,Tata,Nexon,Hatchback,Petrol,Automatic,South,Tamil Nadu,Coimbatore,1,1678710.84,0.0747,1553256.82,119915.85,Credit Card
S04109,2024-06-30,C11179,Customer 1179,Tata,Harrier,SUV,Diesel,Manual,South,Andhra Pradesh,Visakhapatnam,1,732945.54,0.0479,697872.7,72080.95,UPI
S03486,2024-06-30,C10827,Customer 0827,Mahindra,Bolero,SUV,Hybrid,Automatic,East,Jharkhand,Ranchi,1,2582055.49,0.0549,2440325.98,175549.6,UPI
S01298,2024-06-30,C10205,Customer 0205,Kia,Seltos,MPV,Diesel,Manual,South,Andhra Pradesh,Visakhapatnam,1,1311896.1,0.0582,1235541.82,127899.73,Bank Finance
S03650,2024-06-30,C10124,Customer 0124,Maruti Suzuki,Dzire,Sedan,Diesel,Manual,West,Maharashtra,Pune,1,1188613.98,0.0472,1132521.2,181956.85,UPI
S00792,2024-06-30,C10602,Customer 0602,Mahindra,XUV 3XO,SUV,Diesel,Manual,East,West Bengal,Siliguri,1,1885588.16,0.068,1757300.47,61505.52,Bank Finance
S01366,2024-06-30,C10237,Customer 0237,Tata,Nexon,SUV,Diesel,Manual,North,Punjab,Chandigarh,1,1806738.31,0.06,1698332.99,127238.48,Cash
S03351,2024-06-30,C10696,Customer 0696,Toyota,Glanza,MPV,Diesel,Manual,West,Gujarat,Rajkot,1,4596797.32,0.0953,4158840.12,634553.31,Bank Finance
S01382,2024-07-01,C11033,Customer 1033,Tata,Punch,Hatchback,Hybrid,Automatic,East,West Bengal,Siliguri,1,1992224.03,0.0222,1948019.69,292104.52,Credit Card
S02948,2024-07-02,C10199,Customer 0199,Kia,Seltos,SUV,Electric,Automatic,North,Rajasthan,Jaipur,1,2328377.98,0.0572,2195284.74,282010.75,Bank Finance
S01028,2024-07-02,C10189,Customer 0189,Volkswagen,Tiguan,SUV,Electric,Manual,West,Maharashtra,Nagpur,1,2656150.65,0.0704,2469145.02,293023.03,Bank Finance
S04116,2024-07-02,C10325,Customer 0325,Maruti Suzuki,Baleno,SUV,Electric,Manual,West,Goa,Panaji,1,823433.82,0.0638,770914.85,109201.6,UPI
S00255,2024-07-02,C10790,Customer 0790,Honda,Amaze,Sedan,Petrol,Manual,East,Bihar,Patna,1,888470.78,0.0762,820753.54,79526.69,Bank Finance
S03264,2024-07-02,C10897,Customer 0897,Volkswagen,Tiguan,SUV,Hybrid,Automatic,South,Andhra Pradesh,Vijayawada,1,2007773.7,0.0371,1933274.1,189275.25,Bank Finance
S01342,2024-07-02,C10852,Customer 0852,Tata,Harrier,Hatchback,Petrol,Manual,North,Haryana,Faridabad,1,2066849.53,0.071,1920123.55,336024.51,Bank Finance
S04000,2024-07-02,C10059,Customer 0059,Volkswagen,Virtus,Sedan,CNG,Manual,South,Andhra Pradesh,Vijayawada,1,2025432.12,0.0437,1936846.68,131774.2,Bank Finance
S03402,2024-07-03,C10746,Customer 0746,Tata,Harrier,SUV,CNG,Manual,North,Rajasthan,Udaipur,1,1200202.26,0.0784,1106065.39,160054.97,Bank Finance
S04973,2024-07-03,C10504,Customer 0504,Mahindra,Bolero,SUV,Diesel,Manual,North,Haryana,Gurugram,1,1821568.0,0.0555,1720434.05,105359.1,UPI
S02857,2024-07-05,C10166,Customer 0166,Volkswagen,Taigun,SUV,Electric,Automatic,West,Goa,Margao,1,2354275.84,0.0675,2195363.19,280662.26,Bank Finance
S04032,2024-07-05,C10701,Customer 0701,Maruti Suzuki,Grand Vitara,SUV,Diesel,Manual,South,Telangana,Hyderabad,1,634137.92,0.0463,604772.79,92859.96,Bank Finance
S01682,2024-07-05,C10159,Customer 0159,Honda,City,SUV,CNG,Automatic,South,Andhra Pradesh,Visakhapatnam,1,1053143.04,0.051,999462.55,126346.43,Bank Finance
S02130,2024-07-06,C10070,Customer 0070,Honda,Elevate,SUV,Electric,Automatic,North,Delhi,New Delhi,1,1861071.18,0.0511,1765921.94,163761.91,Cash
S01375,2024-07-07,C10867,Customer 0867,Hyundai,Venue,SUV,Diesel,Manual,South,Kerala,Thiruvananthapuram,1,1360438.31,0.0777,1254771.43,197842.94,Bank Finance
S01979,2024-07-07,C11049,Customer 1049,Hyundai,Exter,Hatchback,Petrol,Manual,South,Telangana,Warangal,1,2010537.19,0.0056,1999345.22,225776.33,Bank Finance
S04094,2024-07-08,C10467,Customer 0467,Honda,Elevate,Sedan,CNG,Automatic,East,West Bengal,Siliguri,1,1860383.35,0.0565,1755336.44,159570.2,UPI
S03770,2024-07-08,C10875,Customer 0875,Toyota,Fortuner,MPV,Petrol,Manual,North,Rajasthan,Jaipur,1,1785278.61,0.0627,1673259.05,176917.97,Bank Finance
S04614,2024-07-08,C10788,Customer 0788,Hyundai,Creta,SUV,Hybrid,Automatic,West,Maharashtra,Pune,1,1547471.98,0.0532,1465114.57,101083.23,Credit Card
S01115,2024-07-08,C10743,Customer 0743,Maruti Suzuki,Grand Vitara,Hatchback,CNG,Manual,North,Delhi,New Delhi,1,845885.39,0.0829,775767.5,56503.4,Bank Finance
S03047,2024-07-09,C10417,Customer 0417,Toyota,Innova HyCross,Hatchback,Petrol,Automatic,South,Tamil Nadu,Coimbatore,1,1947260.18,0.0716,1807816.48,216052.9,Cash
S03678,2024-07-09,C10801,Customer 0801,Kia,Carens,SUV,Diesel,Automatic,South,Tamil Nadu,Madurai,1,1768770.92,0.0806,1626234.38,130828.65,Bank Finance
S03714,2024-07-10,C10521,Customer 0521,Volkswagen,Virtus,SUV,Diesel,Manual,West,Gujarat,Rajkot,1,2584431.0,0.0589,2432189.88,171081.47,Bank Finance
S04886,2024-07-11,C10016,Customer 0016,Maruti Suzuki,Baleno,Sedan,Petrol,Automatic,South,Andhra Pradesh,Vijayawada,1,1074960.11,0.0244,1048701.41,80470.52,Bank Finance
S03994,2024-07-11,C10701,Customer 0701,Tata,Harrier,SUV,Hybrid,Automatic,East,Jharkhand,Ranchi,1,1081453.15,0.0252,1054161.74,142519.83,Credit Card
S00095,2024-07-12,C10489,Customer 0489,Hyundai,Venue,Sedan,Electric,Manual,South,Kerala,Thiruvananthapuram,1,1633319.98,0.0613,1533168.8,196571.52,Cash
S04128,2024-07-12,C10693,Customer 0693,Toyota,Urban Cruiser Hyryder,Hatchback,Electric,Automatic,South,Tamil Nadu,Chennai,1,965241.24,0.0482,918669.53,98367.22,Bank Finance
S01303,2024-07-12,C11128,Customer 1128,Maruti Suzuki,Grand Vitara,Hatchback,Petrol,Manual,East,Jharkhand,Ranchi,1,1090537.01,0.0946,987323.17,120798.53,Bank Finance
S04214,2024-07-13,C10541,Customer 0541,Honda,Amaze,Sedan,Hybrid,Manual,West,Maharashtra,Nagpur,1,897745.58,0.0825,823679.08,108521.35,Bank Finance
S04499,2024-07-13,C11076,Customer 1076,Toyota,Urban Cruiser Hyryder,SUV,Petrol,Automatic,North,Haryana,Gurugram,1,3620649.48,0.0926,3285273.39,272008.92,Cash
S00326,2024-07-13,C10544,Customer 0544,Hyundai,Creta,SUV,Petrol,Manual,North,Uttar Pradesh,Noida,1,1558860.69,0.0685,1452121.45,129090.04,Bank Finance
S02754,2024-07-15,C10227,Customer 0227,Volkswagen,Taigun,SUV,Petrol,Manual,South,Telangana,Hyderabad,1,2734073.05,0.0966,2469981.63,86449.36,Cash
S02220,2024-07-15,C10399,Customer 0399,Honda,Amaze,Sedan,CNG,Automatic,North,Rajasthan,Udaipur,1,2096632.52,0.0811,1926608.63,203382.79,UPI
S04812,2024-07-15,C11158,Customer 1158,Tata,Altroz,SUV,Petrol,Automatic,North,Haryana,Gurugram,1,2034075.96,0.06,1911945.81,280948.42,Credit Card
S00124,2024-07-15,C10284,Customer 0284,Honda,City,SUV,Diesel,Automatic,East,West Bengal,Siliguri,1,2320025.94,0.061,2178608.73,187437.6,Bank Finance
S02059,2024-07-15,C10185,Customer 0185,Maruti Suzuki,Dzire,SUV,CNG,Manual,South,Andhra Pradesh,Visakhapatnam,1,989804.28,0.1033,887596.15,99933.56,Cash
S01559,2024-07-16,C10144,Customer 0144,Tata,Punch,Hatchback,CNG,Automatic,West,Goa,Panaji,1,1198550.94,0.045,1144634.81,55447.66,Cash
S04265,2024-07-16,C10416,Customer 0416,Hyundai,i20,SUV,CNG,Automatic,East,Bihar,Patna,1,1796341.46,0.0944,1626714.13,161937.31,Bank Finance
S00518,2024-07-16,C10685,Customer 0685,Maruti Suzuki,Swift,Hatchback,Hybrid,Automatic,East,Odisha,Cuttack,1,1644392.7,0.0289,1596805.76,173233.63,Bank Finance
S02143,2024-07-16,C10370,Customer 0370,Volkswagen,Virtus,SUV,Electric,Automatic,East,Bihar,Gaya,1,1740725.52,0.0559,1643414.17,81030.78,Cash
S00578,2024-07-16,C10943,Customer 0943,Volkswagen,Taigun,SUV,Diesel,Automatic,North,Rajasthan,Udaipur,1,3436897.87,0.0643,3215943.11,416460.0,Bank Finance
S01147,2024-07-16,C10370,Customer 0370,Toyota,Fortuner,Hatchback,Diesel,Automatic,West,Goa,Margao,1,2555641.54,0.0,2555641.54,379985.76,Cash
S02281,2024-07-16,C10381,Customer 0381,Honda,City,Sedan,Diesel,Manual,North,Delhi,New Delhi,1,1253634.23,0.0457,1196336.59,186711.88,Cash
S00097,2024-07-17,C10550,Customer 0550,Volkswagen,Virtus,SUV,Diesel,Manual,West,Maharashtra,Nagpur,1,1491010.38,0.0218,1458567.09,181433.01,UPI
S01738,2024-07-17,C10618,Customer 0618,Mahindra,XUV700,SUV,Petrol,Manual,North,Delhi,New Delhi,1,1496203.82,0.0498,1421665.44,157125.21,Cash
S01815,2024-07-17,C10993,Customer 0993,Maruti Suzuki,Dzire,Hatchback,Petrol,Manual,West,Goa,Panaji,1,855582.4,0.0518,811226.19,84687.01,Bank Finance
S01605,2024-07-17,C10383,Customer 0383,Tata,Altroz,SUV,Petrol,Manual,North,Uttar Pradesh,Kanpur,1,1012032.0,0.0758,935357.55,111276.87,Cash
S03375,2024-07-18,C10372,Customer 0372,Tata,Safari,Hatchback,Petrol,Manual,West,Maharashtra,Mumbai,1,1748821.64,0.015,1722565.66,150132.88,Bank Finance
S03102,2024-07-18,C10710,Customer 0710,Maruti Suzuki,Dzire,SUV,Electric,Manual,West,Gujarat,Surat,1,865515.08,0.0951,783163.94,57004.11,UPI
S04309,2024-07-18,C10609,Customer 0609,Hyundai,Verna,Hatchback,Electric,Manual,West,Maharashtra,Nashik,1,1358846.62,0.0177,1334757.62,103483.11,Bank Finance
S03791,2024-07-18,C10972,Customer 0972,Maruti Suzuki,Dzire,Hatchback,Hybrid,Automatic,East,Jharkhand,Ranchi,1,1012027.38,0.0997,911162.18,84454.76,UPI
S03992,2024-07-18,C10571,Customer 0571,Mahindra,XUV 3XO,SUV,Hybrid,Manual,West,Gujarat,Ahmedabad,1,1905212.03,0.0602,1790449.03,201187.4,Cash
S01814,2024-07-19,C10470,Customer 0470,Honda,Amaze,SUV,CNG,Automatic,North,Rajasthan,Udaipur,1,1132615.05,0.0577,1067234.07,84233.95,Credit Card
S04459,2024-07-19,C10124,Customer 0124,Hyundai,Verna,Hatchback,Diesel,Manual,South,Tamil Nadu,Madurai,1,1160742.36,0.0667,1083343.86,81082.31,Bank Finance
S02256,2024-07-19,C10611,Customer 0611,Honda,City,Sedan,Diesel,Automatic,West,Gujarat,Vadodara,1,1907527.66,0.0665,1780715.36,253183.2,Credit Card
S00327,2024-07-19,C10557,Customer 0557,Volkswagen,Taigun,SUV,Diesel,Manual,West,Maharashtra,Thane,1,3349179.86,0.0596,3149430.29,230429.01,Bank Finance
S00930,2024-07-19,C10677,Customer 0677,Mahindra,XUV700,SUV,Petrol,Automatic,South,Telangana,Hyderabad,1,1790297.81,0.0435,1712487.38,87323.12,Bank Finance
S02168,2024-07-20,C10331,Customer 0331,Mahindra,Scorpio-N,SUV,Petrol,Manual,West,Goa,Panaji,1,1201540.92,0.0448,1147669.24,141295.6,Credit Card
S03945,2024-07-20,C10346,Customer 0346,Kia,Seltos,SUV,Electric,Automatic,North,Rajasthan,Jodhpur,1,1155354.47,0.0595,1086579.53,82063.67,Bank Finance
S02907,2024-07-20,C10393,Customer 0393,Tata,Harrier,Hatchback,Diesel,Automatic,West,Goa,Panaji,1,2281684.17,0.0562,2153484.7,349408.76,Cash
S01406,2024-07-20,C10573,Customer 0573,Mahindra,XUV700,SUV,Petrol,Automatic,South,Telangana,Hyderabad,1,1988752.63,0.0621,1865272.55,307251.12,Bank Finance
S04176,2024-07-20,C11075,Customer 1075,Tata,Punch,SUV,CNG,Automatic,South,Andhra Pradesh,Visakhapatnam,1,1436475.24,0.0974,1296590.37,144483.19,Credit Card
S03956,2024-07-21,C10884,Customer 0884,Volkswagen,Virtus,SUV,Diesel,Manual,North,Uttar Pradesh,Lucknow,1,1422757.72,0.0575,1340976.38,142857.68,Bank Finance
S04560,2024-07-21,C10981,Customer 0981,Toyota,Glanza,Hatchback,Hybrid,Manual,East,Odisha,Cuttack,1,4802935.86,0.0965,4339654.72,337590.02,Bank Finance
S04423,2024-07-21,C10369,Customer 0369,Honda,Amaze,SUV,CNG,Manual,North,Uttar Pradesh,Lucknow,1,1037101.45,0.0635,971202.14,79473.34,Credit Card
S04052,2024-07-22,C10169,Customer 0169,Tata,Nexon,Hatchback,Diesel,Automatic,North,Haryana,Gurugram,1,1522481.16,0.0816,1398241.82,154479.37,UPI
S03825,2024-07-22,C10521,Customer 0521,Hyundai,Verna,Sedan,Petrol,Automatic,North,Punjab,Amritsar,1,1659773.1,0.0663,1549743.97,119635.61,UPI
S02954,2024-07-22,C10083,Customer 0083,Volkswagen,Tiguan,Sedan,Diesel,Automatic,North,Delhi,New Delhi,1,1747357.35,0.0235,1706214.62,199015.55,Credit Card
S01652,2024-07-23,C10092,Customer 0092,Hyundai,Verna,Hatchback,Electric,Manual,North,Rajasthan,Jaipur,1,1013809.79,0.0119,1001696.79,121353.27,Credit Card
S02468,2024-07-23,C11058,Customer 1058,Maruti Suzuki,Baleno,Sedan,Petrol,Manual,East,Odisha,Bhubaneswar,1,1443487.39,0.0477,1374568.31,171038.69,Bank Finance
S04104,2024-07-23,C10011,Customer 0011,Kia,Carens,MPV,CNG,Manual,West,Gujarat,Surat,1,1964329.35,0.0432,1879516.38,263550.46,UPI
S04676,2024-07-23,C10521,Customer 0521,Hyundai,i20,SUV,Petrol,Automatic,West,Gujarat,Surat,1,737907.09,0.0341,712734.74,86353.96,Bank Finance
S01279,2024-07-24,C10637,Customer 0637,Toyota,Fortuner,SUV,Electric,Manual,North,Uttar Pradesh,Lucknow,1,2231334.22,0.0464,2127786.75,276616.41,Bank Finance
S02634,2024-07-24,C11025,Customer 1025,Mahindra,Scorpio-N,SUV,Electric,Automatic,South,Andhra Pradesh,Vijayawada,1,1417750.83,0.0109,1402318.87,94159.23,Bank Finance
S03451,2024-07-25,C10661,Customer 0661,Toyota,Glanza,SUV,Electric,Automatic,East,Jharkhand,Ranchi,1,1023790.84,0.0749,947128.81,79004.86,Bank Finance
S01699,2024-07-26,C10897,Customer 0897,Volkswagen,Tiguan,SUV,Hybrid,Manual,North,Delhi,New Delhi,1,2072652.11,0.0446,1980306.24,309578.04,Bank Finance
S04965,2024-07-26,C10204,Customer 0204,Toyota,Urban Cruiser Hyryder,MPV,CNG,Automatic,South,Karnataka,Bengaluru,1,3810346.54,0.0253,3713864.14,451362.22,Bank Finance
S00591,2024-07-26,C10109,Customer 0109,Honda,Elevate,SUV,Petrol,Manual,West,Gujarat,Vadodara,1,925681.15,0.0623,868037.92,137970.43,Bank Finance
S03608,2024-07-27,C11139,Customer 1139,Kia,Sonet,MPV,Petrol,Manual,South,Telangana,Hyderabad,1,1643298.89,0.0411,1575677.47,125781.08,Bank Finance
S00396,2024-07-27,C11125,Customer 1125,Maruti Suzuki,Swift,Sedan,Hybrid,Automatic,South,Tamil Nadu,Coimbatore,1,1399026.33,0.0428,1339103.96,127062.35,UPI
S04938,2024-07-27,C10179,Customer 0179,Tata,Punch,SUV,Petrol,Automatic,North,Haryana,Faridabad,1,1853651.33,0.0267,1804089.98,227537.15,Bank Finance
S02050,2024-07-27,C10897,Customer 0897,Tata,Altroz,Hatchback,Electric,Automatic,North,Uttar Pradesh,Lucknow,1,1916882.0,0.0731,1776779.92,141055.76,Bank Finance
S02988,2024-07-27,C10384,Customer 0384,Mahindra,Bolero,SUV,Petrol,Automatic,East,Bihar,Patna,1,1942102.76,0.0393,1865803.32,184678.47,Credit Card
S04831,2024-07-28,C10770,Customer 0770,Toyota,Fortuner,SUV,Petrol,Manual,West,Goa,Margao,1,2741704.42,0.0653,2562555.42,306003.57,Bank Finance
S04476,2024-07-28,C11152,Customer 1152,Kia,Carens,SUV,Petrol,Automatic,South,Kerala,Thiruvananthapuram,1,976411.6,0.0691,908956.01,121850.24,Bank Finance
S02235,2024-07-28,C10243,Customer 0243,Toyota,Urban Cruiser Hyryder,SUV,Petrol,Automatic,North,Delhi,New Delhi,1,2909636.61,0.0616,2730419.67,286326.69,Cash
S04461,2024-07-28,C10653,Customer 0653,Tata,Harrier,Hatchback,Petrol,Automatic,North,Delhi,New Delhi,1,666999.23,0.044,637636.31,86739.89,Cash
S02214,2024-07-28,C10175,Customer 0175,Hyundai,Verna,Sedan,Petrol,Manual,South,Kerala,Thiruvananthapuram,1,1083688.14,0.035,1045803.19,48194.78,Bank Finance
S03962,2024-07-28,C10881,Customer 0881,Honda,Amaze,SUV,Diesel,Automatic,South,Telangana,Warangal,1,1383704.07,0.0849,1266160.32,144012.0,Bank Finance
S00484,2024-07-30,C10724,Customer 0724,Kia,Carens,MPV,Petrol,Manual,South,Andhra Pradesh,Visakhapatnam,1,912750.85,0.041,875296.93,91988.19,Bank Finance
S02199,2024-07-30,C10159,Customer 0159,Mahindra,Thar,SUV,Petrol,Automatic,North,Punjab,Ludhiana,1,881950.35,0.0444,842757.72,104255.89,UPI
S04258,2024-07-31,C10819,Customer 0819,Mahindra,XUV700,SUV,Hybrid,Automatic,South,Andhra Pradesh,Vijayawada,1,2066319.57,0.0197,2025514.98,185703.44,Credit Card
S02288,2024-07-31,C11146,Customer 1146,Honda,Elevate,Sedan,CNG,Manual,North,Rajasthan,Jaipur,1,1329817.02,0.0969,1201020.76,157541.91,Bank Finance
S01856,2024-07-31,C10655,Customer 0655,Kia,Carens,MPV,Electric,Automatic,South,Kerala,Thiruvananthapuram,1,1621143.81,0.057,1528759.71,191211.3,Credit Card
S03808,2024-08-01,C10178,Customer 0178,Toyota,Glanza,SUV,Diesel,Automatic,West,Gujarat,Ahmedabad,1,2679095.8,0.0572,2525744.53,216514.4,Bank Finance
S03667,2024-08-01,C10464,Customer 0464,Maruti Suzuki,Grand Vitara,Hatchback,Electric,Automatic,South,Kerala,Kochi,1,1567083.64,0.0354,1511540.8,151677.11,Bank Finance
S04754,2024-08-02,C10069,Customer 0069,Volkswagen,Virtus,Sedan,Diesel,Automatic,West,Goa,Margao,1,1982352.75,0.0588,1865692.38,138575.55,Bank Finance
S01110,2024-08-02,C10839,Customer 0839,Tata,Nexon,SUV,Diesel,Manual,North,Uttar Pradesh,Noida,1,1282690.2,0.0506,1217833.77,161843.88,Credit Card
S04209,2024-08-03,C10751,Customer 0751,Mahindra,Scorpio-N,SUV,Diesel,Manual,South,Andhra Pradesh,Vijayawada,1,1592428.97,0.0649,1489094.86,240554.82,Bank Finance
S03855,2024-08-04,C10415,Customer 0415,Volkswagen,Taigun,SUV,Hybrid,Manual,North,Delhi,New Delhi,1,1274919.65,0.0841,1167756.08,103270.73,Bank Finance
S02662,2024-08-04,C10897,Customer 0897,Maruti Suzuki,Brezza,Sedan,Petrol,Automatic,West,Goa,Panaji,1,1305742.17,0.0295,1267194.4,173529.74,Credit Card
S00742,2024-08-05,C10971,Customer 0971,Toyota,Fortuner,SUV,Petrol,Manual,North,Rajasthan,Jodhpur,1,3073309.81,0.0723,2851173.39,339699.05,Bank Finance
S04097,2024-08-05,C10324,Customer 0324,Hyundai,i20,Hatchback,Petrol,Manual,South,Karnataka,Mangaluru,1,1209920.65,0.0509,1148356.81,140174.55,Cash
S00074,2024-08-05,C11121,Customer 1121,Kia,Seltos,SUV,Petrol,Manual,South,Karnataka,Bengaluru,1,1644464.49,0.0189,1613305.71,175060.39,Bank Finance
S03704,2024-08-05,C11029,Customer 1029,Kia,Seltos,SUV,Petrol,Manual,North,Delhi,New Delhi,1,888119.27,0.075,821480.62,83291.89,Bank Finance
S02728,2024-08-05,C10481,Customer 0481,Honda,Elevate,Sedan,Petrol,Manual,North,Haryana,Faridabad,1,850386.37,0.0621,797564.52,116200.85,Cash
S02917,2024-08-05,C10947,Customer 0947,Kia,Sonet,MPV,Petrol,Automatic,South,Karnataka,Mangaluru,1,1656043.94,0.0868,1512331.43,202592.56,Bank Finance
S03129,2024-08-05,C10139,Customer 0139,Mahindra,Thar,SUV,Petrol,Automatic,West,Gujarat,Rajkot,1,1513790.44,0.0754,1399592.87,155952.71,Bank Finance
S01155,2024-08-05,C10249,Customer 0249,Honda,Elevate,Sedan,Petrol,Automatic,South,Kerala,Thiruvananthapuram,1,1169861.7,0.0265,1138878.42,157818.99,Cash
S00630,2024-08-05,C10916,Customer 0916,Honda,Elevate,Sedan,Petrol,Automatic,North,Uttar Pradesh,Kanpur,1,1238005.32,0.0805,1138320.46,142959.17,Credit Card
S02184,2024-08-06,C10875,Customer 0875,Tata,Safari,SUV,Diesel,Manual,South,Andhra Pradesh,Visakhapatnam,1,1915133.52,0.0915,1739967.82,179338.64,Bank Finance
S02261,2024-08-06,C10797,Customer 0797,Toyota,Urban Cruiser Hyryder,SUV,Diesel,Automatic,North,Uttar Pradesh,Noida,1,850301.06,0.0768,784982.29,78458.2,Bank Finance
S00130,2024-08-07,C10511,Customer 0511,Mahindra,Bolero,SUV,Petrol,Automatic,South,Karnataka,Mangaluru,1,2101398.44,0.0706,1953087.74,196790.89,UPI
S03248,2024-08-07,C10904,Customer 0904,Mahindra,Scorpio-N,SUV,Electric,Automatic,East,West Bengal,Siliguri,1,1312775.58,0.0132,1295386.92,141925.45,UPI
S01250,2024-08-07,C10407,Customer 0407,Volkswagen,Taigun,Sedan,Diesel,Manual,South,Tamil Nadu,Chennai,1,3753633.78,0.0672,3501456.46,592166.72,Bank Finance
S02092,2024-08-07,C10210,Customer 0210,Kia,Seltos,MPV,CNG,Automatic,East,Bihar,Patna,1,1771609.47,0.0,1771609.47,192368.02,Bank Finance
S02904,2024-08-08,C10988,Customer 0988,Maruti Suzuki,Grand Vitara,Hatchback,Petrol,Manual,West,Maharashtra,Nashik,1,1239524.05,0.0414,1188227.1,150270.58,Cash
S01859,2024-08-08,C10894,Customer 0894,Toyota,Glanza,Hatchback,Diesel,Manual,East,Jharkhand,Ranchi,1,2043321.61,0.0439,1953661.15,224999.6,Bank Finance
S00071,2024-08-08,C10839,Customer 0839,Honda,Amaze,Sedan,Electric,Automatic,North,Delhi,New Delhi,1,850491.8,0.0469,810621.66,80196.55,Bank Finance
S03022,2024-08-08,C10230,Customer 0230,Tata,Safari,Hatchback,Petrol,Manual,North,Delhi,New Delhi,1,635218.41,0.0448,606783.54,72462.58,Bank Finance
S04419,2024-08-09,C10395,Customer 0395,Maruti Suzuki,Dzire,SUV,Hybrid,Automatic,North,Punjab,Chandigarh,1,1552376.97,0.0469,1479579.3,193323.95,UPI
S04615,2024-08-09,C10472,Customer 0472,Volkswagen,Taigun,SUV,CNG,Manual,West,Gujarat,Surat,1,3415358.13,0.0818,3135902.81,391549.02,Cash
S01211,2024-08-09,C10877,Customer 0877,Mahindra,XUV 3XO,SUV,Diesel,Manual,South,Telangana,Warangal,1,2213367.4,0.0657,2067875.46,233472.54,Bank Finance
S03795,2024-08-10,C10238,Customer 0238,Tata,Nexon,SUV,Electric,Automatic,East,West Bengal,Kolkata,1,1134877.64,0.0368,1093156.96,112349.12,Cash
S04883,2024-08-10,C10049,Customer 0049,Hyundai,Venue,SUV,Diesel,Manual,West,Gujarat,Surat,1,1144913.46,0.0721,1062378.42,148259.01,Bank Finance
S00830,2024-08-10,C10418,Customer 0418,Toyota,Urban Cruiser Hyryder,Hatchback,Electric,Automatic,South,Andhra Pradesh,Vijayawada,1,874487.0,0.064,818555.61,37029.51,Cash
S04524,2024-08-10,C11087,Customer 1087,Toyota,Glanza,MPV,Petrol,Manual,West,Gujarat,Rajkot,1,4465053.54,0.0619,4188671.42,279223.2,Bank Finance
S03586,2024-08-10,C10142,Customer 0142,Tata,Altroz,SUV,Petrol,Automatic,North,Uttar Pradesh,Noida,1,831055.31,0.0542,786021.73,122614.56,Bank Finance
S01918,2024-08-12,C10264,Customer 0264,Honda,Elevate,SUV,Petrol,Automatic,East,West Bengal,Siliguri,1,1562932.16,0.0706,1452660.77,132704.72,UPI
S01835,2024-08-12,C10153,Customer 0153,Hyundai,i20,SUV,Petrol,Manual,South,Karnataka,Bengaluru,1,1368463.54,0.04,1313657.01,99632.88,Credit Card
S04118,2024-08-12,C10510,Customer 0510,Kia,Seltos,MPV,Petrol,Manual,North,Uttar Pradesh,Noida,1,974014.43,0.0614,914205.71,62210.96,Bank Finance
S02205,2024-08-13,C10960,Customer 0960,Maruti Suzuki,Swift,Sedan,Petrol,Automatic,East,Bihar,Gaya,1,978541.4,0.0188,960183.26,71452.48,Credit Card
S00314,2024-08-13,C11117,Customer 1117,Tata,Punch,Hatchback,Petrol,Manual,East,Jharkhand,Ranchi,1,2058839.57,0.0847,1884402.66,222202.85,UPI
S01645,2024-08-14,C10294,Customer 0294,Tata,Nexon,Hatchback,Electric,Manual,South,Kerala,Thiruvananthapuram,1,1669802.54,0.0271,1624603.51,172247.32,Credit Card
S00450,2024-08-14,C10399,Customer 0399,Tata,Harrier,Hatchback,CNG,Manual,North,Punjab,Amritsar,1,1740938.38,0.0369,1676701.22,203651.09,Cash
S04132,2024-08-14,C10847,Customer 0847,Mahindra,Thar,SUV,Hybrid,Manual,West,Goa,Panaji,1,1572778.72,0.0511,1492383.96,117572.97,Cash
S04782,2024-08-15,C10142,Customer 0142,Mahindra,XUV700,SUV,Hybrid,Manual,West,Gujarat,Ahmedabad,1,1890985.16,0.0598,1777851.72,172391.35,Bank Finance
S01821,2024-08-15,C10081,Customer 0081,Hyundai,i20,Hatchback,Diesel,Automatic,East,Odisha,Cuttack,1,1582722.16,0.0585,1490068.02,191084.7,UPI
S01912,2024-08-15,C10016,Customer 0016,Hyundai,Exter,SUV,Diesel,Automatic,North,Delhi,New Delhi,1,1601592.28,0.1095,1426224.91,95549.2,Cash
S00143,2024-08-15,C10803,Customer 0803,Mahindra,XUV 3XO,SUV,Diesel,Manual,North,Uttar Pradesh,Lucknow,1,1662146.03,0.0301,1612110.94,66465.54,UPI
S00890,2024-08-15,C11121,Customer 1121,Hyundai,Creta,SUV,CNG,Automatic,East,Bihar,Patna,1,867467.23,0.0407,832124.09,86217.33,Bank Finance
S01448,2024-08-15,C10864,Customer 0864,Hyundai,Verna,SUV,Hybrid,Automatic,East,West Bengal,Siliguri,1,1132610.84,0.0292,1099535.18,129797.94,Bank Finance
S01029,2024-08-15,C10852,Customer 0852,Maruti Suzuki,Brezza,Hatchback,Electric,Manual,West,Gujarat,Surat,1,1373834.87,0.1006,1235615.31,174405.14,Cash
S01906,2024-08-16,C10069,Customer 0069,Volkswagen,Tiguan,SUV,Petrol,Automatic,North,Delhi,New Delhi,1,2728071.85,0.027,2654440.23,284267.76,Bank Finance
S00759,2024-08-16,C10402,Customer 0402,Toyota,Innova HyCross,MPV,Petrol,Manual,South,Telangana,Warangal,1,4145191.71,0.0912,3767268.05,462030.08,Bank Finance
S03007,2024-08-16,C10565,Customer 0565,Maruti Suzuki,Swift,SUV,Hybrid,Automatic,West,Gujarat,Rajkot,1,1561633.44,0.0111,1544267.35,115623.13,Credit Card
S01834,2024-08-16,C10982,Customer 0982,Maruti Suzuki,Baleno,SUV,Diesel,Automatic,West,Goa,Margao,1,1009059.6,0.0,1009059.6,82436.6,Bank Finance
S00780,2024-08-16,C10764,Customer 0764,Tata,Harrier,Hatchback,Hybrid,Automatic,South,Telangana,Warangal,1,1753057.29,0.0577,1651963.05,268769.5,Credit Card
S03658,2024-08-17,C10684,Customer 0684,Toyota,Innova HyCross,SUV,Petrol,Manual,South,Tamil Nadu,Chennai,1,1023523.41,0.0299,992939.74,131857.0,Bank Finance
S04734,2024-08-17,C11030,Customer 1030,Volkswagen,Taigun,Sedan,Electric,Manual,North,Delhi,New Delhi,1,1334075.2,0.0625,1250657.52,204965.67,Bank Finance
S04923,2024-08-17,C10714,Customer 0714,Honda,Amaze,SUV,Hybrid,Manual,South,Tamil Nadu,Chennai,1,2141689.65,0.0311,2075184.45,242358.98,UPI
S02320,2024-08-17,C10477,Customer 0477,Tata,Safari,Hatchback,CNG,Automatic,East,West Bengal,Siliguri,1,1537287.36,0.0642,1438517.17,110045.33,Credit Card
S00475,2024-08-18,C10730,Customer 0730,Kia,Carens,MPV,Hybrid,Manual,South,Telangana,Hyderabad,1,1928346.86,0.0395,1852154.05,175178.73,Credit Card
S04544,2024-08-18,C10343,Customer 0343,Toyota,Innova HyCross,SUV,Diesel,Manual,East,Jharkhand,Jamshedpur,1,4279424.29,0.0708,3976360.84,247363.38,Bank Finance
S01914,2024-08-19,C10619,Customer 0619,Mahindra,Scorpio-N,SUV,Petrol,Automatic,South,Andhra Pradesh,Visakhapatnam,1,1678971.35,0.0606,1577174.62,147544.97,Bank Finance
S02303,2024-08-19,C10521,Customer 0521,Tata,Altroz,Hatchback,Petrol,Automatic,North,Punjab,Chandigarh,1,1791458.69,0.038,1723469.6,155964.39,Cash
S03467,2024-08-20,C10650,Customer 0650,Maruti Suzuki,Swift,SUV,Petrol,Automatic,West,Goa,Panaji,1,964741.39,0.0542,912475.98,61125.88,Bank Finance
S00768,2024-08-20,C10858,Customer 0858,Mahindra,XUV 3XO,SUV,Diesel,Automatic,East,Jharkhand,Ranchi,1,2218906.38,0.08,2041418.55,159675.2,Bank Finance
S03368,2024-08-20,C10179,Customer 0179,Maruti Suzuki,Grand Vitara,Hatchback,Petrol,Manual,East,Jharkhand,Ranchi,1,1637732.88,0.0284,1591264.18,95618.9,Credit Card
S02185,2024-08-20,C10568,Customer 0568,Honda,Elevate,SUV,Petrol,Manual,North,Haryana,Gurugram,1,2180749.76,0.0857,1993872.03,192815.1,UPI
S04702,2024-08-20,C10058,Customer 0058,Mahindra,XUV 3XO,SUV,Petrol,Manual,North,Uttar Pradesh,Kanpur,1,2304739.07,0.0381,2216964.49,266771.08,Credit Card
S00624,2024-08-21,C11134,Customer 1134,Maruti Suzuki,Swift,Hatchback,CNG,Manual,West,Gujarat,Vadodara,1,1554066.91,0.0738,1439440.01,137708.89,Bank Finance
S02564,2024-08-21,C10610,Customer 0610,Mahindra,XUV700,SUV,Petrol,Manual,North,Punjab,Chandigarh,1,1415752.91,0.057,1335064.35,61565.71,Bank Finance
S04468,2024-08-21,C11139,Customer 1139,Kia,Seltos,SUV,Hybrid,Manual,West,Gujarat,Vadodara,1,952392.34,0.0523,902585.22,106911.74,UPI
S02182,2024-08-22,C10546,Customer 0546,Hyundai,Venue,Hatchback,Diesel,Manual,West,Goa,Panaji,1,1078657.86,0.042,1033376.57,55403.93,Bank Finance
S02472,2024-08-22,C10242,Customer 0242,Kia,Carens,MPV,CNG,Automatic,North,Haryana,Gurugram,1,2208710.83,0.0454,2108342.03,141572.92,Credit Card
S00351,2024-08-22,C10801,Customer 0801,Volkswagen,Taigun,SUV,CNG,Automatic,South,Kerala,Thiruvananthapuram,1,3088500.59,0.0788,2845074.58,225450.52,UPI
S01525,2024-08-23,C10620,Customer 0620,Tata,Punch,SUV,CNG,Manual,South,Karnataka,Mangaluru,1,870389.46,0.0584,819545.6,110215.81,Bank Finance
S04554,2024-08-23,C10482,Customer 0482,Volkswagen,Taigun,SUV,Petrol,Automatic,West,Goa,Panaji,1,1564468.12,0.0599,1470687.0,201092.5,Bank Finance
S00123,2024-08-23,C10342,Customer 0342,Mahindra,Thar,SUV,Electric,Manual,East,Odisha,Cuttack,1,1117171.41,0.1204,982694.44,77651.98,Credit Card
S00963,2024-08-23,C10371,Customer 0371,Honda,Elevate,Sedan,Petrol,Manual,North,Haryana,Faridabad,1,2108316.88,0.0319,2040976.54,240216.34,UPI
S01539,2024-08-24,C10581,Customer 0581,Tata,Punch,Hatchback,Petrol,Manual,West,Maharashtra,Thane,1,1308008.81,0.0281,1271208.16,131943.74,Bank Finance
S03087,2024-08-24,C10700,Customer 0700,Toyota,Glanza,SUV,Diesel,Automatic,West,Gujarat,Ahmedabad,1,3192573.2,0.0797,2938130.78,263878.63,UPI
S02651,2024-08-24,C10385,Customer 0385,Honda,City,SUV,Diesel,Manual,South,Karnataka,Mangaluru,1,1752442.04,0.0049,1743835.61,172608.94,Bank Finance
S02997,2024-08-24,C10139,Customer 0139,Kia,Sonet,SUV,Diesel,Automatic,North,Uttar Pradesh,Noida,1,822782.06,0.0323,796217.61,126318.82,Cash
S02088,2024-08-24,C10237,Customer 0237,Tata,Altroz,Hatchback,Diesel,Manual,West,Maharashtra,Mumbai,1,1741959.28,0.0523,1650847.8,212679.68,Bank Finance
S04248,2024-08-24,C11101,Customer 1101,Mahindra,Thar,SUV,Diesel,Automatic,East,Jharkhand,Jamshedpur,1,816809.8,0.058,769415.21,78206.19,Cash
S03792,2024-08-25,C10774,Customer 0774,Honda,City,Sedan,Diesel,Automatic,South,Kerala,Kochi,1,1410886.27,0.0807,1296958.1,228178.7,Credit Card
S03170,2024-08-25,C11094,Customer 1094,Kia,Seltos,MPV,Petrol,Automatic,South,Kerala,Kochi,1,1940532.25,0.0946,1757027.25,158391.19,Bank Finance
S02869,2024-08-25,C10786,Customer 0786,Tata,Nexon,SUV,Petrol,Manual,South,Tamil Nadu,Coimbatore,1,2247086.44,0.0365,2165128.06,134500.59,Bank Finance
S02198,2024-08-25,C10440,Customer 0440,Toyota,Urban Cruiser Hyryder,SUV,Electric,Automatic,West,Goa,Panaji,1,1117615.58,0.057,1053933.53,63708.64,Bank Finance
S04937,2024-08-25,C10861,Customer 0861,Toyota,Fortuner,SUV,Petrol,Manual,East,West Bengal,Siliguri,1,1961962.95,0.059,1846166.9,191994.74,Cash
S04129,2024-08-26,C10956,Customer 0956,Mahindra,Scorpio-N,SUV,Diesel,Automatic,East,Odisha,Cuttack,1,899095.98,0.0197,881409.72,99144.93,Credit Card
S00796,2024-08-26,C10381,Customer 0381,Toyota,Glanza,Hatchback,Diesel,Manual,North,Rajasthan,Udaipur,1,1976797.15,0.0444,1889012.95,300498.31,UPI
S03809,2024-08-27,C10836,Customer 0836,Honda,City,Sedan,Petrol,Automatic,West,Goa,Panaji,1,1628683.94,0.1029,1461054.59,197220.74,UPI
S00403,2024-08-27,C11116,Customer 1116,Kia,Carens,MPV,Diesel,Manual,East,West Bengal,Siliguri,1,2493174.7,0.0474,2374914.58,130526.18,Cash
S00365,2024-08-27,C10741,Customer 0741,Kia,Sonet,MPV,Diesel,Automatic,South,Tamil Nadu,Madurai,1,1337904.47,0.0044,1332078.79,164446.98,Bank Finance
S00545,2024-08-27,C11074,Customer 1074,Toyota,Urban Cruiser Hyryder,MPV,Diesel,Automatic,North,Rajasthan,Jaipur,1,3179766.25,0.0051,3163424.25,293282.96,Bank Finance
S04842,2024-08-28,C10575,Customer 0575,Mahindra,Thar,SUV,Diesel,Automatic,North,Rajasthan,Jodhpur,1,1182080.02,0.0568,1114983.05,113255.87,Cash
S00181,2024-08-28,C10278,Customer 0278,Hyundai,Creta,SUV,Hybrid,Manual,North,Delhi,New Delhi,1,862662.29,0.057,813461.0,82802.74,UPI
S00987,2024-08-28,C11040,Customer 1040,Toyota,Innova HyCross,MPV,Petrol,Automatic,South,Tamil Nadu,Chennai,1,4024389.99,0.07,3742482.49,354546.43,Cash
S03134,2024-08-28,C10677,Customer 0677,Maruti Suzuki,Grand Vitara,Sedan,Diesel,Manual,West,Maharashtra,Pune,1,738645.75,0.0616,693172.61,84668.46,UPI
S04482,2024-08-29,C10074,Customer 0074,Hyundai,Venue,Hatchback,Petrol,Manual,South,Karnataka,Mysuru,1,770864.13,0.0545,728871.54,56594.34,Bank Finance
S03790,2024-08-29,C10960,Customer 0960,Toyota,Fortuner,Hatchback,Hybrid,Manual,West,Gujarat,Rajkot,1,3514236.98,0.06,3303534.49,525602.64,Bank Finance
S01505,2024-08-29,C10314,Customer 0314,Kia,Sonet,SUV,Petrol,Manual,South,Karnataka,Mangaluru,1,1337155.41,0.04,1283663.44,52379.37,Credit Card
S01749,2024-08-30,C11030,Customer 1030,Hyundai,Verna,Hatchback,Petrol,Manual,West,Goa,Panaji,1,1511675.62,0.0447,1444045.87,95717.62,Cash
S01518,2024-08-30,C11092,Customer 1092,Volkswagen,Virtus,SUV,Electric,Manual,North,Punjab,Amritsar,1,2802862.4,0.0852,2563973.57,254628.52,UPI
S02516,2024-08-30,C11018,Customer 1018,Volkswagen,Tiguan,Sedan,Petrol,Manual,West,Maharashtra,Mumbai,1,2884717.37,0.0441,2757504.19,106090.12,Cash
S01781,2024-08-31,C11101,Customer 1101,Mahindra,Thar,SUV,Electric,Manual,East,Jharkhand,Ranchi,1,2166467.35,0.0408,2078067.41,161485.36,Bank Finance
S00966,2024-08-31,C10538,Customer 0538,Maruti Suzuki,Swift,SUV,Petrol,Automatic,West,Gujarat,Rajkot,1,1047919.54,0.0725,971953.4,122955.84,Bank Finance
S00408,2024-08-31,C10813,Customer 0813,Honda,Elevate,SUV,Electric,Automatic,South,Tamil Nadu,Coimbatore,1,1404593.6,0.0798,1292571.6,165874.51,Credit Card
S02831,2024-08-31,C10839,Customer 0839,Mahindra,XUV 3XO,SUV,Petrol,Manual,West,Gujarat,Vadodara,1,2178946.25,0.0755,2014452.47,323250.8,Cash
S01604,2024-09-01,C10632,Customer 0632,Kia,Carens,MPV,CNG,Manual,West,Goa,Margao,1,2034421.22,0.0975,1836030.33,176538.14,UPI
S03977,2024-09-01,C11054,Customer 1054,Hyundai,Verna,SUV,CNG,Manual,West,Maharashtra,Nashik,1,1122162.35,0.0594,1055526.26,191099.96,Bank Finance
S00214,2024-09-02,C10669,Customer 0669,Volkswagen,Tiguan,SUV,CNG,Manual,West,Maharashtra,Pune,1,3645703.34,0.0434,3487367.29,697473.46,Bank Finance
S02473,2024-09-02,C10982,Customer 0982,Volkswagen,Taigun,Sedan,Diesel,Automatic,West,Gujarat,Surat,1,3028756.22,0.0108,2996047.16,312570.18,UPI
S03896,2024-09-02,C10241,Customer 0241,Kia,Sonet,MPV,CNG,Manual,North,Rajasthan,Jodhpur,1,859936.54,0.0372,827971.17,28978.99,Bank Finance
S03788,2024-09-02,C11187,Customer 1187,Volkswagen,Virtus,Sedan,Petrol,Automatic,North,Rajasthan,Jaipur,1,2803130.37,0.0126,2767800.8,163117.22,Bank Finance
S01414,2024-09-02,C10514,Customer 0514,Mahindra,Bolero,SUV,Hybrid,Manual,North,Haryana,Gurugram,1,1035913.26,0.0535,980520.17,109074.24,Credit Card
S01363,2024-09-03,C10738,Customer 0738,Honda,Elevate,SUV,Diesel,Automatic,North,Rajasthan,Udaipur,1,1474453.29,0.0051,1466992.42,60265.09,Cash
S00093,2024-09-03,C11133,Customer 1133,Volkswagen,Tiguan,Sedan,CNG,Manual,East,Bihar,Gaya,1,2035872.2,0.0654,1902720.7,135504.6,Bank Finance
S01370,2024-09-03,C10489,Customer 0489,Kia,Seltos,SUV,Diesel,Automatic,North,Rajasthan,Jodhpur,1,1038850.31,0.0607,975810.91,136147.79,Credit Card
S01466,2024-09-03,C10169,Customer 0169,Honda,Amaze,SUV,CNG,Manual,West,Goa,Margao,1,1947870.41,0.0657,1819822.84,116320.32,Bank Finance
S01770,2024-09-04,C10059,Customer 0059,Kia,Carens,MPV,Petrol,Automatic,West,Maharashtra,Nagpur,1,1208227.53,0.0196,1184598.12,68746.22,Bank Finance
S04931,2024-09-04,C10114,Customer 0114,Volkswagen,Virtus,Sedan,Petrol,Automatic,West,Goa,Margao,1,2939239.43,0.0463,2803058.23,373675.07,Bank Finance
S04775,2024-09-05,C10869,Customer 0869,Honda,Amaze,Sedan,Diesel,Manual,West,Goa,Margao,1,778621.97,0.0862,711489.68,73205.94,Bank Finance
S02347,2024-09-05,C10973,Customer 0973,Mahindra,Bolero,SUV,Hybrid,Automatic,West,Gujarat,Surat,1,2198403.37,0.0698,2044925.54,335658.72,Bank Finance
S04263,2024-09-05,C10990,Customer 0990,Kia,Seltos,SUV,Electric,Manual,West,Goa,Margao,1,2290801.79,0.0772,2114030.72,248635.31,Bank Finance
S03780,2024-09-05,C10675,Customer 0675,Volkswagen,Taigun,SUV,Electric,Automatic,West,Goa,Panaji,1,1545020.25,0.0686,1438967.01,136500.18,Credit Card
S00352,2024-09-05,C10515,Customer 0515,Hyundai,Venue,Sedan,Petrol,Manual,North,Haryana,Gurugram,1,772616.84,0.0124,763044.95,84432.28,Bank Finance
S03541,2024-09-06,C10465,Customer 0465,Volkswagen,Taigun,SUV,Petrol,Automatic,South,Telangana,Warangal,1,2075430.12,0.0708,1928551.46,222885.93,Cash
S03930,2024-09-06,C10460,Customer 0460,Maruti Suzuki,Brezza,Sedan,Petrol,Manual,West,Maharashtra,Thane,1,1075520.55,0.0594,1011657.2,66895.9,Bank Finance
S00015,2024-09-07,C10188,Customer 0188,Mahindra,XUV700,SUV,Diesel,Automatic,West,Maharashtra,Pune,1,1984682.72,0.074,1837897.86,170182.12,Bank Finance
S00092,2024-09-07,C10483,Customer 0483,Volkswagen,Tiguan,Sedan,Diesel,Manual,West,Goa,Panaji,1,2580374.48,0.0804,2373035.64,277672.97,Bank Finance
S00383,2024-09-07,C10132,Customer 0132,Maruti Suzuki,Grand Vitara,Sedan,Electric,Automatic,West,Maharashtra,Pune,1,1611881.38,0.0509,1529897.62,224880.89,Credit Card
S03611,2024-09-07,C10459,Customer 0459,Volkswagen,Virtus,Sedan,Petrol,Manual,South,Tamil Nadu,Madurai,1,1557962.5,0.0598,1464813.23,143472.02,Credit Card
S02375,2024-09-08,C10176,Customer 0176,Tata,Safari,Hatchback,Petrol,Automatic,East,West Bengal,Siliguri,1,790557.66,0.0444,755490.02,75304.64,Credit Card
S01674,2024-09-08,C11087,Customer 1087,Kia,Seltos,SUV,CNG,Manual,South,Tamil Nadu,Coimbatore,1,1451821.56,0.0934,1316250.73,161854.83,Bank Finance
S01320,2024-09-08,C10659,Customer 0659,Mahindra,XUV700,SUV,Hybrid,Manual,North,Rajasthan,Udaipur,1,1081764.74,0.0558,1021371.28,132732.84,Cash
S01403,2024-09-08,C10662,Customer 0662,Hyundai,Exter,Sedan,Electric,Automatic,North,Delhi,New Delhi,1,1734122.29,0.0593,1631296.64,146899.58,Credit Card
S00024,2024-09-09,C10755,Customer 0755,Kia,Seltos,MPV,Hybrid,Automatic,West,Goa,Panaji,1,2243511.86,0.0259,2185514.66,214337.43,UPI
S02344,2024-09-09,C10936,Customer 0936,Volkswagen,Virtus,Sedan,Petrol,Automatic,West,Goa,Margao,1,2861953.13,0.0592,2692591.64,328264.29,UPI
S02902,2024-09-10,C10188,Customer 0188,Toyota,Innova HyCross,MPV,Petrol,Manual,South,Andhra Pradesh,Vijayawada,1,3036415.4,0.0585,2858661.14,203060.08,Credit Card
S00364,2024-09-10,C10053,Customer 0053,Toyota,Glanza,SUV,Petrol,Manual,West,Maharashtra,Mumbai,1,2149441.61,0.0874,1961679.27,270818.52,Credit Card
S04296,2024-09-10,C10803,Customer 0803,Kia,Carens,SUV,Diesel,Automatic,West,Gujarat,Rajkot,1,1861386.66,0.0521,1764353.71,146369.39,Bank Finance
S04123,2024-09-10,C10233,Customer 0233,Mahindra,Thar,SUV,Diesel,Automatic,South,Karnataka,Mangaluru,1,1859525.71,0.0967,1679784.6,92609.52,Bank Finance
S01582,2024-09-11,C10733,Customer 0733,Honda,Amaze,SUV,Hybrid,Manual,South,Kerala,Kochi,1,2159528.21,0.0226,2110699.25,309296.85,Credit Card
S02121,2024-09-11,C11033,Customer 1033,Volkswagen,Taigun,Sedan,CNG,Automatic,South,Tamil Nadu,Coimbatore,1,1528196.41,0.062,1433396.68,132951.62,UPI
S04743,2024-09-11,C10950,Customer 0950,Mahindra,Bolero,SUV,Petrol,Automatic,South,Telangana,Hyderabad,1,1559897.83,0.0313,1511044.98,87009.27,Bank Finance
S04108,2024-09-12,C10136,Customer 0136,Maruti Suzuki,Brezza,SUV,Diesel,Manual,West,Maharashtra,Mumbai,1,868403.66,0.0258,846019.46,59706.39,Credit Card
S00831,2024-09-12,C10637,Customer 0637,Toyota,Innova HyCross,MPV,Petrol,Manual,South,Kerala,Thiruvananthapuram,1,3580446.59,0.0739,3315680.76,403760.32,Bank Finance
S04375,2024-09-12,C10083,Customer 0083,Toyota,Glanza,SUV,CNG,Manual,South,Andhra Pradesh,Vijayawada,1,3984502.13,0.0579,3753731.77,602530.52,Bank Finance
S01702,2024-09-12,C10082,Customer 0082,Honda,Elevate,Sedan,Petrol,Automatic,North,Uttar Pradesh,Noida,1,1166717.66,0.0371,1123458.65,119384.51,Bank Finance
S04082,2024-09-12,C11153,Customer 1153,Hyundai,Verna,SUV,Electric,Automatic,West,Gujarat,Ahmedabad,1,1748700.23,0.0558,1651046.34,100183.02,Bank Finance
S02443,2024-09-13,C10792,Customer 0792,Hyundai,Verna,Hatchback,Diesel,Manual,South,Tamil Nadu,Coimbatore,1,1241873.59,0.0725,1151863.46,130674.73,UPI
S03126,2024-09-13,C10208,Customer 0208,Toyota,Fortuner,Hatchback,Diesel,Automatic,North,Haryana,Gurugram,1,3485505.08,0.0411,3342284.59,333781.82,Credit Card
S00003,2024-09-13,C10647,Customer 0647,Hyundai,Verna,SUV,Hybrid,Automatic,West,Goa,Margao,1,932440.51,0.0773,860364.01,100826.79,Credit Card
S04613,2024-09-13,C10265,Customer 0265,Hyundai,Exter,Sedan,Hybrid,Automatic,South,Tamil Nadu,Madurai,1,1738336.16,0.0119,1717649.12,166677.22,Bank Finance
S04110,2024-09-13,C10151,Customer 0151,Hyundai,Verna,Sedan,Electric,Manual,West,Gujarat,Vadodara,1,1329714.79,0.0643,1244245.84,126053.85,Cash
S02437,2024-09-14,C10707,Customer 0707,Honda,Amaze,SUV,Petrol,Manual,North,Rajasthan,Jaipur,1,1977856.78,0.0821,1815567.85,97557.45,Bank Finance
S00677,2024-09-14,C10595,Customer 0595,Tata,Punch,Hatchback,Electric,Automatic,West,Maharashtra,Nagpur,1,1227907.71,0.0626,1151018.92,134316.94,Credit Card
S02538,2024-09-14,C10471,Customer 0471,Hyundai,i20,Sedan,Petrol,Manual,South,Andhra Pradesh,Vijayawada,1,1104460.13,0.0372,1063375.93,37218.16,Bank Finance
S03276,2024-09-14,C11194,Customer 1194,Toyota,Fortuner,MPV,Petrol,Automatic,West,Gujarat,Ahmedabad,1,3704882.45,0.0687,3450288.46,246624.23,Bank Finance
S00087,2024-09-14,C10790,Customer 0790,Maruti Suzuki,Dzire,Sedan,Electric,Automatic,South,Karnataka,Mysuru,1,1261992.9,0.0626,1183048.51,134173.8,UPI
S04567,2024-09-14,C10357,Customer 0357,Honda,Amaze,SUV,Electric,Manual,South,Tamil Nadu,Chennai,1,1414800.52,0.0494,1344859.33,268971.87,Credit Card
S03136,2024-09-15,C10961,Customer 0961,Tata,Safari,SUV,Hybrid,Manual,South,Andhra Pradesh,Visakhapatnam,1,832168.58,0.0426,796693.51,41837.63,Bank Finance
S01014,2024-09-15,C10922,Customer 0922,Volkswagen,Tiguan,Sedan,Electric,Automatic,South,Telangana,Hyderabad,1,2525595.24,0.0532,2391290.25,209317.8,UPI
S00535,2024-09-16,C10450,Customer 0450,Mahindra,XUV 3XO,SUV,Diesel,Manual,South,Karnataka,Mangaluru,1,1579399.06,0.0462,1506440.11,166191.2,Cash
S03332,2024-09-16,C10624,Customer 0624,Tata,Safari,SUV,Petrol,Automatic,East,Jharkhand,Ranchi,1,2256495.97,0.0596,2122049.86,138750.05,Credit Card
S01793,2024-09-17,C10649,Customer 0649,Maruti Suzuki,Brezza,Hatchback,CNG,Manual,West,Gujarat,Rajkot,1,1520946.01,0.0472,1449092.52,94716.35,Bank Finance
S00900,2024-09-17,C10983,Customer 0983,Kia,Sonet,SUV,Diesel,Automatic,East,Jharkhand,Jamshedpur,1,1291621.0,0.0288,1254408.17,159645.43,Bank Finance
S00515,2024-09-17,C10466,Customer 0466,Kia,Seltos,SUV,Electric,Manual,East,West Bengal,Kolkata,1,1261982.48,0.0401,1211361.5,81150.02,Bank Finance
S04417,2024-09-17,C10498,Customer 0498,Kia,Sonet,MPV,Petrol,Manual,South,Kerala,Thiruvananthapuram,1,2058481.17,0.0317,1993192.07,146913.23,UPI
S03636,2024-09-17,C10181,Customer 0181,Maruti Suzuki,Swift,Sedan,Electric,Manual,West,Goa,Panaji,1,1646584.15,0.009,1631708.89,229590.8,Bank Finance
S02102,2024-09-17,C10255,Customer 0255,Maruti Suzuki,Dzire,Sedan,Petrol,Manual,South,Kerala,Thiruvananthapuram,1,960303.18,0.0522,910162.35,92873.05,Bank Finance
S00235,2024-09-17,C10121,Customer 0121,Toyota,Urban Cruiser Hyryder,Hatchback,Petrol,Manual,South,Karnataka,Mangaluru,1,3779118.82,0.0772,3487327.91,163234.85,Cash
S00921,2024-09-17,C10113,Customer 0113,Tata,Harrier,Hatchback,Hybrid,Automatic,East,Bihar,Patna,1,1269154.34,0.0609,1191830.64,145197.52,Credit Card
S03314,2024-09-18,C10487,Customer 0487,Volkswagen,Virtus,Sedan,Diesel,Automatic,West,Gujarat,Vadodara,1,1575059.95,0.0548,1488671.78,237709.05,Credit Card
S02897,2024-09-18,C10457,Customer 0457,Mahindra,XUV700,SUV,Petrol,Automatic,North,Delhi,New Delhi,1,1604190.83,0.0394,1540990.29,308032.76,Cash
S03133,2024-09-18,C10066,Customer 0066,Hyundai,Venue,Sedan,Electric,Automatic,North,Uttar Pradesh,Noida,1,1768442.3,0.068,1648160.72,178087.27,Cash
S02236,2024-09-19,C10261,Customer 0261,Hyundai,Venue,Hatchback,CNG,Automatic,South,Telangana,Hyderabad,1,1198682.78,0.0511,1137451.88,93519.83,Bank Finance
S02534,2024-09-19,C10919,Customer 0919,Volkswagen,Taigun,Sedan,Hybrid,Automatic,North,Punjab,Amritsar,1,2260659.93,0.0403,2169637.95,200433.9,Cash
S01871,2024-09-19,C10873,Customer 0873,Mahindra,XUV700,SUV,Petrol,Automatic,South,Kerala,Thiruvananthapuram,1,1909781.73,0.0926,1732919.93,274117.94,Bank Finance
S02141,2024-09-19,C11112,Customer 1112,Toyota,Glanza,MPV,Petrol,Automatic,North,Punjab,Chandigarh,1,1625579.35,0.0467,1549604.68,139443.95,Bank Finance
S04898,2024-09-20,C10627,Customer 0627,Maruti Suzuki,Swift,SUV,Electric,Automatic,East,Bihar,Gaya,1,1104197.0,0.0861,1009134.76,135662.81,Credit Card
S03883,2024-09-20,C11161,Customer 1161,Hyundai,i20,Sedan,Diesel,Manual,South,Telangana,Hyderabad,1,786266.45,0.0879,717131.38,74485.13,UPI
S01884,2024-09-20,C10697,Customer 0697,Tata,Harrier,SUV,Electric,Automatic,West,Gujarat,Rajkot,1,1213206.18,0.0378,1167353.73,84512.46,UPI
S01808,2024-09-21,C10990,Customer 0990,Hyundai,Exter,Hatchback,Diesel,Manual,North,Haryana,Faridabad,1,1622518.98,0.0108,1605032.89,131784.64,Bank Finance
S00627,2024-09-21,C10124,Customer 0124,Maruti Suzuki,Swift,Sedan,Diesel,Manual,West,Maharashtra,Nagpur,1,1263202.38,0.0694,1175590.28,105917.67,Bank Finance
S01275,2024-09-21,C10111,Customer 0111,Honda,Amaze,SUV,Petrol,Manual,East,Bihar,Patna,1,1740797.51,0.0522,1649890.96,203597.01,Credit Card
S03209,2024-09-21,C10128,Customer 0128,Honda,Amaze,SUV,Hybrid,Manual,North,Punjab,Ludhiana,1,2044241.51,0.0368,1968918.74,238683.09,UPI
S04852,2024-09-21,C10165,Customer 0165,Kia,Sonet,MPV,Electric,Automatic,West,Gujarat,Rajkot,1,1876976.66,0.0779,1730706.73,246913.69,Credit Card
S01998,2024-09-22,C10554,Customer 0554,Hyundai,Creta,Sedan,Hybrid,Manual,South,Telangana,Hyderabad,1,919265.85,0.0892,837290.43,67837.67,Bank Finance
S01081,2024-09-22,C10462,Customer 0462,Toyota,Glanza,MPV,Electric,Manual,East,Bihar,Gaya,1,4626513.6,0.0712,4296934.56,438956.75,UPI
S02837,2024-09-22,C11054,Customer 1054,Maruti Suzuki,Grand Vitara,SUV,Petrol,Manual,North,Haryana,Faridabad,1,1269725.21,0.0571,1197228.22,41902.99,Bank Finance
S00565,2024-09-22,C10019,Customer 0019,Hyundai,Exter,Hatchback,Electric,Manual,South,Tamil Nadu,Coimbatore,1,1431858.31,0.0752,1324242.62,103963.1,UPI
S00939,2024-09-23,C11065,Customer 1065,Tata,Nexon,SUV,Hybrid,Automatic,West,Goa,Margao,1,1918109.85,0.0702,1783423.33,245617.39,Bank Finance
S04144,2024-09-23,C10372,Customer 0372,Volkswagen,Tiguan,Sedan,Electric,Automatic,South,Andhra Pradesh,Vijayawada,1,1167602.64,0.0103,1155608.68,113148.22,Cash
S01309,2024-09-23,C10515,Customer 0515,Mahindra,Scorpio-N,SUV,Diesel,Manual,South,Karnataka,Mysuru,1,1979007.99,0.083,1814703.47,134751.6,Credit Card
S03695,2024-09-23,C10613,Customer 0613,Kia,Sonet,SUV,CNG,Automatic,East,Jharkhand,Ranchi,1,1744133.04,0.0541,1649718.28,191549.02,Credit Card
S00098,2024-09-24,C10905,Customer 0905,Honda,Elevate,SUV,Electric,Automatic,South,Telangana,Hyderabad,1,2046420.86,0.0591,1925479.59,264989.0,Bank Finance
S00691,2024-09-24,C10669,Customer 0669,Tata,Safari,SUV,Electric,Automatic,North,Punjab,Chandigarh,1,1812422.07,0.0823,1663295.13,93409.02,Bank Finance
S03464,2024-09-25,C10968,Customer 0968,Toyota,Glanza,MPV,Petrol,Automatic,West,Gujarat,Rajkot,1,2313408.47,0.0423,2215559.41,261684.78,UPI
S02681,2024-09-25,C10029,Customer 0029,Honda,Elevate,Sedan,Hybrid,Automatic,South,Karnataka,Mysuru,1,1435339.93,0.0921,1303166.58,120982.63,UPI
S00151,2024-09-25,C10467,Customer 0467,Tata,Harrier,Hatchback,Petrol,Manual,South,Telangana,Warangal,1,2217455.76,0.0469,2113363.5,397585.25,Cash
S00538,2024-09-26,C10538,Customer 0538,Honda,City,Sedan,Diesel,Manual,East,Bihar,Patna,1,784725.36,0.0146,773268.99,81848.81,UPI
S03012,2024-09-26,C10226,Customer 0226,Mahindra,XUV 3XO,SUV,Petrol,Manual,West,Maharashtra,Nagpur,1,2256190.78,0.1052,2018740.24,224375.15,Credit Card
S01807,2024-09-26,C10304,Customer 0304,Mahindra,Bolero,SUV,Diesel,Manual,South,Telangana,Hyderabad,1,1223884.73,0.068,1140680.05,180063.25,Cash
S01660,2024-09-27,C10292,Customer 0292,Volkswagen,Taigun,Sedan,Petrol,Manual,East,Jharkhand,Jamshedpur,1,2866352.01,0.0469,2731973.44,262789.35,Bank Finance
S04185,2024-09-27,C10544,Customer 0544,Tata,Nexon,Hatchback,Diesel,Automatic,West,Maharashtra,Nashik,1,1806610.53,0.0164,1776920.35,216085.17,Bank Finance
S02282,2024-09-27,C10901,Customer 0901,Honda,Elevate,SUV,Diesel,Manual,West,Maharashtra,Mumbai,1,1445143.55,0.0828,1325522.32,210050.69,Credit Card
S00224,2024-09-27,C11080,Customer 1080,Kia,Sonet,MPV,Petrol,Automatic,South,Karnataka,Mysuru,1,2118607.34,0.0435,2026452.74,193842.87,UPI
S00949,2024-09-28,C11187,Customer 1187,Maruti Suzuki,Grand Vitara,Sedan,CNG,Manual,East,Bihar,Patna,1,1275159.18,0.0783,1175339.29,120603.52,UPI
S01341,2024-09-28,C10878,Customer 0878,Toyota,Glanza,SUV,Diesel,Manual,West,Maharashtra,Nagpur,1,2303130.19,0.0704,2141078.35,297869.23,Bank Finance
S01293,2024-09-28,C10493,Customer 0493,Toyota,Glanza,MPV,Diesel,Automatic,South,Telangana,Hyderabad,1,2907134.82,0.0531,2752910.05,538792.1,Bank Finance
S00727,2024-09-28,C10632,Customer 0632,Volkswagen,Virtus,SUV,Electric,Manual,West,Maharashtra,Mumbai,1,2723155.09,0.0471,2594975.7,197794.74,Bank Finance
S01810,2024-09-28,C10737,Customer 0737,Volkswagen,Taigun,SUV,Petrol,Manual,South,Tamil Nadu,Chennai,1,1905376.48,0.0807,1751641.39,253232.54,Cash
S03698,2024-09-29,C10216,Customer 0216,Maruti Suzuki,Brezza,Hatchback,Petrol,Automatic,East,Jharkhand,Jamshedpur,1,1078115.42,0.0336,1041859.52,111811.08,Credit Card
S00652,2024-09-29,C10077,Customer 0077,Mahindra,Bolero,SUV,Petrol,Automatic,West,Goa,Margao,1,2102345.84,0.0562,1984142.57,151271.32,Credit Card
S00600,2024-09-29,C10817,Customer 0817,Volkswagen,Taigun,SUV,Petrol,Manual,West,Goa,Panaji,1,2963925.62,0.0267,2884648.16,284010.79,Cash
S02224,2024-09-29,C10487,Customer 0487,Maruti Suzuki,Baleno,Hatchback,Diesel,Automatic,South,Karnataka,Bengaluru,1,1293072.74,0.0486,1230202.02,134648.07,Bank Finance
S02237,2024-09-30,C10941,Customer 0941,Volkswagen,Taigun,SUV,Petrol,Automatic,South,Kerala,Kochi,1,2842087.5,0.0595,2672992.63,423490.91,Credit Card
S01797,2024-09-30,C11197,Customer 1197,Tata,Safari,SUV,Petrol,Automatic,North,Rajasthan,Jodhpur,1,1096029.89,0.0471,1044394.94,138436.06,Bank Finance
S00613,2024-10-01,C10324,Customer 0324,Mahindra,Scorpio-N,SUV,CNG,Manual,North,Haryana,Faridabad,1,1187919.31,0.075,1098780.53,177332.45,Bank Finance
S03436,2024-10-01,C10707,Customer 0707,Honda,City,Sedan,Electric,Automatic,North,Punjab,Amritsar,1,2201355.0,0.0725,2041764.63,216751.72,Bank Finance
S01498,2024-10-01,C10283,Customer 0283,Mahindra,Bolero,SUV,Hybrid,Manual,West,Gujarat,Vadodara,1,2135937.49,0.0741,1977683.49,243862.12,Bank Finance
S01925,2024-10-01,C10369,Customer 0369,Tata,Nexon,Hatchback,Diesel,Automatic,West,Maharashtra,Nagpur,1,1450011.37,0.0686,1350523.4,187395.31,Bank Finance
S04951,2024-10-02,C10878,Customer 0878,Tata,Nexon,SUV,Diesel,Automatic,West,Gujarat,Vadodara,1,2090442.01,0.0817,1919732.4,257685.97,UPI
S04647,2024-10-02,C11199,Customer 1199,Mahindra,XUV 3XO,SUV,Hybrid,Manual,East,West Bengal,Kolkata,1,1817993.26,0.0407,1744049.96,164606.27,UPI
S01578,2024-10-02,C10370,Customer 0370,Maruti Suzuki,Brezza,SUV,Petrol,Automatic,West,Gujarat,Vadodara,1,1655692.0,0.0942,1499766.48,117879.66,Credit Card
S03144,2024-10-02,C10210,Customer 0210,Maruti Suzuki,Dzire,SUV,Diesel,Manual,South,Tamil Nadu,Coimbatore,1,1065322.16,0.0362,1026728.77,45484.87,Bank Finance
S00874,2024-10-02,C11145,Customer 1145,Kia,Carens,SUV,Electric,Manual,East,Bihar,Patna,1,2233763.88,0.056,2108741.71,283341.8,UPI
S04594,2024-10-02,C10011,Customer 0011,Volkswagen,Taigun,Sedan,Petrol,Automatic,South,Telangana,Hyderabad,1,2029383.19,0.0746,1878067.98,317588.89,Bank Finance
S01322,2024-10-02,C10389,Customer 0389,Toyota,Innova HyCross,SUV,Diesel,Manual,East,Bihar,Patna,1,916829.65,0.0665,855835.97,148127.98,Cash
S04253,2024-10-03,C10492,Customer 0492,Kia,Carens,MPV,Hybrid,Manual,West,Gujarat,Rajkot,1,1247656.49,0.0821,1145278.25,102174.79,Bank Finance
S03846,2024-10-03,C11113,Customer 1113,Maruti Suzuki,Dzire,Sedan,Petrol,Automatic,West,Goa,Panaji,1,942342.09,0.0242,919580.11,86683.4,Bank Finance
S02324,2024-10-03,C11099,Customer 1099,Tata,Safari,SUV,Petrol,Automatic,North,Uttar Pradesh,Kanpur,1,911369.0,0.0,911369.0,124039.91,Bank Finance
S00201,2024-10-04,C11079,Customer 1079,Honda,City,SUV,Diesel,Automatic,East,Odisha,Cuttack,1,1689771.56,0.0246,1648164.72,245319.71,Bank Finance
S03293,2024-10-05,C10799,Customer 0799,Kia,Carens,MPV,Petrol,Automatic,West,Maharashtra,Pune,1,1459625.16,0.099,1315157.55,141783.16,Bank Finance
S01332,2024-10-05,C10058,Customer 0058,Mahindra,Scorpio-N,SUV,Electric,Automatic,East,Bihar,Gaya,1,1916227.5,0.066,1789802.99,83401.62,Credit Card
S00043,2024-10-05,C10381,Customer 0381,Maruti Suzuki,Grand Vitara,Hatchback,Diesel,Automatic,West,Gujarat,Ahmedabad,1,1298937.54,0.0141,1280584.65,127003.88,Bank Finance
S04194,2024-10-05,C10669,Customer 0669,Toyota,Glanza,Hatchback,Petrol,Automatic,East,Jharkhand,Ranchi,1,3638178.68,0.052,3449037.62,170150.02,Cash
S04602,2024-10-05,C10681,Customer 0681,Volkswagen,Tiguan,SUV,CNG,Manual,South,Kerala,Kochi,1,1243929.34,0.0551,1175341.02,154779.14,Cash
S02744,2024-10-05,C10991,Customer 0991,Volkswagen,Virtus,SUV,Electric,Manual,West,Maharashtra,Mumbai,1,1672739.55,0.0465,1594994.55,222530.39,Bank Finance
S00603,2024-10-06,C10218,Customer 0218,Toyota,Urban Cruiser Hyryder,Hatchback,Petrol,Automatic,South,Tamil Nadu,Madurai,1,3836223.62,0.0357,3699320.84,271462.21,UPI
S01051,2024-10-06,C10604,Customer 0604,Hyundai,Venue,Sedan,Petrol,Automatic,South,Andhra Pradesh,Vijayawada,1,938962.76,0.0,938962.76,107807.12,UPI
S03990,2024-10-06,C10013,Customer 0013,Mahindra,Thar,SUV,Electric,Automatic,East,Bihar,Patna,1,2470689.27,0.0679,2302854.62,143305.26,Bank Finance
S00914,2024-10-06,C11035,Customer 1035,Mahindra,Thar,SUV,Electric,Automatic,West,Gujarat,Ahmedabad,1,802963.11,0.0415,769645.38,78082.84,Bank Finance
S01602,2024-10-07,C10875,Customer 0875,Mahindra,Scorpio-N,SUV,Petrol,Automatic,West,Goa,Panaji,1,1734142.54,0.0629,1625015.27,135864.97,Cash
S00528,2024-10-07,C10265,Customer 0265,Maruti Suzuki,Grand Vitara,Sedan,Hybrid,Manual,East,West Bengal,Kolkata,1,1015746.78,0.082,932410.25,63762.46,Bank Finance
S03009,2024-10-07,C10134,Customer 0134,Maruti Suzuki,Grand Vitara,Sedan,Electric,Automatic,North,Punjab,Chandigarh,1,892917.63,0.0571,841915.71,103701.71,UPI
S04653,2024-10-07,C10227,Customer 0227,Maruti Suzuki,Brezza,Hatchback,Petrol,Manual,North,Uttar Pradesh,Lucknow,1,1103486.76,0.0411,1058160.51,149109.54,Bank Finance
S04003,2024-10-07,C10701,Customer 0701,Kia,Sonet,MPV,CNG,Automatic,West,Goa,Margao,1,1963569.26,0.0374,1890165.72,259206.17,UPI
S00289,2024-10-08,C11030,Customer 1030,Mahindra,XUV700,SUV,Electric,Manual,North,Rajasthan,Udaipur,1,1625288.36,0.0799,1495374.93,131605.35,Bank Finance
S01151,2024-10-08,C10185,Customer 0185,Tata,Altroz,SUV,Electric,Manual,North,Haryana,Faridabad,1,1096368.38,0.0524,1038929.34,48712.43,Cash
S01088,2024-10-08,C10114,Customer 0114,Hyundai,Exter,SUV,Electric,Automatic,East,Odisha,Bhubaneswar,1,1352794.85,0.0675,1261504.64,91372.69,UPI
S03693,2024-10-08,C10553,Customer 0553,Hyundai,Verna,SUV,Diesel,Manual,North,Delhi,New Delhi,1,1842881.16,0.0879,1680801.78,163604.86,Bank Finance
S04223,2024-10-09,C10903,Customer 0903,Mahindra,Scorpio-N,SUV,Diesel,Manual,East,Jharkhand,Jamshedpur,1,1098557.61,0.0737,1017645.55,102410.13,Cash
S00848,2024-10-09,C10389,Customer 0389,Hyundai,Creta,Hatchback,CNG,Manual,South,Telangana,Hyderabad,1,815971.31,0.0537,772137.39,38025.13,Bank Finance
S04786,2024-10-09,C10318,Customer 0318,Volkswagen,Tiguan,Sedan,Petrol,Automatic,South,Tamil Nadu,Madurai,1,2279398.41,0.0619,2138237.35,332759.27,Bank Finance
S00656,2024-10-09,C11152,Customer 1152,Kia,Sonet,MPV,Petrol,Manual,South,Telangana,Hyderabad,1,2270121.74,0.0504,2155661.19,138348.55,Cash
S04546,2024-10-09,C10256,Customer 0256,Honda,City,SUV,Electric,Manual,West,Maharashtra,Nagpur,1,1823322.98,0.0197,1787325.67,232242.78,Cash
S04751,2024-10-09,C10540,Customer 0540,Hyundai,Exter,SUV,Petrol,Automatic,North,Haryana,Faridabad,1,1755274.17,0.0638,1643258.23,164618.84,Bank Finance
S00562,2024-10-09,C10210,Customer 0210,Mahindra,Thar,SUV,Electric,Manual,South,Telangana,Warangal,1,1431270.12,0.0322,1385171.75,132782.69,Credit Card
S02348,2024-10-10,C10151,Customer 0151,Kia,Seltos,SUV,Petrol,Manual,West,Goa,Panaji,1,2668058.37,0.057,2515938.35,366925.92,Cash
S04526,2024-10-10,C10264,Customer 0264,Honda,Elevate,SUV,Diesel,Manual,North,Haryana,Gurugram,1,1686875.78,0.0786,1554278.51,101800.06,Bank Finance
S02668,2024-10-11,C10063,Customer 0063,Toyota,Fortuner,MPV,Petrol,Manual,West,Goa,Margao,1,4348225.82,0.0438,4157719.73,256519.24,Bank Finance
S02126,2024-10-11,C10538,Customer 0538,Kia,Carens,MPV,Petrol,Manual,North,Rajasthan,Udaipur,1,996064.67,0.0653,931046.43,100436.65,Credit Card
S00055,2024-10-11,C10734,Customer 0734,Mahindra,Bolero,SUV,CNG,Automatic,North,Haryana,Gurugram,1,1416644.38,0.0407,1359021.36,109019.02,Bank Finance
S00728,2024-10-11,C10126,Customer 0126,Tata,Punch,Hatchback,Electric,Manual,South,Telangana,Hyderabad,1,1957245.18,0.0033,1950719.69,171175.69,UPI
S02419,2024-10-11,C10573,Customer 0573,Maruti Suzuki,Grand Vitara,Sedan,Electric,Manual,East,Bihar,Patna,1,1676712.28,0.0605,1575295.11,204494.71,Bank Finance
S00359,2024-10-11,C10493,Customer 0493,Toyota,Glanza,SUV,Petrol,Manual,South,Andhra Pradesh,Visakhapatnam,1,4904167.81,0.0405,4705757.21,642034.76,Bank Finance
S00891,2024-10-11,C10095,Customer 0095,Toyota,Urban Cruiser Hyryder,MPV,CNG,Manual,West,Maharashtra,Nagpur,1,1812673.18,0.0314,1755734.88,261002.4,UPI
S00278,2024-10-11,C10418,Customer 0418,Kia,Sonet,MPV,Petrol,Automatic,South,Karnataka,Mysuru,1,2202457.9,0.0292,2138109.2,237395.09,Bank Finance
S02482,2024-10-11,C10223,Customer 0223,Volkswagen,Taigun,SUV,Diesel,Automatic,South,Telangana,Warangal,1,3171004.39,0.0264,3087214.82,481167.15,Cash
S03241,2024-10-11,C10211,Customer 0211,Mahindra,XUV 3XO,SUV,Electric,Automatic,South,Tamil Nadu,Madurai,1,1018595.94,0.0759,941233.81,105181.4,UPI
S02044,2024-10-12,C10335,Customer 0335,Volkswagen,Virtus,SUV,Electric,Automatic,South,Telangana,Hyderabad,1,2528805.89,0.0558,2387714.49,208611.73,Bank Finance
S04212,2024-10-12,C11021,Customer 1021,Kia,Sonet,SUV,Electric,Manual,West,Gujarat,Surat,1,1064188.36,0.0162,1046896.04,165489.84,Bank Finance
S02880,2024-10-12,C10941,Customer 0941,Honda,Elevate,Sedan,CNG,Automatic,South,Tamil Nadu,Chennai,1,1344289.77,0.0434,1285949.65,135490.31,Bank Finance
S01959,2024-10-12,C10200,Customer 0200,Honda,Elevate,SUV,Petrol,Manual,West,Goa,Panaji,1,2150498.8,0.0555,2031229.92,137558.68,Credit Card
S00315,2024-10-13,C10341,Customer 0341,Kia,Carens,MPV,Diesel,Automatic,East,Jharkhand,Jamshedpur,1,997622.69,0.0565,941288.92,53090.93,Bank Finance
S03006,2024-10-13,C10652,Customer 0652,Kia,Seltos,SUV,Electric,Automatic,South,Andhra Pradesh,Vijayawada,1,1601686.1,0.0541,1515007.7,181362.17,UPI
S03260,2024-10-13,C10491,Customer 0491,Maruti Suzuki,Baleno,SUV,CNG,Manual,West,Maharashtra,Mumbai,1,815139.23,0.0585,767429.26,48545.4,Bank Finance
S00479,2024-10-14,C10088,Customer 0088,Mahindra,XUV 3XO,SUV,Diesel,Automatic,South,Karnataka,Mangaluru,1,865967.7,0.0899,788136.87,95147.1,Credit Card
S02481,2024-10-14,C10757,Customer 0757,Toyota,Urban Cruiser Hyryder,Hatchback,Electric,Manual,South,Kerala,Thiruvananthapuram,1,783616.05,0.0265,762838.88,103729.87,Bank Finance
S00813,2024-10-14,C10112,Customer 0112,Tata,Punch,SUV,CNG,Manual,East,Odisha,Cuttack,1,1748299.23,0.0542,1653605.67,203422.02,Bank Finance
S02795,2024-10-15,C10669,Customer 0669,Mahindra,Bolero,SUV,Diesel,Manual,South,Kerala,Thiruvananthapuram,1,2524828.56,0.0785,2326518.13,284263.45,Bank Finance
S04635,2024-10-15,C10500,Customer 0500,Volkswagen,Virtus,Sedan,Diesel,Automatic,South,Andhra Pradesh,Visakhapatnam,1,3680100.45,0.0831,3374261.45,485954.96,Credit Card
S00775,2024-10-15,C10803,Customer 0803,Toyota,Fortuner,Hatchback,Electric,Automatic,South,Tamil Nadu,Chennai,1,4965519.28,0.0855,4541175.87,699186.49,Cash
S00595,2024-10-15,C11144,Customer 1144,Hyundai,Creta,Sedan,Petrol,Automatic,East,Bihar,Gaya,1,903561.48,0.1,813243.48,147066.68,UPI
S03734,2024-10-15,C10680,Customer 0680,Tata,Harrier,SUV,Diesel,Automatic,South,Karnataka,Bengaluru,1,632112.84,0.0404,606606.92,46799.19,Bank Finance
S01442,2024-10-16,C10117,Customer 0117,Toyota,Fortuner,Hatchback,Diesel,Manual,West,Gujarat,Vadodara,1,4475251.93,0.0792,4121003.1,416946.44,Bank Finance
S00261,2024-10-17,C10536,Customer 0536,Maruti Suzuki,Grand Vitara,Hatchback,Electric,Automatic,East,Odisha,Bhubaneswar,1,1102333.14,0.0409,1057256.84,90030.08,Bank Finance
S01244,2024-10-17,C10232,Customer 0232,Kia,Seltos,SUV,CNG,Automatic,East,Jharkhand,Jamshedpur,1,1038328.8,0.0304,1006763.73,49402.2,Bank Finance
S04084,2024-10-17,C10624,Customer 0624,Mahindra,Scorpio-N,SUV,Petrol,Manual,North,Uttar Pradesh,Kanpur,1,955900.88,0.0614,897223.88,81940.69,Bank Finance
S03686,2024-10-17,C10160,Customer 0160,Kia,Carens,SUV,Petrol,Automatic,South,Karnataka,Mysuru,1,1254318.64,0.0747,1160637.06,40622.3,Bank Finance
S04692,2024-10-17,C11072,Customer 1072,Toyota,Innova HyCross,SUV,Petrol,Automatic,West,Goa,Margao,1,2922195.98,0.0623,2740127.26,364216.75,Bank Finance
S00016,2024-10-17,C10678,Customer 0678,Maruti Suzuki,Swift,Sedan,Electric,Automatic,North,Punjab,Amritsar,1,1371108.72,0.0539,1297264.7,171927.78,UPI
S01642,2024-10-18,C10832,Customer 0832,Honda,City,Sedan,Petrol,Automatic,East,Bihar,Patna,1,1014631.43,0.0538,960066.34,46081.29,Credit Card
S02395,2024-10-18,C10608,Customer 0608,Kia,Carens,MPV,Diesel,Automatic,North,Haryana,Faridabad,1,1471734.26,0.07,1368727.76,47905.47,Cash
S04843,2024-10-18,C10315,Customer 0315,Hyundai,Creta,SUV,Electric,Automatic,West,Maharashtra,Nagpur,1,1710273.02,0.0617,1604698.9,102111.92,Bank Finance
S01198,2024-10-18,C10822,Customer 0822,Kia,Sonet,MPV,Petrol,Automatic,South,Kerala,Thiruvananthapuram,1,2209276.09,0.0595,2077716.59,174925.15,Bank Finance
S00049,2024-10-19,C10339,Customer 0339,Mahindra,Bolero,SUV,Petrol,Manual,North,Delhi,New Delhi,1,2095427.57,0.0833,1920932.18,182834.26,Bank Finance
S04405,2024-10-19,C10898,Customer 0898,Kia,Sonet,MPV,CNG,Manual,West,Goa,Panaji,1,1685540.64,0.025,1643352.8,184648.19,Bank Finance
S00713,2024-10-19,C10331,Customer 0331,Toyota,Glanza,Hatchback,Petrol,Automatic,East,Jharkhand,Jamshedpur,1,2053056.5,0.0317,1988014.81,208912.85,Bank Finance
S04633,2024-10-20,C10859,Customer 0859,Toyota,Innova HyCross,Hatchback,Diesel,Automatic,North,Punjab,Ludhiana,1,3173334.6,0.0827,2910954.05,247119.45,UPI
S00288,2024-10-20,C11184,Customer 1184,Tata,Safari,Hatchback,Diesel,Automatic,South,Tamil Nadu,Coimbatore,1,2054428.84,0.1198,1808375.76,146828.57,Credit Card
S04240,2024-10-20,C10124,Customer 0124,Tata,Safari,SUV,Diesel,Manual,East,Odisha,Bhubaneswar,1,752664.35,0.0528,712950.36,54078.81,Cash
S04344,2024-10-20,C11144,Customer 1144,Maruti Suzuki,Grand Vitara,Sedan,Petrol,Automatic,South,Andhra Pradesh,Visakhapatnam,1,907875.58,0.0596,853743.5,152816.94,Bank Finance
S03811,2024-10-21,C10646,Customer 0646,Maruti Suzuki,Grand Vitara,Sedan,Hybrid,Manual,North,Uttar Pradesh,Kanpur,1,852171.46,0.0647,797022.83,54518.74,UPI
S01776,2024-10-21,C10423,Customer 0423,Tata,Harrier,Hatchback,Electric,Manual,West,Maharashtra,Nashik,1,2012547.67,0.0541,1903726.59,205852.39,UPI
S00011,2024-10-21,C10172,Customer 0172,Kia,Seltos,SUV,Petrol,Manual,North,Punjab,Ludhiana,1,2427414.93,0.0159,2388757.18,202954.85,Cash
S00614,2024-10-21,C10324,Customer 0324,Kia,Seltos,SUV,Petrol,Manual,South,Telangana,Hyderabad,1,1948562.81,0.0772,1798110.94,153519.22,Bank Finance
S04997,2024-10-22,C10220,Customer 0220,Volkswagen,Virtus,Sedan,Hybrid,Automatic,West,Maharashtra,Mumbai,1,3532314.82,0.0625,3311474.45,161548.62,Cash
S01395,2024-10-22,C10167,Customer 0167,Maruti Suzuki,Brezza,Hatchback,Petrol,Automatic,West,Maharashtra,Nagpur,1,735757.72,0.0463,701663.57,45797.55,Credit Card
S01711,2024-10-22,C10820,Customer 0820,Hyundai,Venue,Sedan,CNG,Automatic,West,Gujarat,Vadodara,1,734021.81,0.0448,701111.86,51417.79,Bank Finance
S03722,2024-10-22,C10372,Customer 0372,Mahindra,Scorpio-N,SUV,Electric,Automatic,East,Jharkhand,Ranchi,1,1017822.16,0.0408,976337.81,109854.17,UPI
S03806,2024-10-22,C11029,Customer 1029,Kia,Sonet,SUV,Diesel,Automatic,South,Andhra Pradesh,Vijayawada,1,1129806.64,0.0606,1061310.6,104742.04,Bank Finance
S03413,2024-10-22,C11054,Customer 1054,Tata,Altroz,SUV,CNG,Automatic,North,Punjab,Ludhiana,1,1001537.22,0.0796,921823.76,100642.21,Credit Card
S03273,2024-10-22,C10874,Customer 0874,Hyundai,Verna,Hatchback,Petrol,Manual,South,Kerala,Kochi,1,1553506.0,0.0514,1473601.27,216326.95,UPI
S00252,2024-10-22,C10843,Customer 0843,Tata,Safari,Hatchback,Electric,Manual,South,Kerala,Thiruvananthapuram,1,832865.84,0.059,783753.36,95261.45,Bank Finance
S04449,2024-10-23,C10866,Customer 0866,Honda,City,Sedan,Diesel,Manual,West,Maharashtra,Nagpur,1,2270709.15,0.0675,2117384.86,284034.0,Bank Finance
S00791,2024-10-23,C10911,Customer 0911,Mahindra,XUV 3XO,SUV,Petrol,Manual,West,Gujarat,Surat,1,1811099.19,0.0586,1704928.1,85867.94,Bank Finance
S01000,2024-10-23,C10681,Customer 0681,Volkswagen,Virtus,SUV,Hybrid,Automatic,South,Tamil Nadu,Madurai,1,3012775.35,0.0206,2950787.97,270522.01,Cash
S01655,2024-10-23,C10637,Customer 0637,Maruti Suzuki,Swift,SUV,Hybrid,Manual,South,Andhra Pradesh,Visakhapatnam,1,1301310.04,0.0818,1194832.98,157806.28,Credit Card
S01331,2024-10-23,C10824,Customer 0824,Tata,Harrier,SUV,Petrol,Automatic,North,Uttar Pradesh,Kanpur,1,1405232.91,0.0118,1388718.03,63408.42,Credit Card
S02213,2024-10-24,C10615,Customer 0615,Maruti Suzuki,Brezza,Hatchback,Electric,Automatic,South,Tamil Nadu,Madurai,1,982190.87,0.0541,929077.4,65738.56,Bank Finance
S00688,2024-10-24,C10843,Customer 0843,Hyundai,Exter,SUV,Electric,Automatic,South,Karnataka,Mysuru,1,811883.87,0.0617,761824.86,56293.28,UPI
S01096,2024-10-24,C10156,Customer 0156,Toyota,Urban Cruiser Hyryder,MPV,Electric,Manual,West,Goa,Panaji,1,1742090.18,0.0,1742090.18,100530.88,Cash
S03574,2024-10-24,C11041,Customer 1041,Tata,Nexon,Hatchback,Electric,Automatic,North,Rajasthan,Jaipur,1,1839524.96,0.0436,1759273.11,176507.64,Cash
S01907,2024-10-24,C10890,Customer 0890,Hyundai,i20,Hatchback,Petrol,Automatic,East,Bihar,Patna,1,993651.49,0.0431,950790.04,126127.51,Cash
S02807,2024-10-25,C10413,Customer 0413,Hyundai,i20,Hatchback,Diesel,Automatic,North,Uttar Pradesh,Kanpur,1,1577671.49,0.09,1435641.28,190274.26,UPI
S01059,2024-10-25,C11159,Customer 1159,Kia,Seltos,SUV,Petrol,Manual,East,Odisha,Bhubaneswar,1,1056613.25,0.054,999547.03,118909.86,Credit Card
S00184,2024-10-25,C10621,Customer 0621,Volkswagen,Tiguan,SUV,Diesel,Manual,South,Andhra Pradesh,Visakhapatnam,1,3045459.0,0.0447,2909283.35,241618.53,Bank Finance
S02773,2024-10-25,C10205,Customer 0205,Maruti Suzuki,Grand Vitara,Sedan,Diesel,Manual,South,Kerala,Thiruvananthapuram,1,1486222.13,0.0365,1431977.19,178091.09,Credit Card
S01590,2024-10-26,C10384,Customer 0384,Maruti Suzuki,Dzire,Sedan,Hybrid,Automatic,North,Uttar Pradesh,Lucknow,1,1144941.08,0.0577,1078844.08,135845.54,Bank Finance
S03494,2024-10-26,C10988,Customer 0988,Tata,Harrier,Hatchback,Petrol,Automatic,East,Odisha,Cuttack,1,1728789.43,0.0596,1625668.75,225843.67,Bank Finance
S00276,2024-10-26,C10127,Customer 0127,Honda,City,Sedan,Electric,Automatic,West,Maharashtra,Nashik,1,1896658.64,0.0885,1728785.98,162157.84,Bank Finance
S03075,2024-10-26,C10841,Customer 0841,Mahindra,Bolero,SUV,Petrol,Automatic,North,Rajasthan,Udaipur,1,2426586.07,0.0136,2393555.36,183277.25,Cash
S03537,2024-10-26,C10942,Customer 0942,Toyota,Urban Cruiser Hyryder,Hatchback,Diesel,Manual,West,Maharashtra,Mumbai,1,3780477.55,0.0668,3528031.82,307074.29,UPI
S02821,2024-10-26,C10716,Customer 0716,Tata,Nexon,Hatchback,CNG,Manual,West,Goa,Panaji,1,1493277.25,0.0788,1375673.56,67729.53,Credit Card
S02847,2024-10-26,C10796,Customer 0796,Hyundai,i20,Sedan,Petrol,Automatic,West,Gujarat,Surat,1,777351.39,0.0942,704152.28,51322.23,Credit Card
S03874,2024-10-27,C10557,Customer 0557,Maruti Suzuki,Swift,Sedan,Petrol,Manual,North,Punjab,Ludhiana,1,787557.35,0.0423,754245.88,26398.61,Bank Finance
S03514,2024-10-27,C11137,Customer 1137,Volkswagen,Taigun,SUV,Petrol,Automatic,South,Telangana,Hyderabad,1,3244662.53,0.0456,3096797.9,457075.2,Credit Card
S03000,2024-10-27,C10426,Customer 0426,Toyota,Innova HyCross,MPV,Electric,Automatic,North,Rajasthan,Jodhpur,1,4567490.5,0.0611,4288594.47,586859.5,Cash
S04101,2024-10-28,C11052,Customer 1052,Kia,Seltos,SUV,Hybrid,Automatic,West,Goa,Panaji,1,1508507.8,0.0545,1426225.83,164126.35,Bank Finance
S02914,2024-10-28,C10422,Customer 0422,Mahindra,Thar,SUV,Electric,Manual,West,Goa,Margao,1,1802617.79,0.0465,1718779.82,225182.42,Bank Finance
S00766,2024-10-28,C10707,Customer 0707,Maruti Suzuki,Dzire,Hatchback,CNG,Automatic,North,Delhi,New Delhi,1,1066823.25,0.0639,998662.49,98097.58,UPI
S03377,2024-10-28,C10947,Customer 0947,Honda,Amaze,Sedan,Diesel,Manual,North,Uttar Pradesh,Noida,1,2159795.25,0.0941,1956659.82,160415.42,Credit Card
S04868,2024-10-28,C10991,Customer 0991,Maruti Suzuki,Swift,SUV,Petrol,Automatic,North,Rajasthan,Udaipur,1,949264.12,0.0576,894591.97,52962.32,Bank Finance
S01689,2024-10-29,C10330,Customer 0330,Toyota,Glanza,MPV,CNG,Manual,North,Haryana,Faridabad,1,2380002.01,0.0743,2203166.23,263554.8,UPI
S02772,2024-10-29,C10869,Customer 0869,Toyota,Innova HyCross,Hatchback,Electric,Manual,West,Gujarat,Rajkot,1,1491812.61,0.0684,1389750.82,99724.17,Bank Finance
S00548,2024-10-29,C10946,Customer 0946,Toyota,Glanza,Hatchback,CNG,Manual,South,Karnataka,Mangaluru,1,1567411.46,0.0694,1458637.94,133188.62,Bank Finance
S00909,2024-10-29,C10350,Customer 0350,Maruti Suzuki,Grand Vitara,Hatchback,CNG,Automatic,South,Kerala,Thiruvananthapuram,1,874048.48,0.0243,852806.2,60112.64,Bank Finance
S02761,2024-10-30,C10389,Customer 0389,Mahindra,Scorpio-N,SUV,CNG,Automatic,East,Bihar,Patna,1,1004436.95,0.0465,957737.87,115596.2,Cash
S03073,2024-10-30,C11036,Customer 1036,Toyota,Glanza,SUV,Petrol,Manual,West,Goa,Panaji,1,4040518.16,0.0613,3792776.52,442385.49,Cash
S04066,2024-10-30,C10647,Customer 0647,Hyundai,Creta,SUV,Petrol,Manual,South,Karnataka,Mysuru,1,1532103.85,0.0662,1430646.21,138539.66,UPI
S04305,2024-10-30,C10190,Customer 0190,Kia,Sonet,MPV,Petrol,Automatic,North,Uttar Pradesh,Kanpur,1,1499756.3,0.0635,1404461.26,71604.34,Credit Card
S04717,2024-10-31,C10637,Customer 0637,Honda,City,Sedan,Electric,Automatic,West,Maharashtra,Nashik,1,1312292.54,0.058,1236168.81,140943.13,Cash
S00629,2024-10-31,C10869,Customer 0869,Kia,Seltos,MPV,Petrol,Automatic,West,Goa,Panaji,1,2189872.92,0.0338,2115765.42,405471.4,Credit Card
S00259,2024-11-01,C10094,Customer 0094,Mahindra,XUV700,SUV,Electric,Manual,South,Telangana,Warangal,1,1050827.53,0.054,994046.17,110587.83,Bank Finance
S01968,2024-11-01,C10058,Customer 0058,Tata,Safari,SUV,Diesel,Automatic,North,Haryana,Faridabad,1,1356022.96,0.0,1356022.96,59157.99,Bank Finance
S04800,2024-11-01,C10546,Customer 0546,Toyota,Innova HyCross,Hatchback,Hybrid,Manual,East,West Bengal,Kolkata,1,4040880.67,0.0353,3898056.23,304147.17,Cash
S00756,2024-11-01,C10839,Customer 0839,Toyota,Urban Cruiser Hyryder,SUV,Hybrid,Manual,South,Tamil Nadu,Madurai,1,4932245.36,0.0648,4612623.93,489579.64,Bank Finance
S01106,2024-11-02,C10389,Customer 0389,Tata,Safari,SUV,CNG,Manual,South,Andhra Pradesh,Visakhapatnam,1,1731266.72,0.0507,1643471.14,193189.86,Bank Finance
S04942,2024-11-02,C10431,Customer 0431,Mahindra,Thar,SUV,Petrol,Automatic,North,Haryana,Faridabad,1,1786356.19,0.0437,1708322.49,194394.75,Bank Finance
S03798,2024-11-02,C10187,Customer 0187,Toyota,Urban Cruiser Hyryder,Hatchback,Hybrid,Automatic,North,Uttar Pradesh,Kanpur,1,4963066.11,0.0406,4761319.18,344793.52,Bank Finance
S01409,2024-11-02,C10468,Customer 0468,Volkswagen,Virtus,SUV,Petrol,Automatic,East,Odisha,Cuttack,1,2490177.97,0.052,2360624.68,262482.64,Bank Finance
S00916,2024-11-03,C10406,Customer 0406,Honda,Amaze,SUV,Petrol,Manual,West,Maharashtra,Pune,1,1039155.15,0.0727,963643.97,89230.41,Bank Finance
S01024,2024-11-03,C10587,Customer 0587,Maruti Suzuki,Baleno,Sedan,CNG,Automatic,South,Andhra Pradesh,Visakhapatnam,1,1047108.14,0.0641,979979.47,95455.81,Cash
S02096,2024-11-03,C11116,Customer 1116,Toyota,Urban Cruiser Hyryder,MPV,Electric,Manual,East,Bihar,Patna,1,3289581.21,0.0341,3177406.71,279685.91,Bank Finance
S04654,2024-11-03,C10190,Customer 0190,Kia,Carens,SUV,Petrol,Manual,South,Telangana,Warangal,1,1559302.19,0.0641,1459285.33,154686.3,Credit Card
S04656,2024-11-04,C10541,Customer 0541,Maruti Suzuki,Grand Vitara,Hatchback,Petrol,Manual,North,Punjab,Chandigarh,1,751575.21,0.0495,714357.93,97541.14,Bank Finance
S03878,2024-11-04,C10905,Customer 0905,Honda,Elevate,SUV,Hybrid,Manual,North,Punjab,Amritsar,1,1735832.06,0.055,1640379.08,163303.15,Cash
S01234,2024-11-04,C10530,Customer 0530,Kia,Seltos,SUV,Diesel,Automatic,West,Gujarat,Ahmedabad,1,1746490.21,0.0773,1611562.96,173376.43,Bank Finance
S03026,2024-11-04,C11022,Customer 1022,Kia,Sonet,MPV,Petrol,Manual,East,Odisha,Bhubaneswar,1,1462272.68,0.0391,1405145.79,103823.51,Bank Finance
S04992,2024-11-05,C10609,Customer 0609,Kia,Carens,SUV,Hybrid,Automatic,North,Haryana,Faridabad,1,1690355.25,0.0584,1591689.29,178877.41,Bank Finance
S00570,2024-11-07,C11095,Customer 1095,Maruti Suzuki,Dzire,SUV,CNG,Automatic,West,Maharashtra,Mumbai,1,1092145.05,0.0543,1032886.55,56259.25,UPI
S04150,2024-11-07,C10445,Customer 0445,Toyota,Innova HyCross,SUV,Hybrid,Manual,North,Delhi,New Delhi,1,1691940.23,0.047,1612357.74,82074.8,UPI
S01804,2024-11-07,C10752,Customer 0752,Honda,Elevate,SUV,Petrol,Automatic,North,Punjab,Chandigarh,1,1472172.53,0.051,1397036.92,225845.52,UPI
S04794,2024-11-07,C10771,Customer 0771,Hyundai,Creta,Hatchback,Diesel,Automatic,South,Tamil Nadu,Coimbatore,1,743854.45,0.048,708166.67,74156.47,Bank Finance
S00145,2024-11-09,C11189,Customer 1189,Toyota,Fortuner,SUV,CNG,Manual,North,Punjab,Chandigarh,1,1120125.17,0.0471,1067409.98,103675.6,Credit Card
S03125,2024-11-09,C10499,Customer 0499,Maruti Suzuki,Dzire,SUV,Petrol,Manual,West,Gujarat,Surat,1,1215724.96,0.0526,1151832.02,74974.68,Bank Finance
S04737,2024-11-09,C10848,Customer 0848,Maruti Suzuki,Grand Vitara,SUV,Electric,Manual,South,Karnataka,Bengaluru,1,829320.46,0.0656,774934.62,65668.84,Bank Finance
S03520,2024-11-09,C11054,Customer 1054,Maruti Suzuki,Baleno,Hatchback,Petrol,Manual,South,Kerala,Kochi,1,1530077.21,0.0352,1476266.38,53314.22,Credit Card
S03851,2024-11-09,C10389,Customer 0389,Mahindra,XUV 3XO,SUV,CNG,Manual,West,Maharashtra,Mumbai,1,1496281.73,0.0601,1406350.31,127921.24,Cash
S00935,2024-11-09,C10315,Customer 0315,Maruti Suzuki,Brezza,Hatchback,Petrol,Manual,South,Andhra Pradesh,Vijayawada,1,683995.08,0.0771,631237.85,44296.49,Bank Finance
S03677,2024-11-10,C10982,Customer 0982,Mahindra,Thar,SUV,Diesel,Automatic,South,Telangana,Hyderabad,1,2082315.08,0.028,2023949.05,198082.76,Bank Finance
S03803,2024-11-10,C10417,Customer 0417,Hyundai,Exter,Sedan,Hybrid,Automatic,South,Telangana,Hyderabad,1,853158.11,0.0717,791968.65,91108.77,Bank Finance
S01082,2024-11-10,C10587,Customer 0587,Mahindra,Bolero,SUV,Petrol,Automatic,West,Gujarat,Rajkot,1,2037933.12,0.0686,1898139.05,269712.73,Credit Card
S02799,2024-11-10,C10013,Customer 0013,Tata,Harrier,SUV,CNG,Manual,North,Uttar Pradesh,Noida,1,718776.14,0.0433,687662.0,76072.3,Bank Finance
S02416,2024-11-11,C10187,Customer 0187,Hyundai,Creta,SUV,CNG,Automatic,East,West Bengal,Siliguri,1,814953.77,0.0556,769679.22,48471.49,Cash
S00045,2024-11-11,C10656,Customer 0656,Tata,Safari,SUV,CNG,Automatic,North,Uttar Pradesh,Kanpur,1,1896431.73,0.0753,1753568.91,246285.81,Bank Finance
S00673,2024-11-11,C10005,Customer 0005,Kia,Carens,SUV,Hybrid,Manual,West,Goa,Panaji,1,908979.95,0.0373,875033.8,47488.96,UPI
S01869,2024-11-12,C10703,Customer 0703,Tata,Altroz,Hatchback,Electric,Automatic,South,Andhra Pradesh,Vijayawada,1,1677944.81,0.0875,1531161.84,163252.14,UPI
S01535,2024-11-12,C10534,Customer 0534,Volkswagen,Tiguan,SUV,Diesel,Manual,West,Maharashtra,Thane,1,3108267.41,0.1023,2790402.19,207410.41,Bank Finance
S00018,2024-11-12,C10749,Customer 0749,Honda,City,SUV,Diesel,Manual,West,Gujarat,Ahmedabad,1,1182974.34,0.1165,1045114.16,81120.29,Bank Finance
S02946,2024-11-13,C10688,Customer 0688,Toyota,Innova HyCross,MPV,Diesel,Automatic,South,Tamil Nadu,Coimbatore,1,4323331.22,0.0279,4202557.04,596353.94,Bank Finance
S03196,2024-11-13,C10124,Customer 0124,Toyota,Innova HyCross,MPV,Petrol,Manual,North,Punjab,Chandigarh,1,4106385.25,0.1037,3680466.51,333823.87,UPI
S01401,2024-11-13,C10984,Customer 0984,Hyundai,Exter,Sedan,Hybrid,Manual,South,Karnataka,Mysuru,1,1370252.0,0.0584,1290284.83,133451.48,Credit Card
S04835,2024-11-14,C10661,Customer 0661,Kia,Seltos,MPV,Petrol,Automatic,East,Odisha,Cuttack,1,1022155.08,0.0667,953927.11,69784.73,Bank Finance
S03280,2024-11-15,C10884,Customer 0884,Tata,Safari,SUV,Electric,Automatic,West,Gujarat,Rajkot,1,1630883.2,0.0997,1468344.49,51392.06,Bank Finance
S04136,2024-11-15,C10988,Customer 0988,Volkswagen,Taigun,SUV,Diesel,Automatic,South,Kerala,Kochi,1,3424841.44,0.01,3390577.67,426937.01,Bank Finance
S00664,2024-11-16,C10717,Customer 0717,Toyota,Urban Cruiser Hyryder,SUV,Electric,Manual,West,Gujarat,Rajkot,1,1623084.07,0.1019,1457701.38,107772.17,UPI
S03948,2024-11-16,C10325,Customer 0325,Honda,Elevate,SUV,CNG,Automatic,North,Punjab,Amritsar,1,1530656.83,0.0462,1459924.58,133194.34,Bank Finance
S02410,2024-11-16,C10985,Customer 0985,Tata,Harrier,SUV,Electric,Automatic,East,Bihar,Gaya,1,610538.26,0.0451,583024.35,50127.86,Credit Card
S00821,2024-11-17,C10481,Customer 0481,Hyundai,Venue,SUV,Petrol,Manual,West,Goa,Margao,1,717451.85,0.0388,689613.34,51225.93,Bank Finance
S01041,2024-11-17,C10579,Customer 0579,Honda,Amaze,Sedan,Diesel,Manual,West,Gujarat,Ahmedabad,1,1332465.62,0.0818,1223524.13,212274.35,Cash
S01012,2024-11-17,C10196,Customer 0196,Mahindra,Thar,SUV,Petrol,Automatic,West,Gujarat,Vadodara,1,1004190.88,0.0275,976611.53,127498.93,Cash
S02131,2024-11-18,C10403,Customer 0403,Volkswagen,Virtus,SUV,Petrol,Manual,West,Maharashtra,Nagpur,1,2104530.44,0.1092,1874679.07,232898.32,Bank Finance
S03941,2024-11-18,C10831,Customer 0831,Mahindra,Scorpio-N,SUV,Diesel,Manual,North,Haryana,Gurugram,1,2331864.26,0.0315,2258516.38,238109.36,Bank Finance
S04990,2024-11-18,C10892,Customer 0892,Tata,Safari,SUV,Electric,Automatic,West,Gujarat,Surat,1,1699883.34,0.0684,1583531.23,180811.62,Bank Finance
S01783,2024-11-18,C11194,Customer 1194,Hyundai,Exter,Hatchback,Petrol,Automatic,East,Odisha,Cuttack,1,990855.24,0.0696,921864.06,111576.82,Bank Finance
S02642,2024-11-19,C10583,Customer 0583,Volkswagen,Tiguan,SUV,Petrol,Automatic,North,Haryana,Faridabad,1,3038193.43,0.0499,2886570.71,425412.49,Bank Finance
S02945,2024-11-19,C10007,Customer 0007,Hyundai,Exter,SUV,Electric,Automatic,East,Bihar,Gaya,1,1363814.58,0.0476,1298850.81,195556.19,UPI
S02925,2024-11-20,C10423,Customer 0423,Tata,Harrier,SUV,Hybrid,Automatic,South,Telangana,Hyderabad,1,900225.2,0.0319,871551.69,75907.51,Credit Card
S04534,2024-11-20,C11121,Customer 1121,Volkswagen,Taigun,Sedan,Diesel,Manual,East,Jharkhand,Ranchi,1,1953871.61,0.0475,1861021.28,112641.46,Bank Finance
S02750,2024-11-20,C11062,Customer 1062,Honda,City,Sedan,Electric,Automatic,South,Kerala,Thiruvananthapuram,1,1172557.28,0.018,1151463.66,214176.38,Bank Finance
S03327,2024-11-20,C10395,Customer 0395,Hyundai,i20,SUV,Hybrid,Manual,West,Goa,Margao,1,1510643.67,0.1139,1338523.3,62060.2,Bank Finance
S02490,2024-11-21,C10260,Customer 0260,Maruti Suzuki,Swift,SUV,CNG,Manual,South,Telangana,Warangal,1,1265216.86,0.0217,1237749.62,136683.09,UPI
S04930,2024-11-21,C10518,Customer 0518,Hyundai,Venue,SUV,Petrol,Manual,South,Andhra Pradesh,Visakhapatnam,1,930057.19,0.081,854714.7,94683.31,Bank Finance
S02899,2024-11-21,C10667,Customer 0667,Honda,City,Sedan,CNG,Automatic,South,Kerala,Kochi,1,1508442.42,0.0615,1415744.75,111083.15,Cash
S04006,2024-11-22,C10174,Customer 0174,Maruti Suzuki,Brezza,Hatchback,Diesel,Automatic,West,Goa,Panaji,1,1148156.61,0.0501,1090662.09,142802.35,Cash
S03038,2024-11-22,C10714,Customer 0714,Tata,Harrier,Hatchback,Petrol,Manual,West,Gujarat,Rajkot,1,1346897.79,0.0652,1259100.19,139752.31,UPI
S01742,2024-11-22,C10025,Customer 0025,Kia,Seltos,SUV,Petrol,Manual,East,Odisha,Cuttack,1,1354200.55,0.108,1207950.96,138209.7,Bank Finance
S03427,2024-11-22,C10370,Customer 0370,Mahindra,XUV 3XO,SUV,Petrol,Automatic,North,Haryana,Faridabad,1,1342934.16,0.0646,1256244.08,161155.65,Bank Finance
S02843,2024-11-22,C10804,Customer 0804,Hyundai,Exter,Sedan,Hybrid,Automatic,East,Bihar,Gaya,1,898562.26,0.0323,869557.48,95950.99,Bank Finance
S02884,2024-11-22,C11124,Customer 1124,Tata,Harrier,SUV,Diesel,Automatic,South,Kerala,Thiruvananthapuram,1,2332159.77,0.0354,2249621.27,136064.53,Bank Finance
S00271,2024-11-22,C10783,Customer 0783,Toyota,Innova HyCross,SUV,Diesel,Manual,West,Gujarat,Vadodara,1,1378294.14,0.0542,1303597.43,155714.68,Bank Finance
S04865,2024-11-23,C10349,Customer 0349,Tata,Nexon,SUV,Petrol,Automatic,North,Punjab,Chandigarh,1,1884685.29,0.0442,1801414.83,290486.49,Credit Card
S04270,2024-11-23,C10458,Customer 0458,Honda,Elevate,Sedan,Petrol,Manual,West,Gujarat,Ahmedabad,1,1891595.05,0.029,1836773.75,205335.7,UPI
S02647,2024-11-23,C10573,Customer 0573,Mahindra,Thar,SUV,Petrol,Automatic,North,Delhi,New Delhi,1,1839979.9,0.0486,1750493.82,234360.28,Bank Finance
S00843,2024-11-23,C10932,Customer 0932,Honda,Amaze,SUV,CNG,Manual,East,West Bengal,Kolkata,1,1758299.24,0.0611,1650942.9,178225.34,UPI
S02476,2024-11-24,C10260,Customer 0260,Volkswagen,Tiguan,SUV,Diesel,Manual,West,Maharashtra,Pune,1,2929580.13,0.0837,2684367.54,157051.94,UPI
S04170,2024-11-24,C10161,Customer 0161,Toyota,Glanza,SUV,Petrol,Manual,North,Punjab,Chandigarh,1,1301580.86,0.0641,1218204.64,113260.39,Bank Finance
S04555,2024-11-24,C10193,Customer 0193,Maruti Suzuki,Swift,SUV,CNG,Manual,North,Rajasthan,Udaipur,1,1334242.64,0.0656,1246677.69,109042.46,Bank Finance
S04228,2024-11-24,C10960,Customer 0960,Honda,City,Sedan,Diesel,Manual,South,Karnataka,Mysuru,1,1404306.99,0.0619,1317372.58,130195.64,Bank Finance
S01228,2024-11-25,C10693,Customer 0693,Toyota,Fortuner,MPV,Electric,Automatic,West,Goa,Panaji,1,3838186.16,0.072,3561798.24,587597.71,Credit Card
S03531,2024-11-25,C11105,Customer 1105,Maruti Suzuki,Swift,Sedan,Diesel,Automatic,North,Rajasthan,Jodhpur,1,1334326.8,0.0942,1208614.59,92394.81,UPI
S00226,2024-11-26,C10350,Customer 0350,Tata,Harrier,SUV,CNG,Automatic,East,West Bengal,Kolkata,1,2248188.06,0.0956,2033259.74,187263.78,Bank Finance
S01196,2024-11-26,C10287,Customer 0287,Mahindra,Thar,SUV,Hybrid,Automatic,South,Kerala,Kochi,1,1683199.92,0.046,1605711.78,212192.98,Bank Finance
S01381,2024-11-26,C11183,Customer 1183,Hyundai,Creta,Hatchback,Diesel,Automatic,North,Rajasthan,Jodhpur,1,1383534.49,0.0412,1326576.77,156585.97,UPI
S01536,2024-11-26,C10905,Customer 0905,Maruti Suzuki,Brezza,SUV,Petrol,Automatic,South,Telangana,Hyderabad,1,932803.29,0.0053,927880.45,55483.76,Bank Finance
S04363,2024-11-26,C10783,Customer 0783,Honda,Elevate,SUV,Petrol,Manual,South,Telangana,Hyderabad,1,1624494.9,0.061,1525373.8,62174.65,Bank Finance
S03696,2024-11-27,C10604,Customer 0604,Honda,City,SUV,Electric,Manual,West,Gujarat,Vadodara,1,1642019.21,0.0924,1490303.16,101649.71,Credit Card
S04255,2024-11-27,C10062,Customer 0062,Kia,Carens,SUV,Electric,Automatic,West,Goa,Margao,1,1762320.46,0.0526,1669605.68,83243.71,Credit Card
S02228,2024-11-27,C10276,Customer 0276,Hyundai,Venue,Sedan,Petrol,Automatic,South,Telangana,Warangal,1,1828101.05,0.0393,1756229.49,317950.92,Credit Card
S02558,2024-11-27,C10169,Customer 0169,Honda,City,Sedan,Diesel,Automatic,West,Maharashtra,Mumbai,1,1667588.36,0.0602,1567212.05,147192.63,Cash
S03991,2024-11-28,C10532,Customer 0532,Honda,Amaze,Sedan,Petrol,Automatic,South,Karnataka,Mysuru,1,1364995.64,0.0426,1306882.26,101764.98,Bank Finance
S00522,2024-11-28,C11046,Customer 1046,Hyundai,Verna,Hatchback,Diesel,Automatic,West,Goa,Panaji,1,1781539.46,0.0439,1703349.07,196367.4,UPI
S04186,2024-11-28,C10081,Customer 0081,Honda,Amaze,Sedan,Hybrid,Manual,West,Goa,Panaji,1,1883461.8,0.105,1685650.89,180296.29,UPI
S02989,2024-11-28,C11046,Customer 1046,Hyundai,Exter,Hatchback,Electric,Automatic,East,Jharkhand,Ranchi,1,1405514.54,0.0522,1332188.86,76354.65,Cash
S03583,2024-11-29,C10416,Customer 0416,Maruti Suzuki,Brezza,SUV,Petrol,Automatic,West,Maharashtra,Pune,1,1748501.09,0.0644,1635923.82,205539.09,Cash
S02434,2024-11-29,C10220,Customer 0220,Volkswagen,Taigun,Sedan,Petrol,Automatic,South,Kerala,Thiruvananthapuram,1,1984175.87,0.0753,1834675.4,217349.66,Bank Finance
S01216,2024-11-29,C10626,Customer 0626,Mahindra,Bolero,SUV,CNG,Automatic,West,Goa,Panaji,1,1480305.89,0.017,1455081.11,147992.07,Credit Card
S02471,2024-11-29,C10562,Customer 0562,Volkswagen,Taigun,Sedan,CNG,Automatic,North,Rajasthan,Jaipur,1,2987993.23,0.094,2707052.66,426426.12,Bank Finance
S00871,2024-11-30,C10011,Customer 0011,Toyota,Fortuner,Hatchback,Petrol,Manual,South,Karnataka,Mangaluru,1,2396836.89,0.0,2396836.89,191456.38,Cash
S01421,2024-11-30,C10652,Customer 0652,Honda,Amaze,Sedan,CNG,Manual,East,West Bengal,Kolkata,1,1592446.46,0.0776,1468933.71,215121.8,Bank Finance
S00413,2024-11-30,C10049,Customer 0049,Hyundai,Venue,Sedan,Electric,Manual,North,Delhi,New Delhi,1,1292409.47,0.0107,1278580.35,115726.97,UPI
S02340,2024-12-01,C10354,Customer 0354,Kia,Seltos,MPV,Petrol,Manual,North,Uttar Pradesh,Lucknow,1,2306656.24,0.0891,2101051.38,94481.6,Bank Finance
S02047,2024-12-01,C10002,Customer 0002,Mahindra,XUV700,SUV,Hybrid,Manual,West,Maharashtra,Pune,1,1630606.12,0.08,1500099.75,95733.96,Bank Finance
S01044,2024-12-01,C11036,Customer 1036,Tata,Safari,Hatchback,Petrol,Manual,North,Delhi,New Delhi,1,1318598.29,0.0535,1247991.47,176708.31,Bank Finance
S04983,2024-12-01,C10186,Customer 0186,Toyota,Urban Cruiser Hyryder,MPV,Petrol,Manual,West,Maharashtra,Thane,1,2582506.76,0.0264,2514335.66,361224.79,Bank Finance
S02212,2024-12-01,C10702,Customer 0702,Volkswagen,Taigun,Sedan,Electric,Automatic,North,Punjab,Chandigarh,1,1515899.93,0.0189,1487188.53,164576.0,Bank Finance
S03200,2024-12-01,C10493,Customer 0493,Hyundai,i20,Sedan,Electric,Manual,South,Tamil Nadu,Coimbatore,1,1401721.42,0.049,1333091.39,71403.13,Credit Card
S04841,2024-12-02,C10403,Customer 0403,Toyota,Fortuner,SUV,CNG,Manual,West,Gujarat,Rajkot,1,4299074.01,0.0517,4076612.83,399787.57,Bank Finance
S03513,2024-12-02,C10892,Customer 0892,Hyundai,Venue,Hatchback,CNG,Manual,South,Kerala,Kochi,1,665607.9,0.0336,643220.64,58877.35,Credit Card
S03198,2024-12-02,C10914,Customer 0914,Mahindra,XUV700,SUV,Diesel,Automatic,West,Maharashtra,Pune,1,1552524.89,0.0997,1397701.13,160990.07,Bank Finance
S01693,2024-12-02,C10200,Customer 0200,Volkswagen,Tiguan,SUV,Electric,Manual,West,Maharashtra,Thane,1,2216061.3,0.0849,2027888.34,322460.15,Bank Finance
S04430,2024-12-02,C10852,Customer 0852,Mahindra,Bolero,SUV,Petrol,Manual,South,Telangana,Hyderabad,1,1911191.53,0.0351,1844040.31,191457.02,Cash
S03297,2024-12-02,C10916,Customer 0916,Mahindra,Scorpio-N,SUV,Diesel,Manual,South,Karnataka,Mangaluru,1,1669819.59,0.0832,1530814.34,101345.57,Cash
S01494,2024-12-03,C10209,Customer 0209,Volkswagen,Tiguan,Sedan,Electric,Automatic,East,Bihar,Patna,1,1472086.38,0.0751,1361501.09,54574.06,Bank Finance
S01526,2024-12-04,C10423,Customer 0423,Hyundai,Creta,SUV,Electric,Automatic,West,Gujarat,Ahmedabad,1,1029759.46,0.0738,953813.04,111481.99,Credit Card
S02664,2024-12-04,C10394,Customer 0394,Volkswagen,Taigun,SUV,Petrol,Automatic,West,Goa,Panaji,1,1603321.14,0.0271,1559939.92,78805.81,Cash
S04596,2024-12-04,C10303,Customer 0303,Maruti Suzuki,Brezza,Sedan,CNG,Manual,North,Uttar Pradesh,Noida,1,1545866.92,0.0438,1478104.56,238045.31,Credit Card
S00059,2024-12-04,C10717,Customer 0717,Toyota,Glanza,MPV,Petrol,Automatic,East,West Bengal,Kolkata,1,5152035.82,0.1097,4586989.4,583262.0,UPI
S02479,2024-12-04,C10367,Customer 0367,Maruti Suzuki,Baleno,SUV,Electric,Manual,East,Odisha,Bhubaneswar,1,873249.02,0.0466,832586.07,95175.39,UPI
S02475,2024-12-04,C11101,Customer 1101,Hyundai,Venue,Hatchback,Petrol,Automatic,East,Odisha,Cuttack,1,1410818.42,0.0435,1349464.8,202761.3,Bank Finance
S02627,2024-12-06,C10255,Customer 0255,Kia,Seltos,MPV,Petrol,Automatic,North,Punjab,Ludhiana,1,1314793.14,0.0633,1231539.96,81838.77,Credit Card
S04232,2024-12-06,C10709,Customer 0709,Tata,Harrier,SUV,Petrol,Manual,South,Karnataka,Mangaluru,1,1560757.7,0.0441,1491906.89,139913.43,Bank Finance
S02695,2024-12-06,C10304,Customer 0304,Kia,Sonet,SUV,Petrol,Automatic,West,Maharashtra,Pune,1,1169453.92,0.0315,1132621.07,91737.13,UPI
S01668,2024-12-07,C10345,Customer 0345,Mahindra,XUV700,SUV,Hybrid,Manual,North,Punjab,Chandigarh,1,1533570.7,0.1141,1358619.4,190804.84,Bank Finance
S03523,2024-12-08,C11117,Customer 1117,Hyundai,Exter,Hatchback,Diesel,Automatic,West,Maharashtra,Mumbai,1,789819.86,0.0841,723404.48,75270.45,Cash
S03252,2024-12-08,C10596,Customer 0596,Tata,Harrier,Hatchback,CNG,Manual,South,Kerala,Kochi,1,1483301.06,0.0732,1374789.33,168708.38,Bank Finance
S03687,2024-12-08,C10228,Customer 0228,Honda,Elevate,SUV,CNG,Manual,South,Telangana,Hyderabad,1,1601351.54,0.0686,1491496.12,164651.12,UPI
S01191,2024-12-09,C10350,Customer 0350,Hyundai,Creta,Sedan,Petrol,Manual,North,Rajasthan,Jodhpur,1,802662.1,0.047,764919.16,86533.5,Bank Finance
S01567,2024-12-09,C10497,Customer 0497,Tata,Harrier,SUV,CNG,Automatic,South,Telangana,Hyderabad,1,1329115.22,0.0752,1229143.94,167234.87,Credit Card
S00277,2024-12-10,C10762,Customer 0762,Hyundai,Creta,Hatchback,CNG,Automatic,South,Telangana,Warangal,1,1045062.49,0.0496,993273.58,198654.72,Bank Finance
S00580,2024-12-10,C10377,Customer 0377,Hyundai,Creta,Hatchback,Diesel,Manual,North,Rajasthan,Udaipur,1,1010914.12,0.0842,925747.55,67670.69,Credit Card
S02359,2024-12-10,C10802,Customer 0802,Maruti Suzuki,Dzire,SUV,Diesel,Automatic,North,Haryana,Faridabad,1,1080386.48,0.0778,996280.43,121524.43,UPI
S00511,2024-12-10,C11137,Customer 1137,Maruti Suzuki,Dzire,SUV,Petrol,Manual,South,Andhra Pradesh,Vijayawada,1,1221170.32,0.0893,1112103.19,188420.09,Credit Card
S02033,2024-12-11,C10165,Customer 0165,Volkswagen,Taigun,Sedan,Diesel,Manual,South,Tamil Nadu,Madurai,1,2064330.8,0.1225,1811423.44,189029.73,Bank Finance
S04374,2024-12-11,C10133,Customer 0133,Kia,Sonet,SUV,Electric,Manual,West,Maharashtra,Pune,1,2073136.27,0.0344,2001836.68,188287.34,Bank Finance
S03824,2024-12-12,C10294,Customer 0294,Honda,Elevate,Sedan,Electric,Automatic,South,Kerala,Kochi,1,1386864.69,0.0593,1304681.12,127009.49,Bank Finance
S00755,2024-12-12,C10104,Customer 0104,Kia,Seltos,SUV,Diesel,Automatic,West,Gujarat,Ahmedabad,1,2261097.58,0.0619,2121076.1,217630.22,Credit Card
S04507,2024-12-12,C10006,Customer 0006,Hyundai,Creta,Sedan,Diesel,Automatic,South,Telangana,Warangal,1,1950077.57,0.0632,1826904.49,202633.42,Bank Finance
S02104,2024-12-12,C11159,Customer 1159,Mahindra,Bolero,SUV,Petrol,Automatic,North,Haryana,Faridabad,1,1757106.8,0.0399,1686965.88,236951.1,Bank Finance
S04514,2024-12-12,C10668,Customer 0668,Hyundai,Venue,Hatchback,Diesel,Automatic,South,Kerala,Kochi,1,833529.05,0.0132,822506.61,78577.01,Bank Finance
S03213,2024-12-13,C10124,Customer 0124,Volkswagen,Taigun,SUV,Petrol,Automatic,South,Andhra Pradesh,Vijayawada,1,2560211.78,0.0739,2370991.1,182631.32,Bank Finance
S02636,2024-12-13,C10678,Customer 0678,Maruti Suzuki,Dzire,Sedan,Electric,Manual,East,Jharkhand,Ranchi,1,783968.04,0.0728,726917.17,65089.44,Credit Card
S00881,2024-12-13,C10664,Customer 0664,Volkswagen,Taigun,Sedan,Diesel,Automatic,West,Gujarat,Ahmedabad,1,3460295.22,0.0189,3395020.07,267777.02,Bank Finance
S00462,2024-12-14,C10333,Customer 0333,Toyota,Fortuner,MPV,Diesel,Manual,North,Delhi,New Delhi,1,1052108.95,0.0318,1018690.69,136113.5,Cash
S03387,2024-12-15,C10631,Customer 0631,Hyundai,Exter,Hatchback,Petrol,Automatic,South,Karnataka,Bengaluru,1,1115284.2,0.0183,1094928.38,53528.14,Bank Finance
S03355,2024-12-15,C10715,Customer 0715,Honda,Elevate,Sedan,Hybrid,Automatic,South,Karnataka,Bengaluru,1,963852.46,0.0663,899979.84,88091.32,Bank Finance
S02087,2024-12-15,C10877,Customer 0877,Tata,Nexon,SUV,Electric,Automatic,North,Uttar Pradesh,Noida,1,1811497.31,0.0477,1725007.39,61995.22,Bank Finance
S02593,2024-12-15,C11001,Customer 1001,Tata,Nexon,SUV,Diesel,Automatic,West,Maharashtra,Pune,1,1417524.85,0.0713,1316499.73,97496.64,Bank Finance
S01695,2024-12-16,C10239,Customer 0239,Tata,Harrier,Hatchback,Electric,Automatic,East,Bihar,Patna,1,714006.01,0.0466,680699.93,95985.51,Cash
S03167,2024-12-16,C10426,Customer 0426,Tata,Punch,SUV,CNG,Automatic,North,Punjab,Amritsar,1,1095001.56,0.0575,1032055.24,176543.88,Bank Finance
S02058,2024-12-16,C10985,Customer 0985,Maruti Suzuki,Baleno,SUV,Diesel,Automatic,South,Karnataka,Mysuru,1,1142882.64,0.0328,1105449.48,155358.52,UPI
S01219,2024-12-16,C10990,Customer 0990,Kia,Carens,MPV,Diesel,Manual,East,Jharkhand,Ranchi,1,1708272.5,0.0804,1570886.18,113067.08,Credit Card
S01171,2024-12-16,C10383,Customer 0383,Tata,Nexon,Hatchback,Electric,Automatic,South,Andhra Pradesh,Vijayawada,1,1667899.42,0.0607,1566728.62,110169.7,Credit Card
S03709,2024-12-16,C10291,Customer 0291,Kia,Seltos,MPV,Electric,Automatic,East,Bihar,Gaya,1,1698588.97,0.0692,1581006.64,167729.11,Bank Finance
S00165,2024-12-16,C10730,Customer 0730,Maruti Suzuki,Dzire,Hatchback,Diesel,Automatic,North,Uttar Pradesh,Noida,1,1214468.29,0.084,1112508.52,117467.09,UPI
S04447,2024-12-16,C10144,Customer 0144,Maruti Suzuki,Brezza,SUV,Electric,Automatic,West,Gujarat,Vadodara,1,1406371.75,0.0493,1337067.62,94948.12,Cash
S03630,2024-12-17,C10291,Customer 0291,Hyundai,Verna,Hatchback,Petrol,Manual,South,Karnataka,Bengaluru,1,1683812.82,0.0671,1570757.37,128225.36,Bank Finance
S04231,2024-12-17,C10016,Customer 0016,Volkswagen,Virtus,Sedan,Diesel,Automatic,North,Delhi,New Delhi,1,3411670.15,0.0617,3201315.44,366528.31,Cash
S00705,2024-12-18,C10419,Customer 0419,Kia,Sonet,MPV,Electric,Automatic,South,Andhra Pradesh,Vijayawada,1,2046371.09,0.0703,1902572.86,283646.22,UPI
S00708,2024-12-18,C10702,Customer 0702,Toyota,Innova HyCross,MPV,Petrol,Automatic,West,Maharashtra,Mumbai,1,4082059.37,0.0789,3760102.77,410873.09,Bank Finance
S04320,2024-12-18,C10672,Customer 0672,Honda,City,SUV,Petrol,Automatic,West,Maharashtra,Mumbai,1,1774462.08,0.0975,1601392.9,204291.52,Cash
S03138,2024-12-19,C10442,Customer 0442,Kia,Carens,MPV,Hybrid,Manual,East,Odisha,Bhubaneswar,1,2069433.18,0.0585,1948455.24,68195.93,Bank Finance
S00666,2024-12-19,C10810,Customer 0810,Maruti Suzuki,Dzire,SUV,Diesel,Manual,East,Bihar,Gaya,1,1233675.78,0.0487,1173595.87,132345.57,Cash
S00232,2024-12-19,C10643,Customer 0643,Maruti Suzuki,Grand Vitara,Hatchback,Petrol,Automatic,North,Delhi,New Delhi,1,1673408.65,0.0698,1556672.85,169998.69,UPI
S03778,2024-12-19,C10114,Customer 0114,Toyota,Innova HyCross,MPV,Diesel,Automatic,West,Gujarat,Surat,1,3074918.88,0.0387,2955779.55,206308.6,Bank Finance
S04629,2024-12-20,C10370,Customer 0370,Hyundai,Verna,Sedan,Petrol,Automatic,East,Odisha,Cuttack,1,1469002.24,0.0677,1369582.93,135775.5,Cash
S00212,2024-12-20,C11187,Customer 1187,Mahindra,Scorpio-N,SUV,Petrol,Manual,South,Andhra Pradesh,Visakhapatnam,1,1543045.06,0.0434,1476036.01,200101.38,Bank Finance
S04236,2024-12-21,C10426,Customer 0426,Hyundai,i20,SUV,CNG,Manual,East,Bihar,Gaya,1,861767.13,0.0712,800419.48,59543.85,Credit Card
S02519,2024-12-21,C10760,Customer 0760,Volkswagen,Taigun,Sedan,CNG,Manual,West,Goa,Panaji,1,2910210.79,0.0559,2747675.11,379314.48,Bank Finance
S01683,2024-12-21,C10090,Customer 0090,Toyota,Glanza,SUV,Petrol,Automatic,South,Andhra Pradesh,Vijayawada,1,4515165.56,0.0687,4204857.88,414778.75,Bank Finance
S01570,2024-12-21,C10481,Customer 0481,Toyota,Glanza,Hatchback,CNG,Manual,North,Haryana,Faridabad,1,2217955.81,0.08,2040501.0,198990.37,UPI
S02065,2024-12-21,C10356,Customer 0356,Hyundai,i20,Sedan,CNG,Automatic,East,West Bengal,Kolkata,1,871445.7,0.0616,817784.81,39562.97,Credit Card
S01625,2024-12-22,C10878,Customer 0878,Maruti Suzuki,Swift,Hatchback,Petrol,Manual,South,Kerala,Kochi,1,1386167.5,0.0706,1288357.66,124925.25,UPI
S02086,2024-12-22,C10601,Customer 0601,Hyundai,Creta,Hatchback,Petrol,Automatic,South,Andhra Pradesh,Visakhapatnam,1,1195494.89,0.0667,1115803.17,44805.26,Bank Finance
S03420,2024-12-22,C10193,Customer 0193,Maruti Suzuki,Brezza,Hatchback,Diesel,Manual,North,Delhi,New Delhi,1,1265519.65,0.0885,1153578.22,172652.73,Bank Finance
S02455,2024-12-23,C10185,Customer 0185,Tata,Harrier,SUV,Petrol,Automatic,West,Gujarat,Surat,1,1165223.61,0.0651,1089339.19,78828.82,Bank Finance
S01575,2024-12-23,C10431,Customer 0431,Kia,Carens,MPV,Diesel,Manual,West,Gujarat,Rajkot,1,2586966.31,0.1174,2283138.69,254362.75,Bank Finance
S04137,2024-12-23,C10240,Customer 0240,Kia,Seltos,SUV,Electric,Manual,East,West Bengal,Kolkata,1,1945409.74,0.0355,1876434.08,182699.27,Credit Card
S04532,2024-12-23,C10884,Customer 0884,Hyundai,i20,Sedan,Hybrid,Manual,North,Delhi,New Delhi,1,1224147.55,0.0891,1115025.09,171456.31,UPI
S04902,2024-12-23,C10691,Customer 0691,Toyota,Glanza,SUV,Electric,Automatic,West,Goa,Margao,1,1120034.41,0.0305,1085878.61,110615.62,Bank Finance
S02263,2024-12-23,C10250,Customer 0250,Hyundai,Verna,Hatchback,Electric,Manual,South,Andhra Pradesh,Visakhapatnam,1,1628787.51,0.0171,1600986.82,109018.31,Bank Finance
S03301,2024-12-23,C10852,Customer 0852,Toyota,Urban Cruiser Hyryder,MPV,Petrol,Automatic,South,Kerala,Thiruvananthapuram,1,5319042.58,0.0946,4815842.41,364282.69,Credit Card
S00361,2024-12-23,C10487,Customer 0487,Tata,Safari,Hatchback,Electric,Manual,East,Jharkhand,Ranchi,1,1431761.67,0.0519,1357519.71,72200.13,Bank Finance
S02576,2024-12-23,C10695,Customer 0695,Tata,Altroz,SUV,Electric,Automatic,East,West Bengal,Siliguri,1,1344136.23,0.021,1315941.05,46057.94,Bank Finance
S03408,2024-12-24,C10324,Customer 0324,Hyundai,Verna,Hatchback,Petrol,Manual,North,Uttar Pradesh,Lucknow,1,1366340.19,0.0807,1256093.06,148189.91,Bank Finance
S02204,2024-12-24,C10412,Customer 0412,Kia,Seltos,SUV,CNG,Manual,West,Gujarat,Rajkot,1,1630331.05,0.0532,1543672.66,252263.05,Cash
S04477,2024-12-25,C10326,Customer 0326,Volkswagen,Virtus,Sedan,Petrol,Manual,East,Jharkhand,Ranchi,1,2683017.37,0.0258,2613765.94,320158.33,UPI
S03362,2024-12-25,C10865,Customer 0865,Kia,Seltos,SUV,Petrol,Manual,North,Rajasthan,Jodhpur,1,1448447.55,0.0651,1354190.25,116384.21,Bank Finance
S02082,2024-12-25,C11105,Customer 1105,Mahindra,Scorpio-N,SUV,Petrol,Automatic,West,Gujarat,Vadodara,1,1226532.85,0.0689,1142068.7,62526.11,UPI
S03393,2024-12-25,C10642,Customer 0642,Toyota,Urban Cruiser Hyryder,SUV,Hybrid,Automatic,West,Maharashtra,Nagpur,1,5077119.45,0.0674,4734841.42,353270.56,Credit Card
S00718,2024-12-26,C10839,Customer 0839,Maruti Suzuki,Grand Vitara,Sedan,Petrol,Automatic,South,Telangana,Warangal,1,1005762.99,0.0523,953188.03,87188.43,Cash
S03639,2024-12-26,C10727,Customer 0727,Maruti Suzuki,Swift,SUV,CNG,Manual,West,Maharashtra,Nashik,1,852436.72,0.0636,798224.39,120427.99,Credit Card
S02832,2024-12-27,C10803,Customer 0803,Maruti Suzuki,Dzire,Hatchback,Hybrid,Manual,East,West Bengal,Kolkata,1,1568162.92,0.0713,1456282.96,259884.81,Credit Card
S02828,2024-12-27,C10186,Customer 0186,Honda,Amaze,SUV,Petrol,Manual,West,Maharashtra,Pune,1,1353570.34,0.0655,1264918.48,185353.98,Bank Finance
S02815,2024-12-28,C10113,Customer 0113,Honda,Amaze,SUV,Petrol,Automatic,West,Maharashtra,Nashik,1,1004840.14,0.0447,959886.71,102001.16,Bank Finance
S01544,2024-12-28,C10867,Customer 0867,Mahindra,Scorpio-N,SUV,Hybrid,Manual,North,Haryana,Gurugram,1,780038.93,0.0827,715543.46,63118.09,Bank Finance
S01345,2024-12-28,C10504,Customer 0504,Honda,Amaze,SUV,Diesel,Manual,West,Maharashtra,Nashik,1,802377.69,0.1024,720187.82,86689.64,Bank Finance
S02960,2024-12-29,C10981,Customer 0981,Tata,Punch,Hatchback,Diesel,Automatic,East,Odisha,Bhubaneswar,1,1433315.7,0.0668,1337565.89,146103.01,Credit Card
S04237,2024-12-29,C10081,Customer 0081,Hyundai,Exter,SUV,Diesel,Manual,South,Kerala,Thiruvananthapuram,1,1651491.68,0.0525,1564864.35,190008.64,UPI
S00599,2024-12-29,C10768,Customer 0768,Honda,Elevate,Sedan,Petrol,Automatic,South,Karnataka,Mangaluru,1,1042943.33,0.0598,980561.95,66954.38,Credit Card
S00513,2024-12-29,C10387,Customer 0387,Tata,Altroz,Hatchback,Petrol,Manual,South,Andhra Pradesh,Vijayawada,1,1886406.5,0.0619,1769564.35,211048.68,UPI
S04762,2024-12-29,C10752,Customer 0752,Kia,Sonet,SUV,Petrol,Manual,North,Haryana,Faridabad,1,1563296.93,0.0447,1493486.47,275265.91,Cash
S02842,2024-12-29,C10900,Customer 0900,Hyundai,Creta,SUV,Hybrid,Manual,West,Gujarat,Ahmedabad,1,1607050.58,0.0469,1531629.72,147489.54,Bank Finance
S01194,2024-12-29,C10512,Customer 0512,Hyundai,Verna,Hatchback,CNG,Automatic,South,Kerala,Thiruvananthapuram,1,1697950.44,0.054,1606230.2,183676.77,Bank Finance
S03958,2024-12-29,C10318,Customer 0318,Mahindra,Scorpio-N,SUV,Petrol,Manual,North,Rajasthan,Udaipur,1,2215456.51,0.0719,2056212.25,256315.98,Credit Card
S03759,2024-12-29,C10547,Customer 0547,Toyota,Innova HyCross,Hatchback,Petrol,Manual,North,Rajasthan,Udaipur,1,4657676.45,0.0585,4385183.85,231904.83,UPI
S03145,2024-12-29,C11071,Customer 1071,Honda,Elevate,SUV,Diesel,Automatic,East,Odisha,Bhubaneswar,1,1248827.27,0.0553,1179821.17,119646.38,Credit Card
S00005,2024-12-30,C10557,Customer 0557,Mahindra,Thar,SUV,Petrol,Automatic,East,West Bengal,Siliguri,1,1610962.12,0.0339,1556397.44,168265.93,Bank Finance
S00719,2024-12-30,C10163,Customer 0163,Kia,Sonet,SUV,CNG,Manual,North,Uttar Pradesh,Kanpur,1,2221268.2,0.0436,2124440.59,222392.3,Bank Finance
S04251,2024-12-30,C10967,Customer 0967,Kia,Carens,MPV,Hybrid,Automatic,North,Delhi,New Delhi,1,1777341.8,0.0233,1735978.25,180321.36,Cash
S02046,2024-12-30,C10822,Customer 0822,Maruti Suzuki,Dzire,Hatchback,Hybrid,Manual,South,Andhra Pradesh,Vijayawada,1,1304607.63,0.0377,1255421.11,151217.26,UPI
S01513,2024-12-31,C10114,Customer 0114,Tata,Safari,Hatchback,Petrol,Manual,West,Gujarat,Vadodara,1,1667984.03,0.0371,1606129.38,127317.85,Bank Finance
S04502,2024-12-31,C10072,Customer 0072,Toyota,Urban Cruiser Hyryder,SUV,Diesel,Automatic,East,Odisha,Cuttack,1,3252495.04,0.0415,3117561.89,270857.43,Cash
S04881,2024-12-31,C10664,Customer 0664,Mahindra,XUV 3XO,SUV,CNG,Manual,North,Delhi,New Delhi,1,1933533.72,0.0344,1866933.8,180617.46,Bank Finance
S03265,2025-01-01,C10970,Customer 0970,Volkswagen,Taigun,Sedan,Diesel,Automatic,North,Punjab,Chandigarh,1,2262632.18,0.0573,2133073.31,275543.71,Bank Finance
S01467,2025-01-01,C10634,Customer 0634,Kia,Seltos,SUV,Electric,Automatic,East,Odisha,Cuttack,1,1495819.82,0.005,1488413.68,179868.67,Bank Finance
S02436,2025-01-01,C10070,Customer 0070,Kia,Sonet,SUV,Diesel,Manual,South,Telangana,Hyderabad,1,1347377.98,0.0554,1272745.11,157450.02,UPI
S04849,2025-01-01,C10592,Customer 0592,Kia,Seltos,SUV,Petrol,Manual,South,Andhra Pradesh,Visakhapatnam,1,1279241.39,0.0606,1201772.36,189676.33,Cash
S01092,2025-01-02,C11071,Customer 1071,Volkswagen,Virtus,SUV,CNG,Manual,North,Uttar Pradesh,Noida,1,2833422.14,0.0956,2562534.24,168430.68,UPI
S04191,2025-01-02,C10406,Customer 0406,Hyundai,i20,Sedan,Diesel,Automatic,South,Tamil Nadu,Chennai,1,1633055.08,0.0659,1525378.84,171511.72,UPI
S04689,2025-01-02,C10960,Customer 0960,Volkswagen,Tiguan,SUV,Petrol,Automatic,West,Maharashtra,Mumbai,1,2530964.08,0.0737,2344551.43,315821.27,Credit Card
S04169,2025-01-03,C10822,Customer 0822,Hyundai,Verna,Hatchback,Hybrid,Automatic,South,Karnataka,Mangaluru,1,1831538.81,0.0298,1776928.67,225772.37,UPI
S00425,2025-01-03,C10707,Customer 0707,Hyundai,Verna,Sedan,CNG,Automatic,West,Goa,Panaji,1,1525965.41,0.0648,1427141.04,108763.6,Cash
S02774,2025-01-03,C10878,Customer 0878,Kia,Seltos,SUV,CNG,Manual,West,Goa,Panaji,1,1727565.8,0.0672,1611405.93,184296.53,Cash
S01499,2025-01-04,C10653,Customer 0653,Honda,City,SUV,Diesel,Manual,South,Tamil Nadu,Chennai,1,1939269.06,0.0747,1794463.63,193725.86,Bank Finance
S01095,2025-01-04,C10341,Customer 0341,Hyundai,Creta,Hatchback,CNG,Automatic,North,Haryana,Faridabad,1,1960931.03,0.0419,1878672.21,249172.57,Credit Card
S01141,2025-01-04,C10417,Customer 0417,Kia,Sonet,SUV,Petrol,Automatic,North,Uttar Pradesh,Kanpur,1,790576.74,0.0596,743457.03,65339.88,Bank Finance
S01598,2025-01-04,C10363,Customer 0363,Kia,Seltos,SUV,Petrol,Automatic,West,Gujarat,Rajkot,1,1464101.19,0.0955,1324315.49,155080.99,Bank Finance
S02536,2025-01-04,C10177,Customer 0177,Toyota,Glanza,Hatchback,Diesel,Automatic,West,Goa,Margao,1,999300.39,0.081,918333.77,117816.61,UPI
S04695,2025-01-04,C10441,Customer 0441,Tata,Nexon,Hatchback,Hybrid,Automatic,East,West Bengal,Siliguri,1,1163694.5,0.064,1089258.21,82322.65,UPI
S00709,2025-01-04,C10172,Customer 0172,Maruti Suzuki,Swift,Hatchback,Petrol,Automatic,South,Karnataka,Mysuru,1,1222987.01,0.0801,1125044.67,110204.8,UPI
S02463,2025-01-05,C10043,Customer 0043,Kia,Sonet,MPV,Electric,Manual,East,Odisha,Bhubaneswar,1,1687463.68,0.033,1631740.3,103461.95,Bank Finance
S02635,2025-01-05,C10742,Customer 0742,Toyota,Glanza,SUV,Petrol,Automatic,East,Jharkhand,Jamshedpur,1,1521437.19,0.1127,1349991.6,55943.0,Bank Finance
S04771,2025-01-05,C10465,Customer 0465,Kia,Sonet,MPV,Hybrid,Automatic,South,Karnataka,Bengaluru,1,1356048.26,0.0388,1303394.19,235125.53,Bank Finance
S02461,2025-01-06,C10433,Customer 0433,Maruti Suzuki,Baleno,Sedan,Hybrid,Manual,North,Rajasthan,Jodhpur,1,1079832.45,0.0857,987338.55,84132.81,Bank Finance
S03366,2025-01-06,C10342,Customer 0342,Kia,Carens,SUV,Diesel,Automatic,South,Kerala,Thiruvananthapuram,1,2320148.03,0.0393,2229074.58,213759.43,UPI
S03358,2025-01-06,C10881,Customer 0881,Toyota,Urban Cruiser Hyryder,SUV,Diesel,Manual,South,Telangana,Warangal,1,3239667.94,0.0949,2932108.88,202756.71,Bank Finance
S03944,2025-01-07,C10916,Customer 0916,Kia,Sonet,MPV,Petrol,Automatic,South,Andhra Pradesh,Visakhapatnam,1,2062317.78,0.0776,1902243.62,143803.93,UPI
S03864,2025-01-07,C10845,Customer 0845,Mahindra,Thar,SUV,CNG,Manual,South,Kerala,Kochi,1,1056253.85,0.0865,964876.24,143123.75,Bank Finance
S01277,2025-01-07,C11126,Customer 1126,Maruti Suzuki,Baleno,Sedan,Petrol,Automatic,West,Maharashtra,Mumbai,1,1206437.77,0.0551,1139992.52,145071.51,UPI
S04402,2025-01-08,C10977,Customer 0977,Honda,City,SUV,CNG,Automatic,North,Haryana,Faridabad,1,1041160.81,0.049,990168.35,106351.7,Credit Card
S00959,2025-01-08,C10902,Customer 0902,Tata,Punch,SUV,CNG,Manual,East,Jharkhand,Ranchi,1,924703.7,0.0548,874036.8,93573.08,Credit Card
S01413,2025-01-08,C10801,Customer 0801,Maruti Suzuki,Baleno,Sedan,Petrol,Manual,West,Gujarat,Rajkot,1,1588346.15,0.0488,1510812.79,189519.01,Bank Finance
S04959,2025-01-08,C11142,Customer 1142,Maruti Suzuki,Grand Vitara,Sedan,Petrol,Automatic,North,Rajasthan,Jodhpur,1,1216161.01,0.1014,1092823.37,124879.03,Bank Finance
S01352,2025-01-08,C10522,Customer 0522,Hyundai,i20,Hatchback,Petrol,Automatic,North,Delhi,New Delhi,1,1788022.3,0.0716,1660072.34,296777.02,Bank Finance
S01116,2025-01-09,C10329,Customer 0329,Mahindra,XUV700,SUV,Petrol,Manual,North,Punjab,Ludhiana,1,2357747.15,0.0816,2165413.89,75789.49,Bank Finance
S04551,2025-01-09,C11041,Customer 1041,Kia,Seltos,MPV,Diesel,Manual,North,Haryana,Faridabad,1,1207823.54,0.0659,1128231.78,133232.12,UPI
S01724,2025-01-10,C10302,Customer 0302,Hyundai,Venue,SUV,Petrol,Manual,South,Telangana,Warangal,1,1448444.53,0.0786,1334595.03,141206.91,UPI
S01639,2025-01-10,C10573,Customer 0573,Kia,Seltos,SUV,Electric,Manual,West,Goa,Panaji,1,2087359.35,0.0447,1993981.82,319963.6,Cash
S03532,2025-01-10,C10337,Customer 0337,Kia,Seltos,MPV,CNG,Automatic,North,Uttar Pradesh,Lucknow,1,1381270.35,0.0794,1271618.52,158898.71,Bank Finance
S01784,2025-01-10,C10718,Customer 0718,Maruti Suzuki,Brezza,SUV,Electric,Automatic,North,Punjab,Amritsar,1,701482.11,0.0592,659934.68,62976.17,UPI
S03801,2025-01-10,C10838,Customer 0838,Hyundai,Creta,SUV,Hybrid,Manual,North,Rajasthan,Jodhpur,1,1413346.2,0.0692,1315541.27,226635.34,Cash
S01927,2025-01-11,C11004,Customer 1004,Toyota,Innova HyCross,SUV,Diesel,Manual,South,Telangana,Warangal,1,1510345.24,0.1239,1323226.3,134496.84,Cash
S02633,2025-01-13,C10263,Customer 0263,Tata,Safari,SUV,Diesel,Manual,West,Gujarat,Vadodara,1,665888.71,0.0511,631831.69,63147.56,Bank Finance
S01305,2025-01-13,C10681,Customer 0681,Toyota,Urban Cruiser Hyryder,Hatchback,Petrol,Manual,North,Rajasthan,Jaipur,1,3517228.94,0.0333,3400226.89,424858.61,Bank Finance
S04312,2025-01-14,C10224,Customer 0224,Volkswagen,Tiguan,Sedan,Diesel,Manual,West,Goa,Panaji,1,2052763.4,0.0384,1974001.39,169609.37,Bank Finance
S01506,2025-01-14,C10197,Customer 0197,Maruti Suzuki,Dzire,Hatchback,Petrol,Manual,West,Goa,Margao,1,979507.04,0.0172,962683.26,117665.83,Bank Finance
S03609,2025-01-15,C10489,Customer 0489,Hyundai,Venue,SUV,Diesel,Manual,North,Haryana,Gurugram,1,732664.22,0.063,686500.56,85031.3,UPI
S02221,2025-01-15,C10972,Customer 0972,Tata,Altroz,SUV,Hybrid,Manual,South,Karnataka,Mysuru,1,1017165.47,0.111,904263.21,100505.36,Bank Finance
S01597,2025-01-16,C10674,Customer 0674,Honda,Elevate,Sedan,Petrol,Automatic,East,Bihar,Patna,1,1950588.86,0.0414,1869758.72,118694.96,Bank Finance
S00419,2025-01-16,C10081,Customer 0081,Kia,Carens,MPV,Petrol,Automatic,North,Delhi,New Delhi,1,1671288.97,0.0182,1640821.95,200107.87,Credit Card
S03042,2025-01-16,C10743,Customer 0743,Hyundai,Exter,SUV,Petrol,Manual,South,Tamil Nadu,Chennai,1,1768397.16,0.0534,1673987.67,202161.28,Bank Finance
S00300,2025-01-17,C10287,Customer 0287,Tata,Altroz,Hatchback,Petrol,Automatic,South,Andhra Pradesh,Vijayawada,1,762407.43,0.0363,734727.02,94923.6,Credit Card
S03853,2025-01-17,C10617,Customer 0617,Hyundai,Verna,Hatchback,Diesel,Manual,West,Maharashtra,Mumbai,1,1160799.84,0.0342,1121074.03,114853.38,Cash
S02939,2025-01-17,C11148,Customer 1148,Hyundai,Creta,Sedan,Electric,Automatic,South,Tamil Nadu,Coimbatore,1,1734765.78,0.004,1727773.21,220675.71,Credit Card
S03475,2025-01-18,C10609,Customer 0609,Tata,Altroz,Hatchback,Petrol,Manual,South,Kerala,Thiruvananthapuram,1,1307539.67,0.0553,1235219.16,186695.76,Cash
S01201,2025-01-18,C10393,Customer 0393,Mahindra,Thar,SUV,Hybrid,Automatic,East,Bihar,Gaya,1,1380443.44,0.0238,1347589.2,118266.0,Bank Finance
S02191,2025-01-18,C10474,Customer 0474,Hyundai,Exter,Sedan,CNG,Automatic,South,Tamil Nadu,Madurai,1,975631.07,0.0311,945299.57,141934.35,UPI
S01858,2025-01-19,C11166,Customer 1166,Mahindra,Thar,SUV,Hybrid,Automatic,South,Tamil Nadu,Madurai,1,2199422.95,0.0412,2108859.74,157672.75,Bank Finance
S03718,2025-01-19,C10172,Customer 0172,Mahindra,Scorpio-N,SUV,Diesel,Automatic,North,Rajasthan,Jodhpur,1,1777310.43,0.0312,1721780.75,191679.1,Bank Finance
S00550,2025-01-20,C10599,Customer 0599,Mahindra,Scorpio-N,SUV,Diesel,Manual,East,Bihar,Gaya,1,932237.86,0.0865,851614.7,105273.27,UPI
S03967,2025-01-20,C11187,Customer 1187,Kia,Sonet,SUV,Diesel,Manual,West,Maharashtra,Nagpur,1,1308857.92,0.0561,1235467.24,120750.21,Bank Finance
S02458,2025-01-20,C10286,Customer 0286,Mahindra,Scorpio-N,SUV,Electric,Manual,East,Bihar,Patna,1,1905544.88,0.0515,1807396.62,82964.99,UPI
S01022,2025-01-21,C10178,Customer 0178,Volkswagen,Virtus,Sedan,CNG,Automatic,North,Delhi,New Delhi,1,3076936.38,0.0712,2857903.03,399316.65,Credit Card
S01870,2025-01-21,C10193,Customer 0193,Hyundai,Venue,SUV,Electric,Manual,West,Goa,Panaji,1,1677699.86,0.0451,1602094.44,184448.74,Bank Finance
S02729,2025-01-21,C10861,Customer 0861,Toyota,Innova HyCross,SUV,Hybrid,Automatic,East,West Bengal,Kolkata,1,4321978.86,0.0694,4022173.23,487027.12,Credit Card
S03726,2025-01-22,C10594,Customer 0594,Maruti Suzuki,Baleno,SUV,Diesel,Automatic,North,Uttar Pradesh,Lucknow,1,652471.33,0.0086,646857.33,79021.97,Credit Card
S02876,2025-01-22,C10839,Customer 0839,Kia,Seltos,SUV,CNG,Manual,North,Punjab,Chandigarh,1,1506216.61,0.0711,1399123.91,132291.54,Bank Finance
S03457,2025-01-23,C10603,Customer 0603,Toyota,Fortuner,MPV,Diesel,Manual,East,Jharkhand,Jamshedpur,1,3374704.16,0.0133,3329798.74,212717.74,UPI
S03581,2025-01-23,C10595,Customer 0595,Kia,Seltos,SUV,Electric,Automatic,West,Maharashtra,Mumbai,1,768112.2,0.097,693592.47,73639.57,UPI
S00051,2025-01-23,C10033,Customer 0033,Maruti Suzuki,Grand Vitara,SUV,CNG,Manual,South,Karnataka,Mangaluru,1,1025631.88,0.0485,975928.18,108457.05,UPI
S00785,2025-01-24,C10422,Customer 0422,Kia,Sonet,SUV,Petrol,Automatic,West,Maharashtra,Nashik,1,2380898.61,0.0681,2218851.38,238229.88,Bank Finance
S01502,2025-01-25,C10177,Customer 0177,Toyota,Glanza,Hatchback,Petrol,Automatic,South,Kerala,Thiruvananthapuram,1,1682659.39,0.0905,1530300.34,147417.84,Cash
S03455,2025-01-25,C10016,Customer 0016,Kia,Seltos,MPV,CNG,Manual,West,Goa,Margao,1,2668895.59,0.0611,2505875.69,339380.68,UPI
S01627,2025-01-26,C10509,Customer 0509,Tata,Punch,SUV,Petrol,Manual,North,Haryana,Gurugram,1,663931.43,0.005,660585.69,88487.8,Credit Card
S04866,2025-01-26,C11019,Customer 1019,Kia,Carens,MPV,CNG,Manual,East,West Bengal,Kolkata,1,2053645.75,0.0384,1974756.2,254623.23,UPI
S04608,2025-01-26,C10646,Customer 0646,Tata,Safari,SUV,CNG,Automatic,South,Telangana,Warangal,1,2007785.61,0.1068,1793436.16,203662.02,Credit Card
S03985,2025-01-26,C10310,Customer 0310,Kia,Carens,MPV,Electric,Manual,North,Delhi,New Delhi,1,996228.22,0.1106,886062.86,108151.41,UPI
S04279,2025-01-26,C10792,Customer 0792,Maruti Suzuki,Swift,Hatchback,CNG,Manual,North,Delhi,New Delhi,1,899571.67,0.0362,867021.43,99454.68,UPI
S02685,2025-01-26,C10722,Customer 0722,Honda,City,Sedan,Diesel,Manual,East,Jharkhand,Jamshedpur,1,2091301.41,0.0221,2044998.41,185135.67,UPI
S00210,2025-01-27,C10263,Customer 0263,Mahindra,Scorpio-N,SUV,Petrol,Manual,West,Gujarat,Vadodara,1,1258148.29,0.0529,1191640.39,92420.94,Credit Card
S00958,2025-01-27,C10342,Customer 0342,Hyundai,Exter,SUV,Diesel,Automatic,West,Gujarat,Ahmedabad,1,1565157.37,0.1031,1403716.37,196774.57,Cash
S02927,2025-01-28,C10796,Customer 0796,Toyota,Fortuner,SUV,Hybrid,Automatic,West,Gujarat,Rajkot,1,3973594.93,0.0238,3879175.69,135771.15,Credit Card
S00426,2025-01-28,C10241,Customer 0241,Honda,Amaze,Sedan,Petrol,Manual,South,Tamil Nadu,Coimbatore,1,1529138.45,0.0698,1422422.55,206448.21,Credit Card
S01097,2025-01-28,C10609,Customer 0609,Honda,Amaze,SUV,Petrol,Automatic,North,Rajasthan,Jaipur,1,1014963.41,0.0558,958374.4,120126.17,Credit Card
S01963,2025-01-29,C11188,Customer 1188,Kia,Sonet,MPV,Electric,Automatic,East,Jharkhand,Ranchi,1,1275755.56,0.0368,1228766.13,73214.62,Bank Finance
S01266,2025-01-29,C11148,Customer 1148,Mahindra,Bolero,SUV,Electric,Manual,South,Andhra Pradesh,Visakhapatnam,1,2092905.47,0.058,1971533.94,254268.43,Credit Card
S04765,2025-01-29,C11046,Customer 1046,Maruti Suzuki,Brezza,SUV,Diesel,Automatic,East,Jharkhand,Ranchi,1,1026019.15,0.0441,980812.08,34328.42,Credit Card
S02903,2025-01-30,C10263,Customer 0263,Toyota,Urban Cruiser Hyryder,MPV,CNG,Manual,West,Gujarat,Ahmedabad,1,2502152.84,0.1036,2242965.61,297482.41,Bank Finance
S00399,2025-01-30,C10449,Customer 0449,Kia,Sonet,MPV,Petrol,Automatic,East,West Bengal,Kolkata,1,1864521.04,0.0934,1690295.27,188440.38,Bank Finance
S02363,2025-01-31,C10534,Customer 0534,Kia,Seltos,MPV,Diesel,Automatic,East,Jharkhand,Ranchi,1,975553.04,0.0652,911902.67,124787.45,Credit Card
S01647,2025-01-31,C10523,Customer 0523,Toyota,Urban Cruiser Hyryder,Hatchback,CNG,Automatic,North,Uttar Pradesh,Kanpur,1,4093812.5,0.0511,3884546.05,326930.85,Bank Finance
S00044,2025-01-31,C10345,Customer 0345,Kia,Sonet,MPV,CNG,Manual,West,Goa,Panaji,1,1879018.03,0.0314,1819954.35,187864.22,Bank Finance
S03728,2025-01-31,C10261,Customer 0261,Mahindra,Thar,SUV,Diesel,Automatic,West,Gujarat,Surat,1,1680079.82,0.0621,1575705.55,170863.9,Cash
S00322,2025-02-01,C10255,Customer 0255,Tata,Harrier,Hatchback,Diesel,Manual,West,Goa,Panaji,1,1214539.75,0.0391,1167111.39,131761.46,Cash
S01545,2025-02-01,C11138,Customer 1138,Hyundai,Verna,SUV,Petrol,Manual,West,Goa,Panaji,1,1127939.59,0.0531,1068090.88,135318.01,Bank Finance
S03858,2025-02-01,C10154,Customer 0154,Honda,Elevate,Sedan,Petrol,Automatic,South,Kerala,Kochi,1,1490948.89,0.0353,1438266.47,250464.29,Credit Card
S03346,2025-02-03,C11047,Customer 1047,Volkswagen,Virtus,SUV,CNG,Manual,South,Telangana,Warangal,1,1297323.7,0.0536,1227784.52,148545.67,Bank Finance
S02180,2025-02-03,C10414,Customer 0414,Mahindra,Bolero,SUV,Diesel,Manual,South,Kerala,Thiruvananthapuram,1,1812116.7,0.0658,1692868.64,154115.93,Credit Card
S04166,2025-02-03,C10381,Customer 0381,Kia,Sonet,SUV,Diesel,Automatic,West,Maharashtra,Nagpur,1,1164649.94,0.0558,1099632.34,79129.93,UPI
S03905,2025-02-03,C10022,Customer 0022,Volkswagen,Taigun,Sedan,Diesel,Manual,East,West Bengal,Siliguri,1,1659652.07,0.0433,1587816.61,136477.71,Bank Finance
S00863,2025-02-03,C10159,Customer 0159,Tata,Safari,Hatchback,Electric,Automatic,East,West Bengal,Kolkata,1,737054.78,0.0623,691117.83,100832.31,Credit Card
S02736,2025-02-04,C10344,Customer 0344,Toyota,Fortuner,SUV,Hybrid,Automatic,East,West Bengal,Kolkata,1,3938403.97,0.0313,3815126.41,448233.38,UPI
S03797,2025-02-04,C10634,Customer 0634,Hyundai,Exter,Hatchback,Petrol,Manual,East,Odisha,Bhubaneswar,1,1601147.61,0.0441,1530482.83,217548.91,UPI
S01157,2025-02-04,C11076,Customer 1076,Tata,Altroz,Hatchback,Electric,Automatic,East,Bihar,Patna,1,977355.73,0.062,916778.13,108550.83,Credit Card
S01958,2025-02-04,C11157,Customer 1157,Toyota,Glanza,MPV,Hybrid,Automatic,East,Odisha,Bhubaneswar,1,2071934.44,0.0464,1975828.85,241957.06,Bank Finance
S04764,2025-02-04,C10424,Customer 0424,Hyundai,i20,Hatchback,Diesel,Automatic,East,West Bengal,Siliguri,1,1262509.22,0.0981,1138642.98,104701.4,Bank Finance
S03617,2025-02-05,C10826,Customer 0826,Toyota,Innova HyCross,MPV,Petrol,Automatic,East,West Bengal,Siliguri,1,1462608.19,0.0435,1398948.17,110888.74,Bank Finance
S01879,2025-02-06,C11024,Customer 1024,Volkswagen,Taigun,SUV,Hybrid,Manual,South,Telangana,Hyderabad,1,2931327.56,0.094,2655717.32,153228.49,Bank Finance
S03411,2025-02-06,C10965,Customer 0965,Tata,Nexon,Hatchback,CNG,Automatic,North,Rajasthan,Jodhpur,1,1551793.35,0.069,1444779.25,200204.84,Bank Finance
S03444,2025-02-06,C10788,Customer 0788,Volkswagen,Tiguan,Sedan,Petrol,Automatic,West,Goa,Panaji,1,3052926.63,0.0517,2895049.23,316575.2,Bank Finance
S00998,2025-02-07,C10775,Customer 0775,Toyota,Urban Cruiser Hyryder,Hatchback,Hybrid,Manual,North,Haryana,Gurugram,1,976748.45,0.046,931826.31,126376.01,Bank Finance
S02626,2025-02-07,C10200,Customer 0200,Mahindra,Thar,SUV,CNG,Manual,West,Goa,Panaji,1,1649371.03,0.0747,1526092.65,158003.53,Bank Finance
S02346,2025-02-08,C10878,Customer 0878,Volkswagen,Taigun,Sedan,CNG,Automatic,East,Odisha,Bhubaneswar,1,2280846.53,0.059,2146323.8,222008.68,UPI
S03626,2025-02-08,C10769,Customer 0769,Tata,Safari,SUV,Diesel,Automatic,South,Telangana,Hyderabad,1,965860.72,0.0235,943186.7,103841.36,Credit Card
S00304,2025-02-08,C10190,Customer 0190,Hyundai,i20,Hatchback,Diesel,Manual,North,Haryana,Faridabad,1,1089632.97,0.0263,1060993.83,75860.22,Bank Finance
S03690,2025-02-08,C10495,Customer 0495,Honda,Amaze,SUV,Diesel,Automatic,West,Gujarat,Surat,1,1002303.8,0.0477,954448.77,110015.58,Cash
S01061,2025-02-08,C11046,Customer 1046,Toyota,Innova HyCross,MPV,Electric,Manual,South,Tamil Nadu,Chennai,1,4725175.32,0.042,4526615.84,364775.21,Bank Finance
S03399,2025-02-08,C10561,Customer 0561,Kia,Sonet,SUV,CNG,Automatic,South,Karnataka,Mysuru,1,717589.98,0.0768,662462.0,50043.97,Credit Card
S02354,2025-02-09,C10330,Customer 0330,Mahindra,Scorpio-N,SUV,Petrol,Automatic,West,Maharashtra,Pune,1,1629148.08,0.0706,1514068.65,165828.58,Bank Finance
S02342,2025-02-09,C10793,Customer 0793,Honda,Amaze,Sedan,Electric,Automatic,North,Delhi,New Delhi,1,802117.1,0.0305,777615.96,42862.33,Credit Card
S03363,2025-02-09,C10154,Customer 0154,Maruti Suzuki,Dzire,SUV,Hybrid,Automatic,North,Punjab,Amritsar,1,857927.56,0.0601,806382.12,108996.97,Bank Finance
S02766,2025-02-09,C11062,Customer 1062,Hyundai,Venue,SUV,CNG,Automatic,West,Goa,Margao,1,868503.31,0.0243,847389.0,67174.61,Cash
S01079,2025-02-09,C11108,Customer 1108,Maruti Suzuki,Brezza,Sedan,Petrol,Automatic,East,Odisha,Cuttack,1,1100077.4,0.0446,1051054.67,112059.53,Bank Finance
S01383,2025-02-09,C11123,Customer 1123,Mahindra,XUV 3XO,SUV,Petrol,Automatic,West,Maharashtra,Mumbai,1,1015187.84,0.0684,945709.76,131273.88,Cash
S00744,2025-02-09,C10571,Customer 0571,Honda,Amaze,SUV,Diesel,Manual,West,Maharashtra,Thane,1,1780180.0,0.077,1643046.02,116897.17,Bank Finance
S03496,2025-02-10,C10144,Customer 0144,Kia,Carens,MPV,Hybrid,Automatic,North,Rajasthan,Jodhpur,1,1232798.59,0.0386,1185204.22,150155.05,Bank Finance
S04538,2025-02-10,C10266,Customer 0266,Maruti Suzuki,Brezza,Sedan,Hybrid,Automatic,West,Gujarat,Vadodara,1,1452126.95,0.0489,1381134.98,166658.06,Bank Finance
S03819,2025-02-10,C10710,Customer 0710,Honda,Amaze,SUV,Petrol,Automatic,South,Tamil Nadu,Madurai,1,822416.11,0.0622,771292.5,68427.17,Cash
S04911,2025-02-10,C10240,Customer 0240,Maruti Suzuki,Brezza,Sedan,Diesel,Automatic,North,Delhi,New Delhi,1,1208568.52,0.02,1184448.91,131227.19,UPI
S01992,2025-02-10,C10596,Customer 0596,Kia,Sonet,MPV,CNG,Automatic,West,Goa,Margao,1,2228631.21,0.0818,2046304.92,275915.49,UPI
S01635,2025-02-10,C10462,Customer 0462,Volkswagen,Tiguan,Sedan,Petrol,Automatic,South,Telangana,Warangal,1,2851414.75,0.0368,2746457.51,161926.93,Bank Finance
S02678,2025-02-11,C10813,Customer 0813,Hyundai,Exter,SUV,Electric,Automatic,East,Odisha,Bhubaneswar,1,1521521.43,0.0262,1481620.34,110066.16,Bank Finance
S02486,2025-02-11,C11039,Customer 1039,Maruti Suzuki,Dzire,SUV,Petrol,Manual,West,Gujarat,Ahmedabad,1,1553159.01,0.0664,1450040.06,107997.47,Bank Finance
S01243,2025-02-11,C10370,Customer 0370,Honda,City,SUV,Diesel,Automatic,North,Delhi,New Delhi,1,1797566.28,0.0582,1692955.28,75487.48,Cash
S00309,2025-02-11,C10039,Customer 0039,Volkswagen,Taigun,SUV,Petrol,Automatic,South,Karnataka,Mysuru,1,2223954.3,0.0404,2134028.87,189375.74,Credit Card
S00202,2025-02-11,C10265,Customer 0265,Mahindra,Thar,SUV,Hybrid,Manual,West,Gujarat,Rajkot,1,1743971.41,0.0523,1652808.57,80407.24,Cash
S03981,2025-02-11,C10299,Customer 0299,Tata,Harrier,SUV,Petrol,Manual,West,Goa,Panaji,1,1082887.3,0.0727,1004149.84,87599.43,Bank Finance
S02013,2025-02-12,C10920,Customer 0920,Kia,Sonet,MPV,Petrol,Automatic,North,Delhi,New Delhi,1,2069820.93,0.0404,1986198.05,397239.61,Bank Finance
S00412,2025-02-12,C11039,Customer 1039,Honda,City,SUV,Hybrid,Automatic,North,Uttar Pradesh,Noida,1,1921394.55,0.0,1921394.55,133917.14,Credit Card
S02483,2025-02-12,C11113,Customer 1113,Volkswagen,Tiguan,SUV,Diesel,Automatic,West,Gujarat,Ahmedabad,1,1773635.54,0.0927,1609153.89,156736.93,UPI
S00019,2025-02-12,C11104,Customer 1104,Volkswagen,Taigun,Sedan,CNG,Automatic,West,Gujarat,Surat,1,3152269.44,0.0486,2999095.05,279217.63,Bank Finance
S02949,2025-02-12,C11125,Customer 1125,Honda,City,Sedan,Hybrid,Automatic,West,Gujarat,Rajkot,1,1740479.9,0.0475,1657832.52,71222.46,Bank Finance
S03701,2025-02-13,C10468,Customer 0468,Hyundai,Creta,Hatchback,Diesel,Automatic,West,Maharashtra,Pune,1,1872112.37,0.0319,1812387.2,252788.74,Credit Card
S00938,2025-02-13,C10426,Customer 0426,Honda,City,SUV,Petrol,Manual,West,Goa,Margao,1,1457839.24,0.0579,1373372.72,172170.84,Credit Card
S04623,2025-02-14,C11036,Customer 1036,Mahindra,Scorpio-N,SUV,Petrol,Automatic,South,Telangana,Hyderabad,1,1242504.65,0.0771,1146734.5,106643.11,Bank Finance
S00042,2025-02-14,C10197,Customer 0197,Toyota,Urban Cruiser Hyryder,Hatchback,Petrol,Manual,West,Maharashtra,Thane,1,5096503.03,0.0809,4684094.59,401005.18,UPI
S03840,2025-02-15,C10762,Customer 0762,Toyota,Urban Cruiser Hyryder,SUV,Petrol,Manual,North,Punjab,Chandigarh,1,874297.66,0.0756,808230.04,92594.57,Bank Finance
S02362,2025-02-15,C10277,Customer 0277,Toyota,Urban Cruiser Hyryder,MPV,Petrol,Manual,East,Odisha,Bhubaneswar,1,3994570.18,0.0564,3769250.51,543953.42,Bank Finance
S02759,2025-02-15,C10430,Customer 0430,Hyundai,i20,Sedan,Petrol,Automatic,South,Tamil Nadu,Coimbatore,1,1716593.19,0.0332,1659588.97,182368.43,Cash
S00602,2025-02-15,C10779,Customer 0779,Honda,Elevate,Sedan,Diesel,Automatic,West,Maharashtra,Nashik,1,1860076.25,0.0008,1858536.83,241903.88,UPI
S02598,2025-02-16,C10731,Customer 0731,Tata,Punch,Hatchback,Electric,Manual,South,Karnataka,Bengaluru,1,1177740.4,0.0896,1072176.72,125775.24,Credit Card
S03446,2025-02-16,C10549,Customer 0549,Maruti Suzuki,Dzire,Sedan,Diesel,Manual,West,Maharashtra,Nashik,1,875414.08,0.0365,843459.66,95874.94,Credit Card
S00207,2025-02-17,C10294,Customer 0294,Volkswagen,Virtus,SUV,Petrol,Manual,West,Maharashtra,Nagpur,1,2482201.74,0.0607,2331648.78,176028.04,Bank Finance
S00853,2025-02-17,C10819,Customer 0819,Honda,City,SUV,Electric,Manual,North,Haryana,Faridabad,1,1912748.7,0.0835,1753019.35,228320.63,UPI
S00449,2025-02-17,C10631,Customer 0631,Honda,Elevate,SUV,Diesel,Automatic,South,Tamil Nadu,Chennai,1,1738285.65,0.0531,1645986.22,219607.4,Cash
S03599,2025-02-17,C10512,Customer 0512,Honda,City,SUV,Electric,Manual,East,Bihar,Patna,1,1658879.62,0.0579,1562883.71,104029.28,Credit Card
S00819,2025-02-17,C10717,Customer 0717,Hyundai,i20,Hatchback,CNG,Automatic,South,Andhra Pradesh,Vijayawada,1,1098109.01,0.0339,1060842.98,115476.38,Bank Finance
S00471,2025-02-17,C10790,Customer 0790,Hyundai,Verna,Sedan,Petrol,Automatic,West,Gujarat,Ahmedabad,1,736201.83,0.0445,703448.59,64987.58,Bank Finance
S01432,2025-02-18,C10783,Customer 0783,Mahindra,Thar,SUV,Electric,Manual,West,Gujarat,Surat,1,1608600.14,0.1052,1439346.9,145969.87,Credit Card
S02369,2025-02-18,C10633,Customer 0633,Kia,Seltos,MPV,Electric,Automatic,North,Rajasthan,Jaipur,1,1912119.66,0.0584,1800536.66,127424.34,UPI
S02770,2025-02-18,C10912,Customer 0912,Toyota,Innova HyCross,SUV,Diesel,Automatic,West,Gujarat,Rajkot,1,2305136.95,0.0593,2168400.2,282914.12,Credit Card
S02817,2025-02-18,C11048,Customer 1048,Volkswagen,Virtus,Sedan,Petrol,Manual,North,Rajasthan,Udaipur,1,1158594.15,0.0961,1047218.61,162911.36,UPI
S02794,2025-02-19,C10121,Customer 0121,Volkswagen,Tiguan,Sedan,Petrol,Manual,East,Odisha,Bhubaneswar,1,3687983.47,0.0429,3529752.22,320848.31,Bank Finance
S03426,2025-02-19,C10291,Customer 0291,Volkswagen,Tiguan,Sedan,Petrol,Manual,North,Uttar Pradesh,Kanpur,1,3419610.56,0.0734,3168457.8,357814.41,Credit Card
S03786,2025-02-19,C11122,Customer 1122,Honda,City,SUV,Petrol,Automatic,West,Maharashtra,Nashik,1,1479414.36,0.0852,1353300.79,181848.61,Bank Finance
S01860,2025-02-19,C10143,Customer 0143,Kia,Seltos,MPV,Hybrid,Automatic,North,Uttar Pradesh,Lucknow,1,2128528.78,0.0575,2006198.13,305403.79,Bank Finance
S00779,2025-02-20,C10224,Customer 0224,Kia,Seltos,MPV,CNG,Manual,East,Odisha,Bhubaneswar,1,854289.34,0.105,764562.73,59483.33,Credit Card
S02466,2025-02-20,C10092,Customer 0092,Volkswagen,Tiguan,SUV,Diesel,Manual,East,Odisha,Cuttack,1,2772599.54,0.029,2692239.95,278005.59,Credit Card
S02467,2025-02-20,C10377,Customer 0377,Kia,Sonet,MPV,Petrol,Automatic,West,Goa,Panaji,1,1137518.25,0.0302,1103151.91,144401.09,Cash
S04238,2025-02-20,C10009,Customer 0009,Toyota,Glanza,MPV,CNG,Manual,North,Uttar Pradesh,Noida,1,1808254.15,0.0531,1712290.48,202055.7,UPI
S02601,2025-02-21,C10189,Customer 0189,Maruti Suzuki,Brezza,Sedan,Electric,Automatic,South,Kerala,Kochi,1,844351.94,0.0512,801080.0,125175.82,Bank Finance
S01039,2025-02-21,C10390,Customer 0390,Mahindra,Thar,SUV,Petrol,Manual,West,Goa,Panaji,1,824885.46,0.0279,801894.79,46427.03,Bank Finance
S04724,2025-02-22,C11185,Customer 1185,Maruti Suzuki,Baleno,Sedan,Petrol,Manual,North,Punjab,Chandigarh,1,714472.73,0.0452,682189.12,119732.71,Bank Finance
S02878,2025-02-22,C10221,Customer 0221,Honda,Elevate,Sedan,Hybrid,Automatic,East,West Bengal,Kolkata,1,1213968.52,0.0193,1190557.67,141279.52,Cash
S04874,2025-02-22,C10417,Customer 0417,Toyota,Innova HyCross,SUV,Petrol,Automatic,North,Punjab,Chandigarh,1,839257.12,0.0318,812570.59,66675.23,Bank Finance
S00478,2025-02-23,C10718,Customer 0718,Mahindra,XUV 3XO,SUV,Petrol,Automatic,South,Andhra Pradesh,Visakhapatnam,1,1498236.04,0.0611,1406676.61,172969.81,UPI
S02414,2025-02-23,C10484,Customer 0484,Tata,Punch,Hatchback,Diesel,Manual,East,Jharkhand,Ranchi,1,901340.52,0.0062,895726.23,31350.42,Cash
S03707,2025-02-23,C10453,Customer 0453,Tata,Nexon,SUV,Petrol,Automatic,East,Bihar,Patna,1,758553.93,0.0843,694610.17,40774.62,UPI
S00263,2025-02-23,C11021,Customer 1021,Maruti Suzuki,Dzire,Sedan,Diesel,Manual,East,Odisha,Cuttack,1,1068943.8,0.054,1011256.68,74460.92,Cash
S03096,2025-02-23,C10088,Customer 0088,Volkswagen,Tiguan,SUV,CNG,Automatic,South,Tamil Nadu,Coimbatore,1,1226271.46,0.0415,1175427.75,152556.5,Bank Finance
S04827,2025-02-23,C10426,Customer 0426,Kia,Seltos,SUV,Petrol,Automatic,West,Maharashtra,Nagpur,1,1213487.13,0.0446,1159425.85,139941.65,Credit Card
S04804,2025-02-24,C10467,Customer 0467,Honda,Elevate,Sedan,Diesel,Automatic,South,Kerala,Kochi,1,816638.21,0.0554,771406.69,69259.85,Bank Finance
S01955,2025-02-24,C10499,Customer 0499,Mahindra,Bolero,SUV,Hybrid,Automatic,South,Kerala,Kochi,1,2200359.85,0.0421,2107650.5,98389.02,Bank Finance
S03116,2025-02-24,C10372,Customer 0372,Kia,Carens,SUV,Hybrid,Manual,West,Maharashtra,Nashik,1,1042953.66,0.0729,966933.5,90849.56,Bank Finance
S01189,2025-02-24,C10903,Customer 0903,Mahindra,XUV700,SUV,Petrol,Manual,South,Andhra Pradesh,Visakhapatnam,1,904140.61,0.0408,867218.94,87721.11,Credit Card
S03445,2025-02-24,C10413,Customer 0413,Honda,Amaze,SUV,Hybrid,Automatic,South,Kerala,Thiruvananthapuram,1,2082247.23,0.0342,2011050.89,160806.54,UPI
S02975,2025-02-24,C10034,Customer 0034,Maruti Suzuki,Grand Vitara,SUV,Petrol,Automatic,South,Karnataka,Mangaluru,1,716364.7,0.081,658363.17,81009.51,Bank Finance
S03466,2025-02-24,C10063,Customer 0063,Toyota,Glanza,MPV,Diesel,Manual,East,Odisha,Bhubaneswar,1,998321.63,0.0639,934485.56,123597.18,Credit Card
S04609,2025-02-25,C10974,Customer 0974,Maruti Suzuki,Baleno,SUV,Hybrid,Automatic,South,Telangana,Warangal,1,1268622.2,0.0455,1210922.78,114835.58,Bank Finance
S01321,2025-02-25,C10324,Customer 0324,Hyundai,i20,Hatchback,Petrol,Automatic,North,Rajasthan,Udaipur,1,1686891.58,0.0844,1544546.39,109501.04,Cash
S03590,2025-02-25,C10441,Customer 0441,Tata,Punch,SUV,Electric,Manual,West,Gujarat,Ahmedabad,1,1226857.23,0.0238,1197672.62,41918.54,Credit Card
S03233,2025-02-25,C11107,Customer 1107,Volkswagen,Tiguan,Sedan,Electric,Manual,East,Bihar,Gaya,1,2317570.89,0.0835,2124060.87,274887.5,Bank Finance
S02494,2025-02-26,C10733,Customer 0733,Kia,Seltos,MPV,Petrol,Automatic,South,Karnataka,Mysuru,1,2062967.94,0.0664,1926056.88,257757.14,Credit Card
S04250,2025-02-26,C10107,Customer 0107,Tata,Altroz,SUV,Hybrid,Automatic,East,West Bengal,Siliguri,1,930863.84,0.0362,897153.33,93343.36,Bank Finance
S02604,2025-02-26,C11015,Customer 1015,Kia,Carens,SUV,Electric,Automatic,North,Haryana,Faridabad,1,1276462.66,0.046,1217796.9,108978.57,Bank Finance
S01483,2025-02-27,C11187,Customer 1187,Tata,Harrier,Hatchback,Diesel,Manual,East,Bihar,Gaya,1,1649233.08,0.0463,1572952.05,157003.42,UPI
S04406,2025-02-27,C10716,Customer 0716,Maruti Suzuki,Grand Vitara,Hatchback,CNG,Automatic,South,Andhra Pradesh,Visakhapatnam,1,1056893.97,0.0,1056893.97,126443.15,Credit Card
S00533,2025-02-27,C10213,Customer 0213,Kia,Seltos,MPV,Petrol,Manual,West,Maharashtra,Mumbai,1,1106998.13,0.0394,1063380.26,110366.95,Bank Finance
S01842,2025-02-28,C11064,Customer 1064,Tata,Nexon,SUV,Hybrid,Automatic,South,Kerala,Thiruvananthapuram,1,1639323.51,0.0489,1559186.58,95400.02,UPI
S00642,2025-02-28,C10860,Customer 0860,Hyundai,Exter,SUV,Petrol,Automatic,West,Gujarat,Vadodara,1,1070405.3,0.0615,1004576.47,109338.73,Cash
S03935,2025-02-28,C10596,Customer 0596,Mahindra,Scorpio-N,SUV,Petrol,Automatic,North,Punjab,Amritsar,1,982461.84,0.0589,924563.88,101567.79,UPI
S02987,2025-02-28,C10276,Customer 0276,Volkswagen,Tiguan,Sedan,Petrol,Automatic,South,Kerala,Kochi,1,1049776.53,0.0188,1030081.16,76130.85,Cash
S02711,2025-03-01,C10442,Customer 0442,Kia,Carens,MPV,CNG,Manual,North,Delhi,New Delhi,1,2500555.69,0.0298,2425994.99,328853.31,Cash
S00156,2025-03-01,C10470,Customer 0470,Hyundai,Creta,Sedan,Diesel,Automatic,South,Karnataka,Mysuru,1,1710028.25,0.0385,1644144.0,118879.03,Credit Card
S01427,2025-03-01,C10618,Customer 0618,Tata,Nexon,SUV,Petrol,Manual,West,Maharashtra,Nashik,1,1411505.37,0.1121,1253216.47,123839.77,Cash
S04947,2025-03-01,C10497,Customer 0497,Mahindra,Bolero,SUV,Petrol,Manual,North,Punjab,Ludhiana,1,1869149.13,0.0314,1810526.71,274903.86,Cash
S00609,2025-03-01,C10544,Customer 0544,Hyundai,Exter,SUV,Petrol,Manual,South,Telangana,Warangal,1,1253597.15,0.0132,1237009.25,206203.79,Cash
S04925,2025-03-01,C11005,Customer 1005,Mahindra,Scorpio-N,SUV,Electric,Automatic,South,Karnataka,Mysuru,1,1817240.45,0.0583,1711312.84,272775.79,Credit Card
S01547,2025-03-01,C10663,Customer 0663,Kia,Seltos,MPV,Diesel,Automatic,North,Delhi,New Delhi,1,2572986.19,0.0782,2371772.87,386352.0,UPI
S04267,2025-03-02,C10561,Customer 0561,Honda,City,SUV,Electric,Manual,South,Tamil Nadu,Madurai,1,867517.6,0.0383,834272.54,67743.57,Bank Finance
S03215,2025-03-02,C10920,Customer 0920,Mahindra,Bolero,SUV,Petrol,Manual,West,Gujarat,Rajkot,1,1228211.89,0.006,1220822.51,55712.75,Credit Card
S02098,2025-03-02,C10788,Customer 0788,Honda,Elevate,Sedan,Petrol,Manual,North,Delhi,New Delhi,1,1418410.52,0.0162,1395442.1,156521.06,UPI
S02624,2025-03-03,C11162,Customer 1162,Maruti Suzuki,Baleno,Hatchback,CNG,Automatic,West,Goa,Panaji,1,710399.29,0.0616,666660.61,82534.75,Bank Finance
S02487,2025-03-03,C10849,Customer 0849,Tata,Altroz,SUV,Diesel,Manual,West,Gujarat,Surat,1,1846456.77,0.0841,1691244.91,303825.9,Bank Finance
S00700,2025-03-03,C10496,Customer 0496,Volkswagen,Tiguan,SUV,Petrol,Automatic,West,Maharashtra,Nagpur,1,3129919.78,0.0761,2891782.1,308180.83,Bank Finance
S01935,2025-03-03,C10059,Customer 0059,Kia,Sonet,MPV,Petrol,Automatic,South,Tamil Nadu,Chennai,1,2515110.33,0.0183,2468982.13,241727.07,Cash
S00761,2025-03-03,C10221,Customer 0221,Tata,Altroz,SUV,Electric,Manual,North,Delhi,New Delhi,1,2004492.49,0.0677,1868813.06,218955.91,Cash
S00357,2025-03-03,C10379,Customer 0379,Kia,Sonet,SUV,Diesel,Automatic,West,Maharashtra,Thane,1,2380720.93,0.0487,2264792.91,90979.62,UPI
S01888,2025-03-03,C10790,Customer 0790,Honda,City,SUV,CNG,Automatic,North,Haryana,Faridabad,1,1316312.0,0.0276,1280036.96,132888.9,UPI
S02999,2025-03-04,C11061,Customer 1061,Kia,Carens,SUV,Hybrid,Automatic,South,Kerala,Thiruvananthapuram,1,2126189.61,0.0567,2005715.93,273261.17,Bank Finance
S01579,2025-03-04,C10654,Customer 0654,Mahindra,Scorpio-N,SUV,Diesel,Manual,South,Kerala,Thiruvananthapuram,1,2022795.11,0.0435,1934823.82,176042.51,Bank Finance
S04480,2025-03-04,C10753,Customer 0753,Honda,Elevate,SUV,CNG,Automatic,West,Gujarat,Rajkot,1,2046736.38,0.0747,1893933.74,284472.58,Credit Card
S03452,2025-03-04,C10096,Customer 0096,Toyota,Glanza,MPV,Diesel,Automatic,North,Haryana,Faridabad,1,1553552.17,0.0583,1463015.68,115464.25,Credit Card
S02378,2025-03-04,C10403,Customer 0403,Kia,Carens,SUV,Petrol,Automatic,South,Telangana,Hyderabad,1,1964732.96,0.0639,1839245.13,210398.53,Bank Finance
S03149,2025-03-05,C10342,Customer 0342,Toyota,Fortuner,Hatchback,Petrol,Manual,West,Gujarat,Vadodara,1,2140088.43,0.0706,1989098.32,191807.8,Cash
S00302,2025-03-05,C10878,Customer 0878,Honda,City,SUV,Hybrid,Manual,North,Punjab,Ludhiana,1,1519215.9,0.0677,1416378.9,168729.0,Bank Finance
S01942,2025-03-05,C10593,Customer 0593,Volkswagen,Virtus,SUV,Petrol,Manual,West,Maharashtra,Nashik,1,1955608.71,0.0557,1846647.79,183315.71,Cash
S01993,2025-03-05,C11041,Customer 1041,Kia,Seltos,SUV,Hybrid,Manual,East,West Bengal,Kolkata,1,2180424.39,0.0167,2143924.33,187269.94,Credit Card
S00849,2025-03-06,C10598,Customer 0598,Maruti Suzuki,Swift,Hatchback,Diesel,Automatic,West,Maharashtra,Nashik,1,1000453.2,0.053,947416.23,59016.95,Bank Finance
S04846,2025-03-06,C10183,Customer 0183,Tata,Altroz,Hatchback,Electric,Automatic,West,Maharashtra,Mumbai,1,1830807.43,0.0663,1709428.91,151589.47,Cash
S02128,2025-03-06,C10324,Customer 0324,Volkswagen,Taigun,SUV,Electric,Automatic,West,Gujarat,Surat,1,3187569.35,0.0711,2960874.22,392155.83,Bank Finance
S04650,2025-03-06,C10893,Customer 0893,Volkswagen,Taigun,Sedan,Petrol,Automatic,South,Andhra Pradesh,Vijayawada,1,1536732.46,0.0781,1416778.28,174911.1,Bank Finance
S00699,2025-03-07,C11122,Customer 1122,Hyundai,Verna,Hatchback,Electric,Automatic,South,Telangana,Warangal,1,1862173.33,0.0833,1707030.13,175164.45,UPI
S00491,2025-03-08,C10792,Customer 0792,Mahindra,XUV700,SUV,Petrol,Automatic,West,Maharashtra,Nashik,1,2234382.24,0.0795,2056691.88,285819.7,UPI
S00855,2025-03-08,C10379,Customer 0379,Toyota,Urban Cruiser Hyryder,MPV,Petrol,Manual,East,West Bengal,Kolkata,1,3125244.13,0.0713,2902452.52,185321.01,Bank Finance
S03419,2025-03-08,C10677,Customer 0677,Maruti Suzuki,Grand Vitara,SUV,Petrol,Manual,South,Karnataka,Bengaluru,1,1101530.77,0.0549,1041040.15,65591.91,Credit Card
S01788,2025-03-08,C10702,Customer 0702,Toyota,Glanza,SUV,Petrol,Manual,West,Maharashtra,Nagpur,1,5077569.74,0.0547,4799801.33,311992.0,Cash
S01700,2025-03-09,C10902,Customer 0902,Volkswagen,Virtus,SUV,Diesel,Manual,West,Maharashtra,Nashik,1,1519021.66,0.0194,1489506.0,233014.64,UPI
S00793,2025-03-09,C10577,Customer 0577,Tata,Harrier,Hatchback,Electric,Manual,East,Jharkhand,Ranchi,1,1266185.3,0.0932,1148160.06,171030.76,Cash
S04784,2025-03-09,C10219,Customer 0219,Hyundai,Venue,SUV,Electric,Automatic,South,Tamil Nadu,Madurai,1,1075981.29,0.0426,1030178.72,77815.83,UPI
S02686,2025-03-10,C10820,Customer 0820,Maruti Suzuki,Dzire,Hatchback,Diesel,Automatic,East,Bihar,Gaya,1,1210885.19,0.0811,1112704.78,107259.43,Bank Finance
S02544,2025-03-11,C11169,Customer 1169,Tata,Punch,SUV,Diesel,Manual,East,West Bengal,Kolkata,1,1592379.53,0.0633,1491599.16,174661.21,UPI
S01223,2025-03-11,C10858,Customer 0858,Toyota,Fortuner,MPV,CNG,Automatic,South,Tamil Nadu,Coimbatore,1,4097173.99,0.079,3773489.32,519058.71,Cash
S03453,2025-03-11,C10806,Customer 0806,Tata,Harrier,Hatchback,CNG,Automatic,South,Telangana,Warangal,1,728501.43,0.0041,725509.89,43411.24,Bank Finance
S02522,2025-03-11,C10383,Customer 0383,Maruti Suzuki,Brezza,Hatchback,Electric,Automatic,South,Tamil Nadu,Madurai,1,786379.28,0.1272,686353.56,69439.62,UPI
S00437,2025-03-11,C10985,Customer 0985,Volkswagen,Tiguan,Sedan,Petrol,Manual,West,Maharashtra,Pune,1,1644846.61,0.1159,1454192.66,132852.32,Cash
S01864,2025-03-12,C10515,Customer 0515,Maruti Suzuki,Baleno,SUV,Petrol,Automatic,North,Rajasthan,Udaipur,1,1664831.49,0.0923,1511231.25,149295.74,Bank Finance
S01137,2025-03-12,C10985,Customer 0985,Kia,Carens,SUV,Petrol,Automatic,East,West Bengal,Kolkata,1,1977395.47,0.0449,1888571.61,254508.75,UPI
S04416,2025-03-12,C10953,Customer 0953,Toyota,Urban Cruiser Hyryder,SUV,Petrol,Automatic,South,Telangana,Warangal,1,4484780.9,0.0219,4386365.48,494785.63,Bank Finance
S04851,2025-03-12,C10855,Customer 0855,Maruti Suzuki,Grand Vitara,Sedan,Petrol,Automatic,West,Goa,Margao,1,1233786.7,0.0749,1141325.22,172794.62,Bank Finance
S02094,2025-03-13,C10470,Customer 0470,Toyota,Innova HyCross,MPV,Diesel,Automatic,South,Tamil Nadu,Coimbatore,1,2857341.77,0.0836,2618485.25,286949.14,UPI
S00333,2025-03-13,C10437,Customer 0437,Mahindra,XUV700,SUV,Petrol,Manual,South,Karnataka,Mangaluru,1,1052252.12,0.0353,1015115.07,97324.91,Cash
S01966,2025-03-13,C10330,Customer 0330,Maruti Suzuki,Swift,SUV,Petrol,Manual,South,Kerala,Kochi,1,917207.61,0.0541,867615.17,104784.57,Bank Finance
S00321,2025-03-14,C10562,Customer 0562,Honda,Elevate,SUV,Hybrid,Automatic,South,Andhra Pradesh,Visakhapatnam,1,953309.86,0.0354,919549.03,144594.18,Bank Finance
S04453,2025-03-14,C10426,Customer 0426,Mahindra,XUV700,SUV,Diesel,Manual,North,Delhi,New Delhi,1,1600910.35,0.0614,1502657.51,254618.77,Credit Card
S01254,2025-03-15,C10189,Customer 0189,Honda,Elevate,Sedan,Petrol,Automatic,North,Delhi,New Delhi,1,1837315.87,0.0831,1684635.54,199910.78,UPI
S03894,2025-03-16,C10985,Customer 0985,Volkswagen,Virtus,SUV,CNG,Automatic,West,Goa,Panaji,1,2277318.95,0.0227,2225712.1,238975.31,UPI
S00997,2025-03-16,C10001,Customer 0001,Kia,Carens,SUV,Hybrid,Automatic,South,Telangana,Hyderabad,1,1643857.67,0.068,1532081.22,161147.36,UPI
S04292,2025-03-16,C10224,Customer 0224,Honda,City,Sedan,Petrol,Automatic,North,Rajasthan,Jodhpur,1,1286511.85,0.0374,1238356.02,179054.58,Credit Card
S01646,2025-03-16,C10653,Customer 0653,Tata,Altroz,Hatchback,Petrol,Manual,North,Rajasthan,Jaipur,1,1379146.16,0.0342,1331984.36,150707.54,Bank Finance
S03573,2025-03-17,C10090,Customer 0090,Kia,Seltos,SUV,Petrol,Manual,East,Bihar,Gaya,1,2077202.67,0.0559,1961097.96,240422.92,Bank Finance
S01368,2025-03-17,C10144,Customer 0144,Hyundai,i20,Hatchback,Petrol,Automatic,North,Punjab,Ludhiana,1,1805671.98,0.034,1744253.92,331796.69,Bank Finance
S01055,2025-03-17,C10859,Customer 0859,Tata,Nexon,SUV,CNG,Manual,East,Jharkhand,Jamshedpur,1,1684125.17,0.0728,1561540.07,113456.96,Bank Finance
S02753,2025-03-17,C10507,Customer 0507,Maruti Suzuki,Baleno,Hatchback,Electric,Manual,South,Andhra Pradesh,Vijayawada,1,1214705.26,0.0432,1162251.76,50163.71,Bank Finance
S01932,2025-03-17,C10276,Customer 0276,Toyota,Urban Cruiser Hyryder,Hatchback,Diesel,Automatic,South,Telangana,Hyderabad,1,3152280.67,0.0317,3052407.69,169408.41,Bank Finance
S02134,2025-03-18,C10256,Customer 0256,Hyundai,Verna,SUV,Petrol,Manual,West,Maharashtra,Mumbai,1,1634370.93,0.0678,1523561.63,112737.34,Bank Finance
S02099,2025-03-18,C10843,Customer 0843,Tata,Nexon,SUV,Petrol,Automatic,West,Maharashtra,Mumbai,1,662433.39,0.042,634640.72,72732.92,Bank Finance
S02430,2025-03-18,C10178,Customer 0178,Honda,Elevate,Sedan,CNG,Automatic,East,Odisha,Bhubaneswar,1,733687.89,0.0677,684045.79,82197.79,UPI
S04478,2025-03-19,C10925,Customer 0925,Toyota,Fortuner,Hatchback,Diesel,Manual,North,Rajasthan,Jodhpur,1,3202065.3,0.0778,2953072.79,369171.25,Bank Finance
S00575,2025-03-19,C10258,Customer 0258,Volkswagen,Tiguan,Sedan,CNG,Automatic,East,Bihar,Patna,1,3739057.06,0.1054,3345134.17,353238.81,Bank Finance
S02569,2025-03-19,C11177,Customer 1177,Hyundai,Venue,Sedan,CNG,Manual,South,Karnataka,Mysuru,1,811312.59,0.0611,761715.74,106157.2,Bank Finance
S02493,2025-03-19,C10422,Customer 0422,Mahindra,XUV700,SUV,Electric,Manual,South,Tamil Nadu,Madurai,1,1473664.13,0.0529,1395691.14,120938.73,Bank Finance
S00592,2025-03-20,C10461,Customer 0461,Tata,Altroz,SUV,Petrol,Manual,South,Andhra Pradesh,Vijayawada,1,1444469.35,0.1012,1298255.73,71287.09,Bank Finance
S01709,2025-03-20,C10681,Customer 0681,Hyundai,Venue,Sedan,Petrol,Manual,West,Gujarat,Vadodara,1,1942231.44,0.0507,1843838.5,242545.41,Bank Finance
S04581,2025-03-20,C10896,Customer 0896,Maruti Suzuki,Grand Vitara,Hatchback,Hybrid,Automatic,North,Delhi,New Delhi,1,636862.11,0.0575,600218.38,33069.02,Bank Finance
S03663,2025-03-20,C10410,Customer 0410,Kia,Seltos,MPV,CNG,Manual,South,Telangana,Warangal,1,2423546.0,0.0727,2247471.18,232093.02,Bank Finance
S00646,2025-03-21,C10712,Customer 0712,Toyota,Urban Cruiser Hyryder,SUV,Electric,Automatic,West,Gujarat,Ahmedabad,1,3816183.6,0.0724,3539871.35,300116.92,UPI
S04871,2025-03-21,C10104,Customer 0104,Volkswagen,Taigun,SUV,Diesel,Automatic,North,Haryana,Gurugram,1,2592724.9,0.0614,2433459.38,337207.53,Cash
S01493,2025-03-21,C10403,Customer 0403,Mahindra,Thar,SUV,Electric,Automatic,North,Haryana,Gurugram,1,1694563.76,0.063,1587860.11,121221.25,Credit Card
S04440,2025-03-21,C10932,Customer 0932,Maruti Suzuki,Dzire,Hatchback,Petrol,Manual,North,Punjab,Chandigarh,1,752898.01,0.06,707761.15,81808.26,Bank Finance
S03821,2025-03-21,C11030,Customer 1030,Maruti Suzuki,Brezza,SUV,Diesel,Automatic,West,Gujarat,Ahmedabad,1,991410.46,0.0891,903054.24,58061.21,Credit Card
S01441,2025-03-23,C10244,Customer 0244,Hyundai,Exter,Sedan,Diesel,Manual,West,Maharashtra,Pune,1,1033141.53,0.0333,998760.66,95233.45,Bank Finance
S04495,2025-03-23,C10891,Customer 0891,Kia,Carens,SUV,Petrol,Manual,South,Tamil Nadu,Madurai,1,1683830.75,0.0594,1583843.96,163452.33,Credit Card
S01143,2025-03-23,C10291,Customer 0291,Hyundai,i20,Hatchback,Diesel,Automatic,East,West Bengal,Siliguri,1,1302509.69,0.0001,1302431.23,111751.12,UPI
S04327,2025-03-24,C10304,Customer 0304,Mahindra,XUV 3XO,SUV,CNG,Manual,South,Tamil Nadu,Coimbatore,1,1830533.1,0.096,1654852.13,169430.9,Cash
S01947,2025-03-25,C10790,Customer 0790,Hyundai,Verna,Sedan,Petrol,Manual,West,Gujarat,Ahmedabad,1,1262925.34,0.0544,1194180.14,108387.8,Bank Finance
S01694,2025-03-25,C10126,Customer 0126,Tata,Punch,Hatchback,CNG,Automatic,South,Andhra Pradesh,Vijayawada,1,1081606.63,0.0619,1014653.02,139225.57,UPI
S00617,2025-03-25,C10393,Customer 0393,Kia,Carens,MPV,Electric,Manual,South,Karnataka,Bengaluru,1,1350038.41,0.0484,1284726.79,154886.7,Bank Finance
S04016,2025-03-25,C10541,Customer 0541,Kia,Seltos,SUV,CNG,Automatic,West,Maharashtra,Nagpur,1,1561157.01,0.0442,1492123.53,181610.38,UPI
S01257,2025-03-26,C10114,Customer 0114,Mahindra,XUV700,SUV,Hybrid,Automatic,South,Tamil Nadu,Chennai,1,1423620.87,0.0424,1363275.18,152699.91,UPI
S03623,2025-03-26,C10650,Customer 0650,Hyundai,Creta,Hatchback,Hybrid,Automatic,South,Andhra Pradesh,Visakhapatnam,1,1042248.79,0.0506,989495.91,84317.4,Bank Finance
S04264,2025-03-27,C10464,Customer 0464,Tata,Punch,SUV,Petrol,Automatic,West,Gujarat,Rajkot,1,1635256.8,0.031,1584570.05,139771.89,UPI
S00220,2025-03-27,C10887,Customer 0887,Volkswagen,Virtus,Sedan,Petrol,Manual,South,Telangana,Warangal,1,2389173.48,0.0269,2324801.03,263194.69,Bank Finance
S02682,2025-03-28,C10643,Customer 0643,Toyota,Urban Cruiser Hyryder,SUV,Hybrid,Automatic,West,Maharashtra,Mumbai,1,2708677.33,0.0569,2554567.81,146870.09,Bank Finance
S02858,2025-03-28,C11087,Customer 1087,Hyundai,Verna,SUV,Electric,Manual,South,Tamil Nadu,Coimbatore,1,1541969.66,0.0558,1455912.02,165478.99,UPI
S04158,2025-03-28,C11033,Customer 1033,Toyota,Innova HyCross,MPV,Petrol,Automatic,South,Tamil Nadu,Madurai,1,4678433.89,0.0444,4470710.6,453355.56,UPI
S01933,2025-03-29,C10347,Customer 0347,Kia,Sonet,SUV,Hybrid,Automatic,North,Delhi,New Delhi,1,1454552.96,0.0637,1361828.93,197329.82,Bank Finance
S03263,2025-03-29,C10418,Customer 0418,Toyota,Glanza,SUV,Diesel,Manual,North,Haryana,Gurugram,1,1724299.36,0.0745,1595857.69,119856.84,UPI
S04183,2025-03-30,C10672,Customer 0672,Honda,Elevate,Sedan,Electric,Automatic,West,Gujarat,Rajkot,1,1722863.04,0.0683,1605149.16,157026.75,Credit Card
S01948,2025-03-30,C10801,Customer 0801,Volkswagen,Taigun,SUV,Petrol,Manual,South,Andhra Pradesh,Visakhapatnam,1,2970206.33,0.0303,2880353.02,342436.7,UPI
S04124,2025-03-30,C10843,Customer 0843,Toyota,Glanza,MPV,Hybrid,Manual,East,Odisha,Cuttack,1,3984593.47,0.092,3618154.14,572579.22,Bank Finance
S02739,2025-03-31,C10554,Customer 0554,Maruti Suzuki,Dzire,SUV,Petrol,Manual,South,Karnataka,Mysuru,1,1288161.1,0.0552,1217114.91,76814.49,Bank Finance
S00176,2025-03-31,C11038,Customer 1038,Maruti Suzuki,Dzire,Sedan,Electric,Automatic,South,Karnataka,Mangaluru,1,1144951.7,0.1188,1008878.46,95908.95,Bank Finance
S03206,2025-03-31,C10665,Customer 0665,Mahindra,Bolero,SUV,Petrol,Automatic,West,Maharashtra,Thane,1,2328322.6,0.019,2284169.49,167918.91,UPI
S01428,2025-04-01,C10052,Customer 0052,Hyundai,i20,Sedan,Diesel,Manual,South,Karnataka,Bengaluru,1,1892695.17,0.0719,1756608.87,249679.16,Credit Card
S04671,2025-04-01,C10141,Customer 0141,Tata,Safari,Hatchback,Diesel,Manual,East,Bihar,Gaya,1,1782721.28,0.0158,1754599.75,232403.68,Bank Finance
S00488,2025-04-01,C10664,Customer 0664,Hyundai,Verna,SUV,Electric,Automatic,East,Odisha,Cuttack,1,746154.52,0.0421,714750.67,52166.03,Bank Finance
S02061,2025-04-02,C10907,Customer 0907,Volkswagen,Virtus,SUV,Diesel,Automatic,West,Goa,Panaji,1,2711068.82,0.0422,2596615.79,128283.45,Bank Finance
S04729,2025-04-02,C10718,Customer 0718,Hyundai,i20,Hatchback,CNG,Automatic,West,Maharashtra,Mumbai,1,827612.35,0.0465,789125.12,86290.3,Credit Card
S00834,2025-04-03,C10634,Customer 0634,Hyundai,Exter,SUV,Electric,Automatic,West,Maharashtra,Mumbai,1,854295.8,0.0627,800702.03,46611.39,Bank Finance
S02804,2025-04-03,C10332,Customer 0332,Honda,City,Sedan,Petrol,Automatic,South,Karnataka,Mysuru,1,1415430.99,0.0617,1328121.57,161871.83,Bank Finance
S04410,2025-04-03,C11072,Customer 1072,Kia,Carens,SUV,Petrol,Manual,West,Gujarat,Rajkot,1,2427135.45,0.0915,2205124.04,273693.2,Bank Finance
S00925,2025-04-03,C10677,Customer 0677,Hyundai,Exter,Hatchback,Electric,Manual,West,Goa,Panaji,1,1446649.7,0.0871,1320685.62,194513.42,Credit Card
S02513,2025-04-04,C10715,Customer 0715,Mahindra,XUV 3XO,SUV,CNG,Manual,West,Maharashtra,Nashik,1,1925327.85,0.0692,1792058.61,62722.05,Cash
S00920,2025-04-04,C10642,Customer 0642,Hyundai,Creta,Sedan,CNG,Automatic,North,Delhi,New Delhi,1,1524957.31,0.0559,1439750.1,145340.16,Credit Card
S04894,2025-04-04,C10928,Customer 0928,Toyota,Urban Cruiser Hyryder,Hatchback,Diesel,Automatic,West,Maharashtra,Mumbai,1,3268195.45,0.0863,2986057.13,262814.98,Bank Finance
S04964,2025-04-04,C10710,Customer 0710,Tata,Nexon,SUV,Diesel,Manual,West,Maharashtra,Mumbai,1,1440194.01,0.0275,1400569.01,109356.74,Credit Card
S00899,2025-04-04,C11064,Customer 1064,Honda,Amaze,Sedan,Hybrid,Automatic,East,Odisha,Bhubaneswar,1,1669492.62,0.0148,1644855.55,219729.35,Credit Card
S00941,2025-04-05,C10820,Customer 0820,Mahindra,XUV700,SUV,Petrol,Manual,East,Odisha,Bhubaneswar,1,2668900.85,0.0423,2555888.91,154879.17,Bank Finance
S04548,2025-04-05,C10512,Customer 0512,Toyota,Urban Cruiser Hyryder,SUV,Electric,Automatic,South,Andhra Pradesh,Vijayawada,1,3905709.78,0.0608,3668405.84,322434.42,UPI
S03001,2025-04-05,C10190,Customer 0190,Maruti Suzuki,Swift,Hatchback,Diesel,Automatic,West,Goa,Panaji,1,966278.35,0.0392,928399.14,61495.38,Credit Card
S00971,2025-04-06,C10997,Customer 0997,Tata,Altroz,Hatchback,Hybrid,Automatic,North,Rajasthan,Udaipur,1,895479.37,0.0781,825524.66,138358.27,Bank Finance
S00961,2025-04-06,C10738,Customer 0738,Kia,Carens,SUV,Petrol,Automatic,South,Tamil Nadu,Madurai,1,1342673.1,0.039,1290299.28,83769.34,UPI
S02345,2025-04-06,C10233,Customer 0233,Volkswagen,Tiguan,Sedan,Electric,Automatic,West,Goa,Margao,1,3109858.48,0.0663,2903768.24,214529.19,Cash
S04046,2025-04-06,C10282,Customer 0282,Tata,Nexon,SUV,Petrol,Manual,West,Goa,Panaji,1,2107422.6,0.0617,1977459.52,158054.68,Bank Finance
S01004,2025-04-06,C10329,Customer 0329,Hyundai,Venue,Hatchback,Electric,Manual,South,Telangana,Warangal,1,937040.53,0.052,888271.19,176621.64,Bank Finance
S00474,2025-04-07,C11062,Customer 1062,Maruti Suzuki,Brezza,Sedan,Diesel,Automatic,West,Maharashtra,Thane,1,1335258.88,0.048,1271134.48,178655.36,Credit Card
S00147,2025-04-07,C10985,Customer 0985,Honda,Elevate,SUV,Electric,Manual,North,Rajasthan,Jaipur,1,1484517.26,0.0973,1340005.88,177930.4,Bank Finance
S03227,2025-04-07,C10820,Customer 0820,Honda,City,Sedan,Petrol,Manual,West,Goa,Margao,1,872749.24,0.0396,838171.07,80567.31,Bank Finance
S03028,2025-04-07,C10412,Customer 0412,Mahindra,XUV700,SUV,Electric,Manual,West,Goa,Margao,1,1707784.28,0.0314,1654100.95,171760.8,UPI
S00825,2025-04-07,C11134,Customer 1134,Tata,Harrier,SUV,Petrol,Manual,North,Delhi,New Delhi,1,1773909.64,0.0718,1646587.86,89541.59,Cash
S03724,2025-04-08,C10518,Customer 0518,Tata,Altroz,Hatchback,Petrol,Manual,South,Andhra Pradesh,Vijayawada,1,906332.32,0.0645,847904.15,84312.72,Bank Finance
S03764,2025-04-09,C10038,Customer 0038,Volkswagen,Taigun,Sedan,Diesel,Manual,South,Telangana,Hyderabad,1,3034754.56,0.0331,2934252.8,299313.0,Credit Card
S04035,2025-04-09,C11079,Customer 1079,Volkswagen,Tiguan,SUV,Petrol,Automatic,North,Uttar Pradesh,Noida,1,1797325.86,0.0549,1698577.5,301417.27,UPI
S03142,2025-04-10,C10106,Customer 0106,Maruti Suzuki,Dzire,Hatchback,Diesel,Manual,South,Kerala,Thiruvananthapuram,1,601553.43,0.0165,591656.62,64324.64,Bank Finance
S02568,2025-04-11,C10613,Customer 0613,Honda,Amaze,SUV,Diesel,Automatic,South,Telangana,Warangal,1,1645426.44,0.0543,1556095.7,276594.68,Bank Finance
S01160,2025-04-11,C10498,Customer 0498,Toyota,Fortuner,MPV,Petrol,Manual,South,Telangana,Warangal,1,1371019.04,0.056,1294298.18,138732.2,Bank Finance
S04545,2025-04-11,C11167,Customer 1167,Honda,Amaze,SUV,Petrol,Automatic,East,Bihar,Patna,1,1177201.23,0.0894,1071990.95,157940.51,Bank Finance
S04882,2025-04-11,C10154,Customer 0154,Volkswagen,Virtus,SUV,Petrol,Manual,South,Andhra Pradesh,Vijayawada,1,2852926.02,0.0409,2736173.08,156266.12,Bank Finance
S04300,2025-04-12,C10931,Customer 0931,Maruti Suzuki,Baleno,SUV,Petrol,Automatic,West,Gujarat,Ahmedabad,1,1187244.97,0.0514,1126246.94,65878.69,Cash
S00290,2025-04-12,C10693,Customer 0693,Hyundai,Exter,SUV,Petrol,Manual,North,Rajasthan,Jaipur,1,767819.85,0.0546,725927.06,61434.02,UPI
S03181,2025-04-12,C10090,Customer 0090,Toyota,Glanza,Hatchback,Electric,Automatic,North,Rajasthan,Jaipur,1,3200140.45,0.0701,2975741.41,289367.14,Bank Finance
S04630,2025-04-12,C10818,Customer 0818,Honda,Amaze,Sedan,Diesel,Manual,South,Telangana,Hyderabad,1,745979.22,0.0861,681727.23,102161.63,Bank Finance
S03164,2025-04-12,C11005,Customer 1005,Honda,Elevate,Sedan,Electric,Manual,West,Goa,Margao,1,2138244.73,0.0486,2034271.7,247748.44,Cash
S01527,2025-04-13,C10767,Customer 0767,Toyota,Fortuner,MPV,Electric,Manual,West,Gujarat,Ahmedabad,1,4140806.4,0.057,3904627.3,595594.17,Bank Finance
S02239,2025-04-13,C10092,Customer 0092,Mahindra,XUV 3XO,SUV,Diesel,Automatic,South,Andhra Pradesh,Vijayawada,1,1704276.61,0.055,1610465.47,164525.39,Bank Finance
S04732,2025-04-14,C10749,Customer 0749,Mahindra,XUV700,SUV,Electric,Automatic,East,West Bengal,Kolkata,1,2007745.31,0.1169,1773084.34,259638.38,UPI
S00174,2025-04-14,C10405,Customer 0405,Maruti Suzuki,Grand Vitara,SUV,Hybrid,Manual,West,Goa,Margao,1,1447052.44,0.0669,1350224.87,111072.18,Bank Finance
S02042,2025-04-14,C10298,Customer 0298,Volkswagen,Tiguan,Sedan,Diesel,Automatic,South,Karnataka,Bengaluru,1,1603809.2,0.0601,1507467.67,173953.79,Credit Card
S04117,2025-04-14,C10004,Customer 0004,Kia,Sonet,SUV,CNG,Manual,South,Andhra Pradesh,Vijayawada,1,1965971.74,0.0417,1884020.69,194295.29,UPI
S00064,2025-04-16,C11194,Customer 1194,Toyota,Fortuner,Hatchback,Petrol,Manual,West,Goa,Margao,1,1738054.65,0.0359,1675743.04,182644.36,UPI
S02979,2025-04-17,C11072,Customer 1072,Honda,City,Sedan,Electric,Manual,South,Telangana,Warangal,1,1272209.05,0.0554,1201678.64,168059.53,Bank Finance
S03179,2025-04-17,C10499,Customer 0499,Volkswagen,Virtus,SUV,Petrol,Automatic,North,Punjab,Amritsar,1,1083002.85,0.0,1083002.85,122809.7,UPI
S00458,2025-04-17,C10704,Customer 0704,Honda,Elevate,Sedan,Petrol,Automatic,North,Punjab,Amritsar,1,1450438.29,0.0675,1352545.87,106630.33,Cash
S02610,2025-04-17,C11121,Customer 1121,Hyundai,Verna,SUV,CNG,Automatic,South,Andhra Pradesh,Visakhapatnam,1,1634215.19,0.0408,1567588.66,160495.62,Cash
S01256,2025-04-19,C10388,Customer 0388,Honda,Amaze,SUV,Diesel,Automatic,South,Kerala,Kochi,1,839590.71,0.0554,793075.43,103253.72,Bank Finance
S04156,2025-04-19,C11072,Customer 1072,Tata,Nexon,Hatchback,CNG,Manual,South,Karnataka,Mysuru,1,2043669.55,0.0444,1952868.18,167244.21,Credit Card
S02368,2025-04-20,C10699,Customer 0699,Maruti Suzuki,Brezza,Hatchback,CNG,Manual,South,Karnataka,Bengaluru,1,1706170.41,0.0388,1639941.91,164691.62,Bank Finance
S04021,2025-04-20,C10356,Customer 0356,Tata,Safari,SUV,CNG,Manual,West,Maharashtra,Pune,1,973893.54,0.0641,911447.78,31900.67,Credit Card
S01800,2025-04-20,C10153,Customer 0153,Mahindra,XUV700,SUV,CNG,Automatic,South,Kerala,Thiruvananthapuram,1,2335022.49,0.0675,2177502.75,301003.48,Bank Finance
S03498,2025-04-20,C10181,Customer 0181,Mahindra,Thar,SUV,CNG,Manual,East,Jharkhand,Jamshedpur,1,2099217.17,0.0,2099217.17,207952.35,Cash
S04780,2025-04-20,C11107,Customer 1107,Volkswagen,Taigun,SUV,Hybrid,Automatic,East,Odisha,Bhubaneswar,1,3012272.39,0.1421,2584333.74,249162.33,Credit Card
S03440,2025-04-21,C10315,Customer 0315,Toyota,Fortuner,SUV,Electric,Automatic,East,Odisha,Cuttack,1,2494022.98,0.0592,2346330.73,269336.32,Bank Finance
S01609,2025-04-21,C10926,Customer 0926,Maruti Suzuki,Swift,Sedan,Petrol,Manual,West,Maharashtra,Mumbai,1,699732.24,0.1356,604813.68,36900.45,Credit Card
S03037,2025-04-21,C10711,Customer 0711,Honda,Amaze,SUV,CNG,Automatic,South,Kerala,Thiruvananthapuram,1,1772803.04,0.0452,1692705.75,179140.39,Credit Card
S02845,2025-04-21,C11107,Customer 1107,Honda,City,Sedan,Petrol,Automatic,East,Odisha,Cuttack,1,1919788.15,0.0602,1804139.28,143966.09,Bank Finance
S02956,2025-04-22,C10135,Customer 0135,Maruti Suzuki,Grand Vitara,Hatchback,Petrol,Automatic,North,Rajasthan,Udaipur,1,658904.48,0.084,603551.81,55075.32,UPI
S01286,2025-04-22,C10385,Customer 0385,Kia,Sonet,MPV,CNG,Manual,North,Uttar Pradesh,Noida,1,939392.22,0.0317,909650.73,78599.44,Bank Finance
S01954,2025-04-23,C10994,Customer 0994,Hyundai,Venue,Hatchback,Diesel,Manual,North,Punjab,Amritsar,1,1352528.16,0.0616,1269237.99,51752.15,UPI
S03044,2025-04-23,C10549,Customer 0549,Volkswagen,Virtus,SUV,Petrol,Manual,South,Andhra Pradesh,Vijayawada,1,2733628.3,0.0565,2579075.71,90267.65,Credit Card
S01514,2025-04-23,C10869,Customer 0869,Volkswagen,Taigun,Sedan,Petrol,Manual,South,Telangana,Hyderabad,1,3116193.05,0.0196,3055085.02,353338.91,Credit Card
S02934,2025-04-23,C10180,Customer 0180,Hyundai,Venue,Hatchback,Diesel,Automatic,East,Bihar,Patna,1,1019936.75,0.0295,989893.67,108695.81,Bank Finance
S04895,2025-04-24,C10652,Customer 0652,Tata,Nexon,Hatchback,Electric,Manual,West,Gujarat,Vadodara,1,1492330.81,0.0436,1427252.34,61762.41,Bank Finance
S01820,2025-04-24,C10665,Customer 0665,Maruti Suzuki,Baleno,SUV,Diesel,Manual,North,Uttar Pradesh,Kanpur,1,1102393.08,0.0701,1025079.16,178660.66,Bank Finance
S01662,2025-04-24,C10480,Customer 0480,Tata,Nexon,Hatchback,Hybrid,Automatic,East,Odisha,Cuttack,1,801714.33,0.1075,715552.2,73772.45,Credit Card
S02125,2025-04-24,C10324,Customer 0324,Maruti Suzuki,Swift,Sedan,CNG,Manual,West,Goa,Margao,1,730524.39,0.042,699817.15,47943.13,Cash
S04197,2025-04-25,C11166,Customer 1166,Volkswagen,Taigun,Sedan,Electric,Automatic,West,Goa,Margao,1,1912126.08,0.0689,1780452.11,262833.75,Bank Finance
S03488,2025-04-25,C11096,Customer 1096,Mahindra,XUV700,SUV,Petrol,Automatic,West,Goa,Panaji,1,1037987.08,0.0098,1027800.7,99390.22,Bank Finance
S03660,2025-04-25,C10790,Customer 0790,Toyota,Glanza,MPV,Petrol,Automatic,North,Uttar Pradesh,Kanpur,1,1219210.08,0.0395,1171081.89,150868.66,Bank Finance
S02247,2025-04-25,C10426,Customer 0426,Maruti Suzuki,Baleno,Sedan,CNG,Manual,West,Maharashtra,Nashik,1,1079652.77,0.0961,975909.13,159039.55,Credit Card
S04269,2025-04-25,C10629,Customer 0629,Honda,Elevate,SUV,Diesel,Manual,West,Maharashtra,Nashik,1,1182665.81,0.039,1136544.19,75659.24,Credit Card
S04742,2025-04-25,C10229,Customer 0229,Toyota,Urban Cruiser Hyryder,MPV,Hybrid,Manual,East,Odisha,Bhubaneswar,1,4386553.35,0.0542,4148694.39,265402.19,Bank Finance
S02765,2025-04-25,C11146,Customer 1146,Kia,Sonet,MPV,CNG,Automatic,West,Goa,Margao,1,1018570.16,0.0273,990784.72,156779.35,Bank Finance
S00804,2025-04-25,C10092,Customer 0092,Mahindra,XUV 3XO,SUV,CNG,Automatic,North,Uttar Pradesh,Kanpur,1,2029735.97,0.0607,1906514.34,219858.05,Bank Finance
S02973,2025-04-26,C10686,Customer 0686,Maruti Suzuki,Swift,Sedan,CNG,Automatic,South,Telangana,Hyderabad,1,1422651.32,0.0104,1407797.22,175545.41,Bank Finance
S02496,2025-04-26,C10802,Customer 0802,Toyota,Glanza,SUV,Electric,Automatic,West,Maharashtra,Mumbai,1,2406490.79,0.0785,2217497.69,240050.49,Bank Finance
S00384,2025-04-27,C10153,Customer 0153,Toyota,Fortuner,Hatchback,Petrol,Manual,East,Bihar,Gaya,1,4451779.27,0.0535,4213454.6,376268.87,Bank Finance
S03923,2025-04-27,C10565,Customer 0565,Hyundai,i20,Sedan,Hybrid,Automatic,South,Andhra Pradesh,Vijayawada,1,1966929.94,0.0372,1893752.46,151331.56,Bank Finance
S00424,2025-04-28,C10840,Customer 0840,Volkswagen,Taigun,Sedan,Hybrid,Manual,South,Tamil Nadu,Chennai,1,2690331.16,0.0912,2444851.09,85569.79,Credit Card
S02183,2025-04-28,C11041,Customer 1041,Toyota,Urban Cruiser Hyryder,Hatchback,Diesel,Automatic,North,Rajasthan,Udaipur,1,2933820.22,0.0618,2752618.75,229959.01,Bank Finance
S01951,2025-04-29,C10175,Customer 0175,Tata,Punch,Hatchback,Diesel,Automatic,South,Kerala,Thiruvananthapuram,1,1595069.84,0.038,1534444.6,223417.06,Credit Card
S04962,2025-04-30,C10208,Customer 0208,Honda,Elevate,Sedan,Petrol,Manual,South,Tamil Nadu,Coimbatore,1,1109351.79,0.0327,1073048.13,85941.7,Bank Finance
S01678,2025-04-30,C10587,Customer 0587,Maruti Suzuki,Brezza,SUV,Electric,Manual,West,Maharashtra,Nagpur,1,1269774.61,0.0446,1213168.39,48664.99,Bank Finance
S01496,2025-05-02,C10423,Customer 0423,Toyota,Fortuner,SUV,Petrol,Automatic,East,Jharkhand,Ranchi,1,3068708.39,0.0534,2904983.89,336299.74,Bank Finance
S01415,2025-05-02,C10255,Customer 0255,Hyundai,Exter,Hatchback,Petrol,Automatic,East,Odisha,Cuttack,1,844109.14,0.0484,803286.56,115243.3,Credit Card
S01183,2025-05-02,C10733,Customer 0733,Maruti Suzuki,Brezza,SUV,Petrol,Automatic,West,Goa,Panaji,1,1125746.38,0.0791,1036700.5,59956.67,Bank Finance
S01703,2025-05-02,C10541,Customer 0541,Tata,Safari,Hatchback,Diesel,Automatic,South,Telangana,Hyderabad,1,1529825.59,0.0835,1402069.13,187769.28,Credit Card
S01599,2025-05-02,C11096,Customer 1096,Mahindra,Thar,SUV,Hybrid,Automatic,East,Bihar,Gaya,1,2119393.48,0.0871,1934752.78,248543.3,Cash
S04571,2025-05-02,C10263,Customer 0263,Kia,Carens,SUV,Petrol,Automatic,West,Gujarat,Surat,1,1018377.56,0.0387,978925.72,161873.12,Bank Finance
S03684,2025-05-02,C10726,Customer 0726,Mahindra,Scorpio-N,SUV,Petrol,Automatic,East,Bihar,Patna,1,1852361.22,0.0651,1731828.29,118010.75,Credit Card
S01796,2025-05-03,C10861,Customer 0861,Tata,Harrier,Hatchback,Diesel,Manual,East,Jharkhand,Jamshedpur,1,701782.01,0.0261,683457.84,116344.56,Credit Card
S02040,2025-05-03,C10327,Customer 0327,Kia,Sonet,MPV,CNG,Manual,South,Telangana,Hyderabad,1,1044732.76,0.0716,969913.84,69029.07,Credit Card
S04059,2025-05-03,C10524,Customer 0524,Mahindra,XUV 3XO,SUV,Diesel,Automatic,West,Gujarat,Rajkot,1,1466189.69,0.0848,1341883.48,118618.24,Bank Finance
S03848,2025-05-03,C10517,Customer 0517,Kia,Sonet,MPV,Electric,Automatic,West,Gujarat,Rajkot,1,1303082.39,0.0497,1238316.23,81887.1,Bank Finance
S00360,2025-05-04,C10149,Customer 0149,Toyota,Urban Cruiser Hyryder,MPV,Petrol,Automatic,North,Uttar Pradesh,Lucknow,1,3544259.87,0.0556,3347296.62,485956.72,Bank Finance
S03108,2025-05-04,C10788,Customer 0788,Maruti Suzuki,Baleno,SUV,Diesel,Manual,West,Gujarat,Ahmedabad,1,1112052.84,0.0668,1037775.11,112855.76,Bank Finance
S04316,2025-05-04,C11130,Customer 1130,Mahindra,Scorpio-N,SUV,Hybrid,Manual,South,Andhra Pradesh,Vijayawada,1,1087446.92,0.0368,1047452.73,58849.32,Cash
S02851,2025-05-04,C10709,Customer 0709,Toyota,Innova HyCross,Hatchback,Petrol,Manual,South,Telangana,Warangal,1,1393492.97,0.0925,1264540.68,102149.43,Bank Finance
S04682,2025-05-04,C10385,Customer 0385,Kia,Seltos,MPV,Diesel,Manual,West,Goa,Margao,1,1484889.5,0.0507,1409662.57,207675.43,Bank Finance
S01329,2025-05-05,C10342,Customer 0342,Honda,City,Sedan,Petrol,Manual,East,Odisha,Cuttack,1,1172060.89,0.0422,1122631.6,70760.83,Credit Card
S02225,2025-05-06,C10377,Customer 0377,Tata,Altroz,SUV,Electric,Automatic,West,Gujarat,Ahmedabad,1,935275.55,0.0763,863932.38,112441.85,Bank Finance
S03674,2025-05-06,C10515,Customer 0515,Mahindra,Bolero,SUV,Petrol,Automatic,West,Goa,Margao,1,940241.93,0.0243,917440.23,85639.58,UPI
S03098,2025-05-06,C11101,Customer 1101,Tata,Punch,SUV,CNG,Automatic,North,Rajasthan,Jodhpur,1,1531147.27,0.025,1492856.42,87434.42,Bank Finance
S01744,2025-05-06,C10969,Customer 0969,Toyota,Glanza,Hatchback,Petrol,Automatic,West,Maharashtra,Nagpur,1,4071356.14,0.0514,3862230.23,168632.78,UPI
S02982,2025-05-06,C10166,Customer 0166,Maruti Suzuki,Swift,Hatchback,Hybrid,Automatic,West,Gujarat,Rajkot,1,975119.86,0.0614,915246.54,79507.02,UPI
S01068,2025-05-08,C10538,Customer 0538,Kia,Carens,SUV,Diesel,Automatic,West,Maharashtra,Thane,1,1182806.82,0.0446,1130039.07,144948.19,Cash
S00521,2025-05-08,C10318,Customer 0318,Mahindra,Scorpio-N,SUV,CNG,Automatic,North,Rajasthan,Jodhpur,1,1005471.52,0.0359,969381.33,104830.48,Cash
S04807,2025-05-08,C10477,Customer 0477,Toyota,Glanza,Hatchback,Petrol,Manual,West,Goa,Margao,1,4937039.25,0.0388,4745508.17,302323.2,Cash
S00898,2025-05-08,C11096,Customer 1096,Tata,Punch,SUV,Petrol,Manual,North,Delhi,New Delhi,1,1324309.95,0.0304,1284076.13,147438.11,Cash
S00248,2025-05-09,C10105,Customer 0105,Kia,Carens,SUV,Electric,Automatic,North,Delhi,New Delhi,1,1467116.51,0.0974,1324285.42,82272.25,Bank Finance
S02517,2025-05-09,C11065,Customer 1065,Kia,Seltos,SUV,Diesel,Manual,South,Andhra Pradesh,Vijayawada,1,1434630.04,0.0651,1341262.47,134451.73,Cash
S01960,2025-05-09,C10177,Customer 0177,Volkswagen,Tiguan,Sedan,Diesel,Manual,East,Odisha,Cuttack,1,3080717.46,0.0078,3056800.98,355701.78,Bank Finance
S04486,2025-05-09,C10304,Customer 0304,Toyota,Fortuner,SUV,Petrol,Automatic,South,Karnataka,Bengaluru,1,3020089.91,0.0341,2917027.35,531164.61,UPI
S02433,2025-05-10,C10755,Customer 0755,Hyundai,Verna,Sedan,Hybrid,Automatic,East,Odisha,Cuttack,1,684649.91,0.0276,665733.11,71703.29,Credit Card
S00942,2025-05-10,C10912,Customer 0912,Honda,City,SUV,CNG,Automatic,East,Bihar,Patna,1,1934408.04,0.1162,1709687.19,226527.0,Bank Finance
S00692,2025-05-11,C10121,Customer 0121,Maruti Suzuki,Swift,Hatchback,CNG,Manual,North,Delhi,New Delhi,1,1370286.96,0.0782,1263107.6,159012.16,Cash
S00509,2025-05-11,C10330,Customer 0330,Toyota,Innova HyCross,MPV,Petrol,Automatic,West,Goa,Panaji,1,1819916.63,0.0222,1779525.02,95964.5,UPI
S02723,2025-05-12,C10227,Customer 0227,Mahindra,XUV700,SUV,Diesel,Manual,North,Uttar Pradesh,Kanpur,1,1068128.54,0.0917,970225.39,49782.6,UPI
S01204,2025-05-12,C10880,Customer 0880,Hyundai,Venue,Hatchback,Diesel,Manual,North,Delhi,New Delhi,1,1434212.83,0.0731,1329304.79,147277.13,UPI
S01006,2025-05-12,C10853,Customer 0853,Honda,Elevate,SUV,Petrol,Manual,East,West Bengal,Siliguri,1,1040703.99,0.0459,992986.92,171040.89,Cash
S01755,2025-05-12,C11147,Customer 1147,Hyundai,Creta,Hatchback,Petrol,Manual,West,Gujarat,Rajkot,1,1139305.7,0.0467,1086070.41,133959.47,Credit Card
S04944,2025-05-12,C10593,Customer 0593,Hyundai,Creta,Hatchback,Petrol,Manual,West,Maharashtra,Mumbai,1,1847620.55,0.0368,1779687.44,243665.73,Bank Finance
S01074,2025-05-12,C10095,Customer 0095,Volkswagen,Virtus,SUV,Diesel,Manual,North,Rajasthan,Jaipur,1,2275201.51,0.0,2275201.51,253889.79,UPI
S04645,2025-05-13,C10672,Customer 0672,Honda,Elevate,SUV,Diesel,Automatic,West,Maharashtra,Nashik,1,944951.94,0.107,843882.33,116743.52,Bank Finance
S01349,2025-05-13,C10717,Customer 0717,Tata,Harrier,SUV,Diesel,Automatic,North,Rajasthan,Jodhpur,1,705063.83,0.0484,670969.57,47099.59,Cash
S00706,2025-05-14,C10844,Customer 0844,Hyundai,i20,Hatchback,Hybrid,Automatic,South,Kerala,Thiruvananthapuram,1,1585095.51,0.0678,1477556.02,254080.38,Bank Finance
S00291,2025-05-15,C10751,Customer 0751,Honda,Elevate,Sedan,Diesel,Manual,South,Andhra Pradesh,Vijayawada,1,1993880.48,0.0459,1902413.92,95469.72,Bank Finance
S02307,2025-05-15,C10617,Customer 0617,Honda,Amaze,Sedan,CNG,Manual,South,Kerala,Kochi,1,1503083.33,0.0349,1450566.63,204699.98,Cash
S01832,2025-05-16,C10033,Customer 0033,Hyundai,i20,SUV,Diesel,Manual,East,Odisha,Cuttack,1,779885.95,0.0457,744256.64,105633.74,Bank Finance
S00725,2025-05-16,C10528,Customer 0528,Maruti Suzuki,Baleno,SUV,Electric,Automatic,East,Jharkhand,Ranchi,1,727780.42,0.0638,681353.53,100165.09,Bank Finance
S03400,2025-05-16,C11070,Customer 1070,Volkswagen,Virtus,SUV,Petrol,Automatic,South,Tamil Nadu,Coimbatore,1,2316528.91,0.0561,2186575.45,322127.36,Bank Finance
S03602,2025-05-17,C10155,Customer 0155,Volkswagen,Virtus,SUV,Petrol,Automatic,West,Maharashtra,Pune,1,1783858.07,0.0479,1698342.89,163277.89,Bank Finance
S03595,2025-05-17,C10667,Customer 0667,Honda,City,SUV,Diesel,Automatic,North,Haryana,Gurugram,1,1412633.83,0.0619,1325223.59,134817.25,UPI
S01916,2025-05-17,C10209,Customer 0209,Tata,Safari,Hatchback,Petrol,Automatic,East,Odisha,Cuttack,1,673366.2,0.0098,666745.18,82444.91,Credit Card
S01405,2025-05-17,C10621,Customer 0621,Honda,Elevate,Sedan,Petrol,Manual,South,Andhra Pradesh,Vijayawada,1,1546368.36,0.0265,1505388.31,176542.48,Cash
S00228,2025-05-18,C10395,Customer 0395,Maruti Suzuki,Dzire,Sedan,CNG,Manual,South,Karnataka,Mysuru,1,845314.99,0.0546,799153.02,82848.32,Bank Finance
S04031,2025-05-18,C10149,Customer 0149,Tata,Harrier,Hatchback,Diesel,Automatic,South,Karnataka,Mysuru,1,2196529.53,0.0977,1981991.0,154724.11,Bank Finance
S01377,2025-05-18,C10861,Customer 0861,Honda,Elevate,SUV,Petrol,Manual,South,Tamil Nadu,Chennai,1,1709905.76,0.0816,1570423.64,130034.78,Cash
S03020,2025-05-18,C11108,Customer 1108,Kia,Seltos,MPV,Petrol,Manual,South,Tamil Nadu,Madurai,1,1106606.06,0.0858,1011631.82,111380.63,UPI
S03772,2025-05-19,C10793,Customer 0793,Volkswagen,Taigun,SUV,CNG,Manual,South,Karnataka,Mysuru,1,2672131.73,0.045,2551828.75,250041.38,UPI
S03220,2025-05-20,C11070,Customer 1070,Tata,Nexon,Hatchback,CNG,Manual,North,Delhi,New Delhi,1,2066627.19,0.0586,1945575.57,167383.29,UPI
S00838,2025-05-20,C10127,Customer 0127,Mahindra,Bolero,SUV,Petrol,Manual,North,Punjab,Ludhiana,1,1551456.44,0.0523,1470382.74,213425.8,UPI
S02077,2025-05-20,C11034,Customer 1034,Maruti Suzuki,Brezza,SUV,Electric,Manual,South,Telangana,Hyderabad,1,1163537.35,0.0509,1104361.41,93556.99,Cash
S00735,2025-05-20,C11086,Customer 1086,Hyundai,Venue,Sedan,Petrol,Manual,West,Gujarat,Vadodara,1,806405.69,0.0805,741454.02,114568.01,Credit Card
S00564,2025-05-21,C10540,Customer 0540,Maruti Suzuki,Swift,Hatchback,Diesel,Automatic,West,Goa,Margao,1,1182233.9,0.0504,1122625.28,136784.82,Cash
S03671,2025-05-21,C10852,Customer 0852,Mahindra,Bolero,SUV,Petrol,Manual,East,Jharkhand,Jamshedpur,1,1141457.71,0.0716,1059783.76,93791.4,UPI
S00965,2025-05-21,C10527,Customer 0527,Mahindra,Bolero,SUV,Hybrid,Automatic,West,Maharashtra,Pune,1,1417862.62,0.043,1356924.07,180124.45,UPI
S04426,2025-05-21,C10873,Customer 0873,Maruti Suzuki,Swift,Sedan,Diesel,Automatic,West,Goa,Margao,1,836334.17,0.052,792806.49,95747.21,UPI
S02935,2025-05-21,C10155,Customer 0155,Toyota,Innova HyCross,MPV,Electric,Manual,South,Telangana,Hyderabad,1,3815321.42,0.0269,3712540.49,500862.87,Bank Finance
S00152,2025-05-22,C10680,Customer 0680,Mahindra,XUV700,SUV,Electric,Automatic,West,Goa,Margao,1,1414723.48,0.0571,1334006.98,109335.04,Credit Card
S04641,2025-05-23,C10403,Customer 0403,Hyundai,i20,Hatchback,Petrol,Automatic,North,Rajasthan,Jodhpur,1,1717772.41,0.0002,1717395.03,189365.59,Cash
S04431,2025-05-23,C11095,Customer 1095,Maruti Suzuki,Baleno,SUV,CNG,Automatic,South,Tamil Nadu,Chennai,1,1187122.91,0.0775,1095172.94,64478.14,Bank Finance
S01393,2025-05-23,C10159,Customer 0159,Toyota,Glanza,SUV,Petrol,Automatic,West,Maharashtra,Thane,1,3028863.89,0.0439,2896026.01,179447.17,Bank Finance
S01541,2025-05-23,C10284,Customer 0284,Tata,Nexon,SUV,Petrol,Manual,East,West Bengal,Kolkata,1,1879403.9,0.0545,1777029.52,80969.4,Bank Finance
S00496,2025-05-24,C10707,Customer 0707,Mahindra,Thar,SUV,CNG,Manual,East,West Bengal,Kolkata,1,1467272.08,0.0403,1408183.46,216433.7,Credit Card
S04381,2025-05-24,C10505,Customer 0505,Tata,Punch,Hatchback,Diesel,Manual,East,Bihar,Gaya,1,1132356.04,0.0629,1061148.3,62512.65,Credit Card
S04575,2025-05-24,C10978,Customer 0978,Kia,Seltos,MPV,Diesel,Manual,South,Tamil Nadu,Coimbatore,1,894485.83,0.0852,818300.22,35539.25,UPI
S00924,2025-05-24,C10991,Customer 0991,Maruti Suzuki,Brezza,Sedan,Diesel,Manual,North,Rajasthan,Jaipur,1,810193.74,0.0743,750036.41,68331.78,Credit Card
S00004,2025-05-24,C10770,Customer 0770,Toyota,Urban Cruiser Hyryder,MPV,Diesel,Automatic,North,Punjab,Ludhiana,1,3422881.51,0.0126,3379646.97,368781.03,Bank Finance
S02158,2025-05-24,C10109,Customer 0109,Maruti Suzuki,Grand Vitara,Sedan,Petrol,Automatic,North,Punjab,Amritsar,1,708032.37,0.0514,671652.08,69298.64,Credit Card
S02657,2025-05-25,C10153,Customer 0153,Mahindra,Thar,SUV,CNG,Automatic,West,Maharashtra,Thane,1,2135588.27,0.084,1956303.7,168404.08,Bank Finance
S03011,2025-05-25,C10202,Customer 0202,Maruti Suzuki,Brezza,SUV,Petrol,Automatic,West,Gujarat,Ahmedabad,1,1191612.27,0.0375,1146974.44,110678.58,UPI
S04658,2025-05-26,C10965,Customer 0965,Maruti Suzuki,Grand Vitara,SUV,Electric,Automatic,East,West Bengal,Kolkata,1,1329672.32,0.0629,1246080.42,86436.33,Bank Finance
S01372,2025-05-26,C11143,Customer 1143,Honda,Elevate,Sedan,Petrol,Automatic,North,Rajasthan,Udaipur,1,1378369.94,0.0668,1286232.83,189098.59,Cash
S04290,2025-05-26,C10669,Customer 0669,Toyota,Urban Cruiser Hyryder,Hatchback,Electric,Manual,North,Haryana,Gurugram,1,3270360.52,0.0424,3131716.34,227162.02,Bank Finance
S02809,2025-05-27,C10409,Customer 0409,Hyundai,i20,SUV,Petrol,Manual,West,Gujarat,Rajkot,1,806127.21,0.0793,742206.49,71211.99,Credit Card
S00356,2025-05-27,C10637,Customer 0637,Maruti Suzuki,Dzire,SUV,Petrol,Automatic,South,Tamil Nadu,Chennai,1,1473943.94,0.0107,1458157.35,68977.32,Credit Card
S03516,2025-05-27,C11081,Customer 1081,Maruti Suzuki,Baleno,Hatchback,Petrol,Manual,East,Jharkhand,Jamshedpur,1,804585.56,0.0602,756115.51,120906.11,Bank Finance
S04666,2025-05-27,C10659,Customer 0659,Hyundai,i20,Sedan,Electric,Manual,West,Maharashtra,Mumbai,1,1464244.96,0.0496,1391644.89,137323.48,Bank Finance
S04029,2025-05-28,C10541,Customer 0541,Honda,City,SUV,Petrol,Manual,North,Punjab,Ludhiana,1,1700702.78,0.0676,1585756.53,124545.56,Bank Finance
S03228,2025-05-28,C11083,Customer 1083,Tata,Harrier,Hatchback,Diesel,Manual,North,Punjab,Ludhiana,1,1668948.65,0.0504,1584864.52,269751.73,Bank Finance
S01422,2025-05-29,C11002,Customer 1002,Maruti Suzuki,Swift,SUV,Petrol,Manual,South,Andhra Pradesh,Vijayawada,1,1368892.64,0.0764,1264361.04,82737.41,UPI
S03749,2025-05-30,C11105,Customer 1105,Tata,Safari,SUV,Petrol,Manual,North,Rajasthan,Udaipur,1,1031771.28,0.0694,960121.6,108825.19,Bank Finance
S00451,2025-05-31,C10182,Customer 0182,Volkswagen,Virtus,SUV,Electric,Manual,North,Uttar Pradesh,Kanpur,1,2911263.13,0.0631,2727477.94,207718.12,Bank Finance
S03153,2025-05-31,C10159,Customer 0159,Tata,Safari,SUV,CNG,Automatic,West,Goa,Margao,1,667359.3,0.0373,642439.23,44161.61,Credit Card
S02714,2025-05-31,C10149,Customer 0149,Mahindra,Thar,SUV,CNG,Automatic,West,Maharashtra,Nashik,1,1257548.84,0.0,1257548.84,76166.96,Bank Finance
S03524,2025-05-31,C10198,Customer 0198,Kia,Carens,SUV,CNG,Automatic,South,Kerala,Thiruvananthapuram,1,2297284.17,0.0341,2219055.14,145859.51,UPI
S02317,2025-06-01,C10803,Customer 0803,Kia,Carens,SUV,Petrol,Manual,North,Rajasthan,Udaipur,1,1930123.23,0.052,1829678.52,176680.24,UPI
S04160,2025-06-01,C10865,Customer 0865,Tata,Safari,Hatchback,CNG,Manual,West,Maharashtra,Nagpur,1,890492.35,0.0382,856495.7,109404.02,Bank Finance
S01641,2025-06-01,C10043,Customer 0043,Honda,City,Sedan,Hybrid,Automatic,East,Jharkhand,Jamshedpur,1,1191543.78,0.0806,1095486.09,43709.16,Bank Finance
S01543,2025-06-02,C10429,Customer 0429,Tata,Safari,SUV,Diesel,Manual,North,Delhi,New Delhi,1,2293987.79,0.0342,2215632.73,129423.67,Bank Finance
S00106,2025-06-02,C10988,Customer 0988,Maruti Suzuki,Baleno,Hatchback,Diesel,Manual,North,Haryana,Gurugram,1,1092250.91,0.0713,1014393.45,66068.11,Bank Finance
S01125,2025-06-02,C10129,Customer 0129,Tata,Harrier,Hatchback,Petrol,Automatic,West,Gujarat,Rajkot,1,1717449.82,0.014,1693350.45,156869.26,Bank Finance
S00833,2025-06-02,C10344,Customer 0344,Kia,Sonet,SUV,Diesel,Manual,East,Bihar,Gaya,1,1752069.49,0.0602,1646638.84,174310.05,Cash
S00573,2025-06-02,C10722,Customer 0722,Honda,Elevate,Sedan,Petrol,Manual,North,Uttar Pradesh,Kanpur,1,996504.94,0.0378,958829.6,145585.11,Bank Finance
S02241,2025-06-02,C10534,Customer 0534,Tata,Altroz,Hatchback,Electric,Manual,North,Uttar Pradesh,Kanpur,1,1812323.31,0.0669,1691075.64,141902.19,Bank Finance
S02572,2025-06-03,C10176,Customer 0176,Maruti Suzuki,Baleno,Sedan,CNG,Automatic,West,Goa,Margao,1,1595666.91,0.0513,1513761.93,166814.62,Bank Finance
S02951,2025-06-04,C10205,Customer 0205,Maruti Suzuki,Swift,Sedan,Petrol,Automatic,South,Tamil Nadu,Chennai,1,1251567.03,0.0518,1186792.07,111713.88,Cash
S01857,2025-06-04,C10799,Customer 0799,Honda,City,SUV,Hybrid,Automatic,West,Goa,Margao,1,1201797.96,0.0273,1169001.56,118678.27,Bank Finance
S03542,2025-06-04,C10124,Customer 0124,Kia,Sonet,MPV,Diesel,Manual,North,Uttar Pradesh,Noida,1,797912.0,0.0108,789293.59,28049.73,Credit Card
S01991,2025-06-04,C10577,Customer 0577,Kia,Carens,MPV,Electric,Automatic,North,Haryana,Faridabad,1,1843350.49,0.0556,1740793.87,60927.79,UPI
S04033,2025-06-04,C10613,Customer 0613,Maruti Suzuki,Baleno,Hatchback,CNG,Manual,West,Goa,Margao,1,1520068.2,0.0483,1446684.19,109171.52,Bank Finance
S00438,2025-06-05,C10191,Customer 0191,Tata,Altroz,Hatchback,Petrol,Manual,West,Goa,Margao,1,1783256.14,0.0684,1661224.54,122264.17,Bank Finance
S00490,2025-06-05,C10571,Customer 0571,Maruti Suzuki,Brezza,Sedan,Diesel,Automatic,South,Karnataka,Mangaluru,1,1059816.38,0.0451,1012011.99,145224.05,UPI
S04362,2025-06-05,C10061,Customer 0061,Tata,Nexon,SUV,Diesel,Manual,South,Karnataka,Mangaluru,1,1856558.58,0.0562,1752161.57,207053.72,Bank Finance
S02484,2025-06-05,C10126,Customer 0126,Tata,Safari,SUV,Diesel,Automatic,South,Karnataka,Mangaluru,1,926783.86,0.0684,863392.67,63877.8,Bank Finance
S01824,2025-06-05,C11114,Customer 1114,Volkswagen,Taigun,Sedan,Electric,Automatic,South,Karnataka,Bengaluru,1,2885502.42,0.0346,2785541.52,331661.36,Cash
S04298,2025-06-05,C10450,Customer 0450,Tata,Safari,SUV,Diesel,Manual,West,Gujarat,Ahmedabad,1,1900738.22,0.0423,1820278.21,250846.21,UPI
S02931,2025-06-05,C11003,Customer 1003,Maruti Suzuki,Dzire,Sedan,Diesel,Manual,South,Tamil Nadu,Chennai,1,849353.48,0.0515,805602.78,103219.02,Bank Finance
S04319,2025-06-06,C10688,Customer 0688,Maruti Suzuki,Baleno,Sedan,Petrol,Automatic,South,Kerala,Kochi,1,1081628.17,0.0488,1028882.73,128507.39,Credit Card
S03110,2025-06-06,C10263,Customer 0263,Kia,Carens,MPV,Hybrid,Automatic,East,Jharkhand,Ranchi,1,1355628.61,0.036,1306774.64,173456.79,Bank Finance
S04062,2025-06-06,C10609,Customer 0609,Maruti Suzuki,Swift,Sedan,Petrol,Manual,West,Gujarat,Ahmedabad,1,685780.81,0.0987,618112.78,47999.14,Bank Finance
S00559,2025-06-06,C10440,Customer 0440,Volkswagen,Tiguan,Sedan,CNG,Automatic,East,Odisha,Cuttack,1,2178679.93,0.0646,2037943.42,145131.84,Credit Card
S02477,2025-06-06,C10371,Customer 0371,Toyota,Glanza,SUV,CNG,Automatic,West,Goa,Panaji,1,3352473.36,0.0249,3268904.91,485299.16,Credit Card
S00968,2025-06-06,C10486,Customer 0486,Kia,Sonet,SUV,Electric,Automatic,West,Goa,Margao,1,2309561.48,0.0871,2108447.22,158496.27,Cash
S00729,2025-06-07,C10189,Customer 0189,Maruti Suzuki,Dzire,SUV,Electric,Automatic,South,Karnataka,Mangaluru,1,1421131.24,0.0402,1364046.15,99381.92,UPI
S04808,2025-06-08,C10734,Customer 0734,Honda,Amaze,SUV,Petrol,Manual,South,Karnataka,Mangaluru,1,915504.34,0.0392,879606.35,122288.75,Credit Card
S01180,2025-06-08,C10121,Customer 0121,Maruti Suzuki,Baleno,Sedan,Petrol,Automatic,North,Rajasthan,Udaipur,1,953716.87,0.0756,881617.09,124995.71,UPI
S00483,2025-06-08,C10185,Customer 0185,Maruti Suzuki,Grand Vitara,SUV,Electric,Manual,East,Bihar,Gaya,1,1034048.26,0.0687,962958.12,135006.13,Bank Finance
S04414,2025-06-09,C10707,Customer 0707,Hyundai,i20,Sedan,Diesel,Automatic,West,Maharashtra,Nashik,1,1399602.97,0.0491,1330913.03,155281.26,Bank Finance
S04505,2025-06-09,C10095,Customer 0095,Maruti Suzuki,Baleno,SUV,CNG,Manual,North,Punjab,Chandigarh,1,693981.04,0.0516,658167.56,36934.23,UPI
S03739,2025-06-10,C10190,Customer 0190,Tata,Nexon,SUV,Petrol,Manual,South,Telangana,Hyderabad,1,1243005.46,0.0751,1149695.03,99855.69,Bank Finance
S03238,2025-06-10,C11085,Customer 1085,Honda,City,SUV,Petrol,Automatic,East,Jharkhand,Ranchi,1,1635101.36,0.052,1550107.56,276188.42,Credit Card
S02081,2025-06-10,C10613,Customer 0613,Tata,Nexon,Hatchback,Electric,Automatic,West,Gujarat,Surat,1,1528413.11,0.0855,1397684.84,113127.74,Cash
S03818,2025-06-10,C10134,Customer 0134,Honda,City,Sedan,Electric,Automatic,North,Haryana,Faridabad,1,788281.64,0.0496,749153.71,89417.72,UPI
S02008,2025-06-10,C10149,Customer 0149,Hyundai,Creta,SUV,CNG,Automatic,North,Haryana,Gurugram,1,1793370.33,0.0468,1709444.48,133386.35,Credit Card
S02215,2025-06-11,C10538,Customer 0538,Maruti Suzuki,Baleno,Sedan,Petrol,Manual,North,Haryana,Gurugram,1,1171392.92,0.0688,1090856.06,60460.25,Cash
S00577,2025-06-11,C10797,Customer 0797,Kia,Seltos,SUV,Hybrid,Automatic,East,Bihar,Patna,1,1525608.81,0.0625,1430195.99,139226.5,Credit Card
S00611,2025-06-12,C10185,Customer 0185,Tata,Punch,SUV,CNG,Automatic,West,Maharashtra,Pune,1,1675901.86,0.0445,1601308.12,184598.16,Bank Finance
S03999,2025-06-12,C10931,Customer 0931,Mahindra,Bolero,SUV,Diesel,Manual,West,Maharashtra,Pune,1,1180258.62,0.0471,1124667.3,155477.46,UPI
S01529,2025-06-12,C10149,Customer 0149,Mahindra,Bolero,SUV,Electric,Automatic,East,Jharkhand,Jamshedpur,1,1290671.01,0.0537,1221367.86,101580.11,Bank Finance
S00787,2025-06-13,C10693,Customer 0693,Kia,Carens,MPV,CNG,Automatic,North,Uttar Pradesh,Lucknow,1,1971755.6,0.0275,1917582.23,225079.73,Bank Finance
S02567,2025-06-13,C10546,Customer 0546,Maruti Suzuki,Grand Vitara,SUV,CNG,Manual,South,Karnataka,Mysuru,1,894212.64,0.0322,865389.76,58297.47,Credit Card
S02863,2025-06-13,C11002,Customer 1002,Honda,City,SUV,Petrol,Automatic,South,Andhra Pradesh,Visakhapatnam,1,1058696.76,0.0429,1013317.85,114510.31,Credit Card
S04744,2025-06-13,C10715,Customer 0715,Kia,Seltos,MPV,Petrol,Automatic,South,Karnataka,Mangaluru,1,877841.65,0.0475,836106.54,71927.93,UPI
S01581,2025-06-14,C10654,Customer 0654,Honda,Elevate,SUV,Hybrid,Manual,South,Tamil Nadu,Coimbatore,1,1071972.4,0.0645,1002810.37,86038.55,Bank Finance
S03005,2025-06-15,C10126,Customer 0126,Volkswagen,Virtus,Sedan,Electric,Automatic,South,Karnataka,Mysuru,1,3052587.64,0.0878,2784453.83,384509.19,Bank Finance
S02622,2025-06-15,C10249,Customer 0249,Kia,Sonet,SUV,Hybrid,Manual,North,Delhi,New Delhi,1,2094223.73,0.0311,2029149.69,160345.67,Cash
S03784,2025-06-15,C11076,Customer 1076,Volkswagen,Taigun,SUV,Diesel,Manual,South,Andhra Pradesh,Vijayawada,1,1863210.65,0.0924,1690988.83,200777.33,UPI
S04278,2025-06-15,C10081,Customer 0081,Tata,Punch,Hatchback,CNG,Manual,South,Tamil Nadu,Madurai,1,1510256.97,0.0686,1406710.33,231907.37,Bank Finance
S00432,2025-06-15,C10113,Customer 0113,Mahindra,Thar,SUV,Petrol,Automatic,South,Tamil Nadu,Coimbatore,1,1273315.19,0.0308,1234114.11,151566.8,UPI
S04364,2025-06-15,C10678,Customer 0678,Tata,Altroz,Hatchback,Electric,Automatic,North,Rajasthan,Jodhpur,1,1819891.72,0.0306,1764133.29,164723.58,Bank Finance
S01878,2025-06-15,C10568,Customer 0568,Mahindra,Bolero,SUV,Diesel,Manual,North,Haryana,Faridabad,1,1192370.73,0.0265,1160799.76,123932.5,Bank Finance
S01805,2025-06-16,C10634,Customer 0634,Honda,City,SUV,Diesel,Automatic,North,Punjab,Ludhiana,1,1249141.1,0.0584,1176136.13,157622.42,Bank Finance
S00976,2025-06-16,C10852,Customer 0852,Toyota,Glanza,Hatchback,Electric,Automatic,East,West Bengal,Siliguri,1,1886381.49,0.0769,1741388.2,236019.45,Cash
S02189,2025-06-17,C10473,Customer 0473,Mahindra,XUV 3XO,SUV,Diesel,Manual,East,Bihar,Patna,1,1165517.39,0.0805,1071714.9,127076.72,Bank Finance
S01047,2025-06-17,C10407,Customer 0407,Hyundai,Verna,SUV,Petrol,Automatic,North,Uttar Pradesh,Noida,1,1996351.46,0.0293,1937940.18,224997.2,UPI
S02293,2025-06-17,C11024,Customer 1024,Kia,Sonet,MPV,CNG,Manual,North,Haryana,Faridabad,1,2017517.74,0.0259,1965254.05,234821.76,Bank Finance
S02248,2025-06-17,C10582,Customer 0582,Hyundai,Venue,SUV,CNG,Automatic,North,Rajasthan,Jodhpur,1,859529.78,0.0523,814552.87,109988.26,Bank Finance
S02356,2025-06-18,C11072,Customer 1072,Mahindra,XUV 3XO,SUV,Hybrid,Automatic,West,Goa,Panaji,1,1937388.38,0.0947,1753876.56,199138.59,UPI
S03312,2025-06-18,C10235,Customer 0235,Honda,Amaze,Sedan,Electric,Manual,South,Karnataka,Mangaluru,1,1272720.71,0.0353,1227835.57,117622.44,Bank Finance
S02546,2025-06-19,C10500,Customer 0500,Toyota,Glanza,MPV,Electric,Automatic,East,West Bengal,Kolkata,1,864503.84,0.0265,841615.69,113409.6,UPI
S03572,2025-06-19,C10424,Customer 0424,Mahindra,Thar,SUV,CNG,Manual,West,Gujarat,Vadodara,1,999610.68,0.0545,945093.1,113134.92,Bank Finance
S02930,2025-06-19,C10120,Customer 0120,Kia,Sonet,MPV,CNG,Automatic,East,Jharkhand,Jamshedpur,1,2273751.67,0.0482,2164169.15,216127.71,UPI
S04760,2025-06-19,C10074,Customer 0074,Volkswagen,Virtus,Sedan,Diesel,Automatic,West,Maharashtra,Thane,1,2821446.28,0.0539,2669464.88,115150.45,Bank Finance
S01060,2025-06-19,C10983,Customer 0983,Tata,Safari,SUV,Diesel,Manual,West,Gujarat,Rajkot,1,2143079.02,0.0608,2012821.68,181768.49,Bank Finance
S01721,2025-06-19,C10716,Customer 0716,Kia,Carens,MPV,Diesel,Automatic,South,Andhra Pradesh,Vijayawada,1,950146.67,0.031,920666.25,92514.43,Cash
S02114,2025-06-20,C10624,Customer 0624,Kia,Seltos,MPV,Electric,Manual,South,Telangana,Warangal,1,1189275.95,0.0518,1127718.14,117825.71,UPI
S01638,2025-06-20,C10455,Customer 0455,Honda,Elevate,SUV,Petrol,Automatic,West,Maharashtra,Thane,1,1714289.72,0.0579,1615000.67,111308.62,Credit Card
S02826,2025-06-21,C10890,Customer 0890,Toyota,Urban Cruiser Hyryder,MPV,CNG,Automatic,North,Delhi,New Delhi,1,3800379.47,0.0698,3535155.45,309366.86,Bank Finance
S03761,2025-06-22,C10095,Customer 0095,Toyota,Innova HyCross,MPV,Petrol,Manual,South,Telangana,Hyderabad,1,4288977.7,0.0169,4216488.31,490502.29,Cash
S02207,2025-06-22,C10727,Customer 0727,Mahindra,XUV700,SUV,CNG,Manual,East,Bihar,Gaya,1,2095005.62,0.0493,1991646.02,289141.62,Cash
S04600,2025-06-22,C10062,Customer 0062,Mahindra,XUV700,SUV,CNG,Manual,West,Maharashtra,Nagpur,1,1645345.43,0.0571,1551384.09,200473.87,Credit Card
S03591,2025-06-23,C10085,Customer 0085,Tata,Nexon,Hatchback,Electric,Automatic,East,West Bengal,Kolkata,1,1966561.84,0.1001,1769676.8,114768.27,Credit Card
S04929,2025-06-23,C10011,Customer 0011,Tata,Altroz,Hatchback,Petrol,Manual,West,Gujarat,Ahmedabad,1,953867.88,0.0512,904998.03,54601.92,Bank Finance
S02805,2025-06-23,C10505,Customer 0505,Toyota,Glanza,MPV,Hybrid,Automatic,East,Odisha,Cuttack,1,1676798.81,0.0852,1533962.51,68567.41,Bank Finance
S01624,2025-06-25,C11099,Customer 1099,Honda,Elevate,SUV,Electric,Automatic,West,Gujarat,Surat,1,1135533.11,0.0839,1040317.33,112107.91,Bank Finance
S00022,2025-06-25,C11092,Customer 1092,Toyota,Innova HyCross,SUV,Diesel,Automatic,South,Andhra Pradesh,Visakhapatnam,1,3844200.52,0.0504,3650342.28,405807.44,Bank Finance
S03003,2025-06-25,C10948,Customer 0948,Tata,Punch,SUV,CNG,Manual,West,Maharashtra,Nagpur,1,1978486.95,0.0247,1929676.55,206167.67,Bank Finance
S04529,2025-06-26,C10190,Customer 0190,Kia,Sonet,SUV,Hybrid,Automatic,South,Karnataka,Mangaluru,1,2109148.07,0.0147,2078222.96,303100.77,Bank Finance
S03311,2025-06-26,C10354,Customer 0354,Mahindra,XUV700,SUV,Electric,Automatic,South,Tamil Nadu,Chennai,1,2013186.74,0.0549,1902626.54,326346.46,Bank Finance
S02787,2025-06-26,C11047,Customer 1047,Kia,Carens,MPV,Diesel,Manual,North,Delhi,New Delhi,1,922672.65,0.0838,845334.21,90094.3,Credit Card
S04328,2025-06-26,C11159,Customer 1159,Toyota,Glanza,Hatchback,Petrol,Manual,East,Odisha,Cuttack,1,4454510.42,0.0329,4308086.13,478147.37,Bank Finance
S00711,2025-06-26,C10422,Customer 0422,Mahindra,XUV700,SUV,Petrol,Automatic,East,West Bengal,Kolkata,1,876526.86,0.0903,797342.93,110573.7,UPI
S01785,2025-06-27,C10110,Customer 0110,Volkswagen,Taigun,SUV,Electric,Automatic,North,Rajasthan,Jaipur,1,2288981.67,0.0322,2215291.99,144308.58,Bank Finance
S01302,2025-06-27,C10753,Customer 0753,Toyota,Fortuner,Hatchback,CNG,Automatic,East,Jharkhand,Jamshedpur,1,1525422.16,0.0407,1463284.25,138622.1,Bank Finance
S02174,2025-06-27,C11061,Customer 1061,Mahindra,XUV 3XO,SUV,Electric,Manual,South,Tamil Nadu,Coimbatore,1,2099925.93,0.0277,2041714.25,209808.89,Bank Finance
S02227,2025-06-27,C10406,Customer 0406,Volkswagen,Virtus,SUV,CNG,Manual,South,Andhra Pradesh,Visakhapatnam,1,1908824.42,0.0327,1846428.19,169945.79,Bank Finance
S03027,2025-06-28,C10632,Customer 0632,Maruti Suzuki,Baleno,SUV,CNG,Manual,West,Goa,Margao,1,1607348.02,0.0796,1479411.85,109323.89,Bank Finance
S03528,2025-06-28,C10024,Customer 0024,Mahindra,XUV700,SUV,Electric,Manual,North,Uttar Pradesh,Noida,1,1132014.12,0.0116,1118890.2,125141.55,Credit Card
S03562,2025-06-28,C10263,Customer 0263,Tata,Safari,SUV,Petrol,Automatic,East,Bihar,Gaya,1,2104416.89,0.0405,2019242.25,237173.69,Bank Finance
S03234,2025-06-28,C10451,Customer 0451,Kia,Seltos,MPV,Diesel,Manual,West,Goa,Margao,1,1461628.31,0.0749,1352180.67,93828.67,Cash
S04071,2025-06-29,C10534,Customer 0534,Hyundai,Verna,SUV,Petrol,Automatic,South,Telangana,Hyderabad,1,1046428.69,0.0525,991497.75,61844.43,Bank Finance
S02849,2025-06-29,C11095,Customer 1095,Mahindra,Thar,SUV,Electric,Automatic,East,West Bengal,Kolkata,1,1837866.75,0.0582,1730908.79,243188.61,Bank Finance
S00816,2025-06-29,C10518,Customer 0518,Volkswagen,Virtus,Sedan,Electric,Manual,East,Jharkhand,Ranchi,1,1203285.63,0.0667,1123001.86,142029.27,Bank Finance
S03783,2025-06-30,C10395,Customer 0395,Mahindra,Thar,SUV,Hybrid,Automatic,East,West Bengal,Siliguri,1,1109847.49,0.099,999999.8,41961.76,Bank Finance
S02877,2025-06-30,C10946,Customer 0946,Tata,Harrier,SUV,Petrol,Automatic,West,Maharashtra,Nashik,1,1561993.62,0.0441,1493137.79,189390.53,Bank Finance
S00544,2025-06-30,C10292,Customer 0292,Maruti Suzuki,Baleno,Sedan,Electric,Manual,South,Karnataka,Bengaluru,1,1481231.39,0.0889,1349505.62,196105.6,UPI
S02990,2025-06-30,C10294,Customer 0294,Tata,Safari,SUV,Electric,Automatic,North,Delhi,New Delhi,1,1911398.55,0.061,1794820.16,273126.6,Credit Card
S02103,2025-06-30,C10129,Customer 0129,Toyota,Glanza,MPV,Diesel,Automatic,South,Tamil Nadu,Coimbatore,1,4527185.3,0.0619,4246967.18,505737.24,Bank Finance
S01175,2025-06-30,C10884,Customer 0884,Hyundai,i20,SUV,Petrol,Automatic,South,Kerala,Kochi,1,909285.7,0.0605,854269.07,29899.42,UPI
S00219,2025-07-01,C10190,Customer 0190,Toyota,Innova HyCross,Hatchback,Electric,Manual,West,Gujarat,Surat,1,3905570.2,0.0837,3578497.09,379308.09,Credit Card
S02108,2025-07-01,C10565,Customer 0565,Tata,Harrier,SUV,Petrol,Manual,East,West Bengal,Siliguri,1,1489802.36,0.071,1384008.13,151898.87,UPI
S02441,2025-07-01,C10707,Customer 0707,Toyota,Fortuner,MPV,Petrol,Automatic,West,Maharashtra,Nagpur,1,4182606.3,0.0544,3954999.8,426274.15,Bank Finance
S02732,2025-07-02,C10131,Customer 0131,Mahindra,XUV700,SUV,Diesel,Automatic,South,Tamil Nadu,Chennai,1,1287676.9,0.0395,1236805.74,119677.27,UPI
S03647,2025-07-02,C10424,Customer 0424,Toyota,Fortuner,MPV,Petrol,Manual,South,Tamil Nadu,Chennai,1,1720384.5,0.1048,1540092.28,202988.39,Credit Card
S03065,2025-07-03,C10174,Customer 0174,Volkswagen,Virtus,SUV,Electric,Automatic,North,Rajasthan,Jodhpur,1,2427326.35,0.0892,2210907.49,289768.49,Bank Finance
S02640,2025-07-03,C11011,Customer 1011,Tata,Harrier,Hatchback,Petrol,Manual,West,Goa,Margao,1,633739.18,0.0166,623224.66,65031.92,Bank Finance
S00584,2025-07-03,C11113,Customer 1113,Tata,Nexon,Hatchback,Petrol,Automatic,South,Telangana,Warangal,1,2242463.79,0.0576,2113239.73,262994.43,Cash
S00099,2025-07-04,C10044,Customer 0044,Volkswagen,Taigun,SUV,Diesel,Automatic,East,West Bengal,Kolkata,1,3484137.75,0.0806,3203462.14,112121.18,Bank Finance
S00670,2025-07-04,C10058,Customer 0058,Kia,Sonet,SUV,Petrol,Manual,West,Goa,Margao,1,1203062.34,0.0826,1103639.2,151659.01,Cash
S03910,2025-07-05,C10183,Customer 0183,Tata,Altroz,Hatchback,CNG,Manual,North,Uttar Pradesh,Kanpur,1,772982.39,0.0242,754247.75,95566.33,UPI
S04858,2025-07-06,C10992,Customer 0992,Mahindra,Bolero,SUV,Petrol,Manual,South,Andhra Pradesh,Vijayawada,1,905422.63,0.0978,816888.45,97528.38,Cash
S04933,2025-07-06,C10260,Customer 0260,Hyundai,Creta,Hatchback,Electric,Manual,South,Karnataka,Mangaluru,1,1519756.47,0.0407,1457945.32,125254.99,Bank Finance
S02499,2025-07-07,C10062,Customer 0062,Kia,Carens,SUV,Petrol,Automatic,South,Andhra Pradesh,Vijayawada,1,2131393.65,0.0743,1973129.13,394625.83,Bank Finance
S00539,2025-07-08,C10900,Customer 0900,Tata,Safari,SUV,Petrol,Automatic,West,Goa,Margao,1,1979600.33,0.026,1928175.29,246333.55,Bank Finance
S04213,2025-07-08,C10748,Customer 0748,Hyundai,i20,SUV,Petrol,Automatic,South,Karnataka,Mysuru,1,1671559.75,0.1249,1462762.3,193439.32,Credit Card
S02638,2025-07-09,C11123,Customer 1123,Mahindra,XUV700,SUV,Electric,Automatic,North,Rajasthan,Jodhpur,1,964522.98,0.0607,905993.64,107477.24,UPI
S01806,2025-07-09,C10965,Customer 0965,Honda,Amaze,Sedan,CNG,Manual,East,Jharkhand,Ranchi,1,1862143.79,0.0681,1735404.79,227764.61,Cash
S04273,2025-07-09,C10422,Customer 0422,Volkswagen,Taigun,Sedan,Electric,Automatic,North,Rajasthan,Jaipur,1,3188729.18,0.055,3013332.52,350384.1,Bank Finance
S02742,2025-07-09,C10233,Customer 0233,Honda,Elevate,SUV,Electric,Automatic,South,Karnataka,Bengaluru,1,1136852.73,0.0595,1069260.75,134099.33,Bank Finance
S02608,2025-07-10,C11129,Customer 1129,Kia,Seltos,SUV,Petrol,Automatic,East,Jharkhand,Ranchi,1,1074370.11,0.0436,1027520.32,63974.17,Credit Card
S01995,2025-07-11,C10023,Customer 0023,Mahindra,XUV700,SUV,Hybrid,Manual,West,Goa,Panaji,1,1159834.6,0.0186,1138263.04,93492.26,Credit Card
S00593,2025-07-11,C10304,Customer 0304,Honda,Amaze,Sedan,Hybrid,Automatic,East,Odisha,Bhubaneswar,1,926280.65,0.0867,845937.46,102533.86,Credit Card
S00885,2025-07-11,C10162,Customer 0162,Toyota,Innova HyCross,Hatchback,Petrol,Automatic,North,Delhi,New Delhi,1,4395095.93,0.0513,4169613.74,302217.63,Credit Card
S01108,2025-07-12,C11076,Customer 1076,Volkswagen,Taigun,Sedan,Diesel,Manual,West,Gujarat,Rajkot,1,2331553.94,0.0771,2151694.45,264704.89,Bank Finance
S02702,2025-07-12,C11124,Customer 1124,Tata,Harrier,SUV,Electric,Automatic,East,Odisha,Bhubaneswar,1,814165.99,0.0228,795626.78,41736.3,Bank Finance
S02970,2025-07-12,C10154,Customer 0154,Maruti Suzuki,Swift,Sedan,Petrol,Manual,South,Andhra Pradesh,Vijayawada,1,1173534.72,0.0195,1150644.85,173766.74,Cash
S00109,2025-07-12,C10324,Customer 0324,Maruti Suzuki,Baleno,SUV,Petrol,Manual,North,Delhi,New Delhi,1,1181368.67,0.0381,1136406.42,174577.0,Credit Card
S01854,2025-07-12,C10888,Customer 0888,Tata,Harrier,SUV,Electric,Manual,South,Tamil Nadu,Madurai,1,1046429.91,0.0266,1018548.54,161333.55,UPI
S01692,2025-07-13,C11072,Customer 1072,Mahindra,Scorpio-N,SUV,Hybrid,Automatic,East,West Bengal,Siliguri,1,1547301.45,0.0168,1521279.73,166373.26,UPI
S03431,2025-07-13,C10280,Customer 0280,Honda,Elevate,Sedan,CNG,Automatic,West,Goa,Panaji,1,836639.58,0.0717,776635.03,90715.21,Bank Finance
S04510,2025-07-13,C11154,Customer 1154,Honda,City,SUV,Petrol,Automatic,East,Odisha,Bhubaneswar,1,1933146.39,0.0405,1854813.46,183898.79,Credit Card
S03157,2025-07-14,C10641,Customer 0641,Honda,Amaze,Sedan,Petrol,Automatic,South,Tamil Nadu,Madurai,1,1917731.25,0.0153,1888325.24,110022.92,Credit Card
S00120,2025-07-15,C10501,Customer 0501,Kia,Sonet,SUV,Petrol,Automatic,West,Goa,Panaji,1,2317372.23,0.0618,2174227.33,279393.61,Cash
S01075,2025-07-15,C10922,Customer 0922,Toyota,Innova HyCross,MPV,Diesel,Automatic,West,Maharashtra,Pune,1,4448812.54,0.0827,4080758.3,399339.86,Credit Card
S00090,2025-07-15,C11107,Customer 1107,Tata,Altroz,Hatchback,Diesel,Automatic,East,West Bengal,Siliguri,1,2374069.89,0.0397,2279838.66,296695.84,Bank Finance
S04628,2025-07-15,C10501,Customer 0501,Maruti Suzuki,Swift,Sedan,Petrol,Manual,West,Gujarat,Vadodara,1,1180370.11,0.0571,1112967.18,159080.41,Credit Card
S01787,2025-07-16,C10096,Customer 0096,Tata,Altroz,Hatchback,Diesel,Manual,South,Karnataka,Mangaluru,1,1024294.83,0.028,995610.88,105290.46,UPI
S00822,2025-07-16,C11032,Customer 1032,Maruti Suzuki,Baleno,Hatchback,Petrol,Manual,West,Maharashtra,Nashik,1,764999.61,0.073,709117.08,71587.24,Bank Finance
S04022,2025-07-16,C10034,Customer 0034,Toyota,Urban Cruiser Hyryder,Hatchback,Petrol,Manual,North,Uttar Pradesh,Noida,1,4462348.05,0.0766,4120451.12,292016.74,Bank Finance
S03974,2025-07-16,C10413,Customer 0413,Toyota,Innova HyCross,Hatchback,Petrol,Manual,South,Tamil Nadu,Coimbatore,1,2770436.21,0.0769,2557300.61,185129.8,Cash
S01296,2025-07-17,C10241,Customer 0241,Honda,Amaze,Sedan,Electric,Automatic,East,Bihar,Patna,1,1066379.82,0.0797,981413.4,110301.61,UPI
S00029,2025-07-17,C11146,Customer 1146,Hyundai,Venue,SUV,Diesel,Automatic,East,Jharkhand,Ranchi,1,1428709.34,0.1139,1265918.65,166108.84,Cash
S01235,2025-07-17,C10246,Customer 0246,Hyundai,Creta,Sedan,Hybrid,Manual,North,Uttar Pradesh,Lucknow,1,1645521.71,0.0845,1506505.87,171038.79,UPI
S02570,2025-07-17,C10260,Customer 0260,Kia,Sonet,MPV,Diesel,Manual,South,Andhra Pradesh,Vijayawada,1,1309004.48,0.0533,1239294.07,189826.96,Cash
S00254,2025-07-19,C10637,Customer 0637,Kia,Sonet,SUV,CNG,Manual,West,Maharashtra,Nagpur,1,1487322.31,0.0471,1417260.99,94668.03,Bank Finance
S00894,2025-07-19,C10781,Customer 0781,Toyota,Urban Cruiser Hyryder,Hatchback,Petrol,Manual,South,Karnataka,Bengaluru,1,3524031.13,0.0075,3497604.01,348332.64,Bank Finance
S03762,2025-07-19,C10970,Customer 0970,Kia,Sonet,SUV,Petrol,Automatic,East,Odisha,Cuttack,1,1096306.81,0.0197,1074673.44,179660.71,Bank Finance
S03622,2025-07-19,C10006,Customer 0006,Hyundai,Creta,SUV,Diesel,Manual,North,Delhi,New Delhi,1,1052345.24,0.034,1016524.62,104540.4,Bank Finance
S03056,2025-07-20,C10426,Customer 0426,Mahindra,Thar,SUV,Petrol,Automatic,South,Kerala,Thiruvananthapuram,1,1055674.24,0.0279,1026196.68,100982.77,Cash
S01735,2025-07-20,C10946,Customer 0946,Tata,Safari,SUV,Hybrid,Manual,West,Maharashtra,Nagpur,1,1183406.43,0.0733,1096658.21,89259.2,Credit Card
S01976,2025-07-20,C10760,Customer 0760,Maruti Suzuki,Baleno,Hatchback,CNG,Manual,West,Goa,Margao,1,1250443.79,0.088,1140350.98,83834.18,Bank Finance
S00583,2025-07-21,C10661,Customer 0661,Tata,Harrier,Hatchback,Petrol,Manual,North,Delhi,New Delhi,1,1882483.32,0.0628,1764211.98,242429.56,Bank Finance
S00180,2025-07-21,C10886,Customer 0886,Kia,Sonet,MPV,Electric,Manual,South,Kerala,Thiruvananthapuram,1,1645731.33,0.0305,1595567.92,191360.17,Cash
S03730,2025-07-22,C10096,Customer 0096,Tata,Safari,Hatchback,Electric,Manual,West,Goa,Margao,1,2044292.35,0.049,1944155.45,179914.05,Bank Finance
S04235,2025-07-22,C10713,Customer 0713,Kia,Carens,MPV,Diesel,Automatic,West,Maharashtra,Nagpur,1,854461.08,0.0894,778075.46,114983.95,Bank Finance
S03943,2025-07-22,C10822,Customer 0822,Hyundai,Venue,SUV,CNG,Automatic,South,Telangana,Warangal,1,1481430.58,0.0651,1384953.65,173914.58,UPI
S04291,2025-07-23,C10931,Customer 0931,Honda,Elevate,Sedan,CNG,Manual,West,Maharashtra,Mumbai,1,2376851.72,0.0523,2252487.65,162519.0,Bank Finance
S03014,2025-07-23,C10684,Customer 0684,Kia,Seltos,MPV,Diesel,Automatic,North,Uttar Pradesh,Kanpur,1,1280219.95,0.074,1185472.61,41491.54,UPI
S02328,2025-07-23,C10886,Customer 0886,Toyota,Urban Cruiser Hyryder,Hatchback,Petrol,Manual,South,Karnataka,Mysuru,1,3917226.65,0.0808,3600529.55,577921.88,UPI
S04814,2025-07-24,C10389,Customer 0389,Mahindra,Bolero,SUV,Diesel,Automatic,East,Jharkhand,Jamshedpur,1,1766065.03,0.0619,1656757.01,170096.84,Bank Finance
S04795,2025-07-24,C10549,Customer 0549,Hyundai,i20,SUV,Electric,Manual,East,Odisha,Bhubaneswar,1,943598.44,0.0381,907638.46,135461.59,UPI
S01353,2025-07-24,C10852,Customer 0852,Tata,Punch,Hatchback,Petrol,Automatic,South,Kerala,Thiruvananthapuram,1,1054301.25,0.0048,1049249.13,75234.98,Bank Finance
S01469,2025-07-24,C10098,Customer 0098,Tata,Nexon,SUV,CNG,Manual,East,Jharkhand,Jamshedpur,1,1740075.5,0.0753,1609112.19,122760.17,Bank Finance
S01105,2025-07-25,C10793,Customer 0793,Hyundai,Exter,Sedan,CNG,Manual,West,Gujarat,Ahmedabad,1,1527911.51,0.0757,1412267.47,234342.55,Bank Finance
S01161,2025-07-26,C10247,Customer 0247,Kia,Sonet,MPV,Petrol,Automatic,North,Punjab,Chandigarh,1,1318354.75,0.061,1237953.9,144259.74,Credit Card
S04165,2025-07-26,C10429,Customer 0429,Maruti Suzuki,Swift,Sedan,Electric,Automatic,South,Andhra Pradesh,Vijayawada,1,803474.67,0.0586,756420.81,76829.34,Credit Card
S04492,2025-07-26,C10463,Customer 0463,Honda,Elevate,SUV,Petrol,Automatic,South,Karnataka,Mangaluru,1,1570225.04,0.0598,1476308.09,182684.05,UPI
S04828,2025-07-26,C10796,Customer 0796,Honda,City,Sedan,CNG,Manual,West,Maharashtra,Thane,1,1635095.6,0.071,1518955.5,209845.26,Bank Finance
S03421,2025-07-28,C10989,Customer 0989,Honda,Amaze,SUV,CNG,Automatic,East,Bihar,Gaya,1,1044371.67,0.0145,1029240.43,36023.41,Bank Finance
S01904,2025-07-28,C10188,Customer 0188,Kia,Sonet,SUV,CNG,Manual,West,Gujarat,Ahmedabad,1,1143130.04,0.0503,1085597.73,77855.64,Bank Finance
S01340,2025-07-29,C10617,Customer 0617,Volkswagen,Tiguan,SUV,CNG,Automatic,North,Delhi,New Delhi,1,2842876.28,0.0557,2684585.12,271026.23,UPI
S01458,2025-07-29,C10326,Customer 0326,Tata,Safari,SUV,Diesel,Manual,East,West Bengal,Siliguri,1,2052670.99,0.047,1956113.36,90104.75,UPI
S00108,2025-07-29,C10931,Customer 0931,Tata,Punch,Hatchback,Electric,Automatic,South,Andhra Pradesh,Vijayawada,1,2272901.62,0.0658,2123358.27,135464.74,Bank Finance
S04484,2025-07-30,C10078,Customer 0078,Volkswagen,Virtus,Sedan,Diesel,Manual,South,Telangana,Warangal,1,3634356.63,0.0495,3454605.93,336727.05,Bank Finance
S04274,2025-07-31,C10872,Customer 0872,Maruti Suzuki,Grand Vitara,Hatchback,Diesel,Manual,West,Maharashtra,Nagpur,1,1251363.16,0.034,1208818.58,167779.8,Bank Finance
S03807,2025-07-31,C11139,Customer 1139,Kia,Carens,MPV,Petrol,Manual,West,Gujarat,Vadodara,1,1441682.59,0.0764,1331527.64,106614.95,UPI
S01610,2025-07-31,C10319,Customer 0319,Kia,Carens,MPV,Petrol,Automatic,North,Delhi,New Delhi,1,2167102.59,0.0707,2013958.37,213625.28,Credit Card
S00915,2025-07-31,C11046,Customer 1046,Maruti Suzuki,Grand Vitara,SUV,Electric,Automatic,West,Maharashtra,Nashik,1,1687920.18,0.1135,1496381.2,206223.94,UPI
S01287,2025-08-01,C10031,Customer 0031,Hyundai,Exter,Sedan,Petrol,Automatic,South,Kerala,Kochi,1,1098953.19,0.0556,1037797.19,52114.11,Bank Finance
S04277,2025-08-01,C10733,Customer 0733,Mahindra,Thar,SUV,Petrol,Automatic,North,Punjab,Ludhiana,1,1260052.29,0.0612,1182942.77,147149.87,Bank Finance
S01719,2025-08-01,C10255,Customer 0255,Hyundai,Venue,SUV,Petrol,Manual,West,Maharashtra,Nagpur,1,1633766.4,0.0614,1533512.43,213891.12,Credit Card
S01537,2025-08-01,C10159,Customer 0159,Tata,Punch,SUV,Diesel,Automatic,North,Haryana,Gurugram,1,1110301.55,0.0975,1001994.54,133350.84,Cash
S01706,2025-08-01,C10423,Customer 0423,Toyota,Fortuner,Hatchback,CNG,Manual,East,Jharkhand,Ranchi,1,1586723.85,0.0823,1456203.94,104160.76,Cash
S00952,2025-08-02,C11091,Customer 1091,Mahindra,Thar,SUV,Hybrid,Automatic,South,Tamil Nadu,Chennai,1,894570.59,0.071,831069.43,110700.7,Credit Card
S02628,2025-08-02,C10577,Customer 0577,Honda,Amaze,Sedan,Petrol,Manual,North,Rajasthan,Jodhpur,1,1511934.46,0.0422,1448126.15,124477.58,UPI
S00208,2025-08-02,C10163,Customer 0163,Tata,Punch,Hatchback,Electric,Manual,East,Bihar,Patna,1,1455288.52,0.0425,1393508.08,149717.29,Bank Finance
S04083,2025-08-02,C11048,Customer 1048,Tata,Safari,SUV,Diesel,Manual,West,Maharashtra,Pune,1,1628333.79,0.1315,1414269.39,173616.64,Bank Finance
S03155,2025-08-02,C10497,Customer 0497,Tata,Safari,Hatchback,Electric,Automatic,South,Andhra Pradesh,Visakhapatnam,1,2096832.29,0.0452,2002026.04,229308.35,UPI
S02675,2025-08-02,C10796,Customer 0796,Maruti Suzuki,Dzire,Sedan,Diesel,Manual,West,Maharashtra,Nashik,1,739015.94,0.0921,670957.34,49296.89,Bank Finance
S00715,2025-08-03,C10326,Customer 0326,Volkswagen,Taigun,SUV,Diesel,Manual,South,Karnataka,Mysuru,1,1521261.28,0.0273,1479757.82,175937.09,Bank Finance
S01977,2025-08-03,C10953,Customer 0953,Hyundai,Creta,Sedan,Petrol,Manual,East,Jharkhand,Jamshedpur,1,1600693.22,0.0297,1553129.72,160502.12,Bank Finance
S01043,2025-08-03,C10139,Customer 0139,Maruti Suzuki,Swift,Sedan,Electric,Manual,West,Gujarat,Surat,1,1148336.43,0.0344,1108884.68,43619.44,Credit Card
S00198,2025-08-03,C10983,Customer 0983,Maruti Suzuki,Grand Vitara,SUV,CNG,Manual,East,Bihar,Patna,1,887730.12,0.0429,849618.35,49805.59,Bank Finance
S02109,2025-08-03,C10384,Customer 0384,Maruti Suzuki,Baleno,Hatchback,Petrol,Automatic,West,Maharashtra,Nashik,1,1070496.08,0.0568,1009688.44,92188.9,Bank Finance
S01973,2025-08-04,C11002,Customer 1002,Toyota,Urban Cruiser Hyryder,SUV,CNG,Manual,North,Punjab,Chandigarh,1,2559863.82,0.0395,2458795.58,270612.96,Bank Finance
S00992,2025-08-04,C10913,Customer 0913,Honda,City,Sedan,Petrol,Manual,North,Rajasthan,Jodhpur,1,1643179.7,0.0522,1557410.02,194216.44,Bank Finance
S04776,2025-08-04,C10113,Customer 0113,Tata,Altroz,Hatchback,Electric,Manual,North,Rajasthan,Jaipur,1,1373274.44,0.0522,1301605.38,99236.07,Bank Finance
S04497,2025-08-04,C10713,Customer 0713,Kia,Carens,SUV,Petrol,Automatic,South,Tamil Nadu,Coimbatore,1,931446.38,0.097,841066.46,40999.52,Bank Finance
S02122,2025-08-05,C10392,Customer 0392,Kia,Seltos,SUV,CNG,Automatic,West,Goa,Margao,1,1517277.18,0.0,1517277.18,176263.95,Bank Finance
S03495,2025-08-05,C10549,Customer 0549,Tata,Harrier,Hatchback,Diesel,Automatic,South,Kerala,Thiruvananthapuram,1,1297752.25,0.0385,1247776.24,157744.48,Bank Finance
S03471,2025-08-05,C10909,Customer 0909,Hyundai,Creta,SUV,Hybrid,Manual,East,Odisha,Cuttack,1,1334976.03,0.0307,1293930.94,144114.64,Credit Card
S00940,2025-08-07,C10400,Customer 0400,Tata,Nexon,SUV,Electric,Automatic,South,Karnataka,Mangaluru,1,2169695.08,0.0395,2084019.64,145757.22,Credit Card
S01325,2025-08-07,C10574,Customer 0574,Honda,Amaze,SUV,CNG,Automatic,West,Gujarat,Surat,1,770677.05,0.025,751446.27,78465.19,UPI
S03504,2025-08-07,C11042,Customer 1042,Kia,Seltos,SUV,CNG,Automatic,North,Delhi,New Delhi,1,1248751.53,0.0582,1176066.24,154787.88,Bank Finance
S00047,2025-08-08,C10773,Customer 0773,Tata,Safari,SUV,Electric,Manual,South,Karnataka,Mangaluru,1,2226761.57,0.0802,2048065.42,256227.41,Credit Card
S03062,2025-08-08,C10181,Customer 0181,Hyundai,Venue,Sedan,Petrol,Manual,West,Maharashtra,Pune,1,1559072.83,0.1059,1393928.23,182055.18,Cash
S00818,2025-08-08,C10970,Customer 0970,Hyundai,Verna,Sedan,Electric,Automatic,North,Punjab,Amritsar,1,1356825.4,0.0321,1313315.24,136530.03,Bank Finance
S00155,2025-08-08,C11021,Customer 1021,Tata,Safari,SUV,CNG,Automatic,South,Tamil Nadu,Coimbatore,1,1038930.75,0.0057,1032968.15,86222.91,Credit Card
S02827,2025-08-09,C10291,Customer 0291,Mahindra,XUV700,SUV,Petrol,Automatic,West,Goa,Panaji,1,1126906.51,0.0678,1050503.97,145782.68,Credit Card
S01712,2025-08-09,C10092,Customer 0092,Volkswagen,Taigun,SUV,Diesel,Manual,North,Haryana,Faridabad,1,2342010.27,0.0295,2272823.08,285965.59,Bank Finance
S00441,2025-08-10,C10385,Customer 0385,Tata,Punch,Hatchback,Petrol,Automatic,East,Jharkhand,Ranchi,1,695575.75,0.0185,682685.18,85622.47,Cash
S02792,2025-08-10,C10284,Customer 0284,Tata,Nexon,SUV,CNG,Automatic,West,Goa,Panaji,1,1216672.83,0.0108,1203563.65,43874.36,Bank Finance
S00244,2025-08-10,C10045,Customer 0045,Maruti Suzuki,Dzire,SUV,Diesel,Manual,West,Gujarat,Surat,1,1248824.61,0.0336,1206908.35,140882.29,Cash
S01089,2025-08-10,C10062,Customer 0062,Mahindra,Thar,SUV,Petrol,Automatic,South,Andhra Pradesh,Visakhapatnam,1,1009642.09,0.0515,957619.97,128479.44,Cash
S03338,2025-08-11,C10681,Customer 0681,Maruti Suzuki,Swift,SUV,Electric,Automatic,North,Rajasthan,Jodhpur,1,746938.2,0.0388,717935.03,102399.01,Cash
S00142,2025-08-11,C10967,Customer 0967,Volkswagen,Tiguan,SUV,Petrol,Automatic,North,Uttar Pradesh,Lucknow,1,1196503.06,0.0499,1136830.64,137900.37,Credit Card
S00494,2025-08-12,C10124,Customer 0124,Toyota,Innova HyCross,MPV,Petrol,Manual,East,Jharkhand,Ranchi,1,4461480.05,0.0652,4170467.72,621520.93,Bank Finance
S04377,2025-08-12,C10471,Customer 0471,Volkswagen,Taigun,Sedan,Electric,Manual,East,Jharkhand,Jamshedpur,1,2576405.21,0.0604,2420728.62,364311.23,Bank Finance
S00946,2025-08-12,C10673,Customer 0673,Hyundai,Creta,SUV,Hybrid,Automatic,West,Maharashtra,Mumbai,1,1330674.95,0.0068,1321669.1,165505.74,Bank Finance
S01252,2025-08-12,C10329,Customer 0329,Honda,City,SUV,Petrol,Automatic,North,Delhi,New Delhi,1,1868021.97,0.0431,1787438.76,124430.05,Cash
S04870,2025-08-12,C10172,Customer 0172,Kia,Sonet,SUV,Diesel,Manual,South,Tamil Nadu,Madurai,1,1507354.47,0.0526,1428045.31,159645.61,Bank Finance
S03861,2025-08-12,C10516,Customer 0516,Maruti Suzuki,Grand Vitara,SUV,Electric,Manual,West,Gujarat,Rajkot,1,828382.32,0.043,792769.78,110389.24,Credit Card
S04568,2025-08-12,C10643,Customer 0643,Honda,Elevate,SUV,Diesel,Manual,North,Punjab,Chandigarh,1,863294.08,0.0271,839915.53,97410.6,Bank Finance
S04355,2025-08-13,C10255,Customer 0255,Honda,City,SUV,Diesel,Automatic,East,Bihar,Patna,1,1510266.71,0.0826,1385585.15,229133.47,UPI
S00079,2025-08-13,C10005,Customer 0005,Hyundai,i20,SUV,Petrol,Automatic,East,Jharkhand,Ranchi,1,1538403.68,0.0869,1404712.09,173191.05,Credit Card
S01378,2025-08-13,C10559,Customer 0559,Maruti Suzuki,Dzire,Hatchback,Hybrid,Automatic,East,West Bengal,Siliguri,1,1406053.99,0.0891,1280801.95,108541.35,Bank Finance
S01690,2025-08-13,C10633,Customer 0633,Volkswagen,Tiguan,Sedan,Diesel,Automatic,North,Punjab,Ludhiana,1,2950129.81,0.0966,2665210.14,448642.03,Bank Finance
S03441,2025-08-14,C10077,Customer 0077,Kia,Carens,SUV,Hybrid,Manual,East,West Bengal,Siliguri,1,1569927.28,0.0787,1446326.02,133985.94,Credit Card
S03968,2025-08-14,C10682,Customer 0682,Toyota,Glanza,MPV,Electric,Automatic,North,Rajasthan,Udaipur,1,3883058.9,0.077,3584257.22,465082.89,Bank Finance
S02883,2025-08-14,C10549,Customer 0549,Maruti Suzuki,Brezza,Hatchback,Diesel,Manual,West,Goa,Panaji,1,744477.57,0.0971,672180.02,60416.58,Bank Finance
S00888,2025-08-14,C10039,Customer 0039,Kia,Carens,SUV,Diesel,Manual,West,Maharashtra,Pune,1,917596.58,0.1104,816295.05,28570.33,Cash
S00313,2025-08-14,C10518,Customer 0518,Hyundai,Venue,Sedan,Petrol,Automatic,South,Kerala,Kochi,1,1653104.56,0.0764,1526829.16,189530.22,Bank Finance
S00126,2025-08-16,C10601,Customer 0601,Hyundai,Verna,SUV,Petrol,Automatic,South,Telangana,Warangal,1,1586038.31,0.0334,1533057.22,182851.74,Cash
S03325,2025-08-16,C10808,Customer 0808,Kia,Seltos,MPV,Petrol,Automatic,West,Gujarat,Vadodara,1,1456932.0,0.0495,1384755.19,184518.38,Bank Finance
S02963,2025-08-16,C10632,Customer 0632,Tata,Altroz,Hatchback,Petrol,Automatic,West,Maharashtra,Nashik,1,2080847.2,0.0603,1955466.74,213377.76,Credit Card
S00172,2025-08-16,C10988,Customer 0988,Tata,Safari,SUV,Petrol,Automatic,North,Delhi,New Delhi,1,1347067.02,0.0883,1228083.41,153882.47,Credit Card
S02244,2025-08-16,C10135,Customer 0135,Honda,Elevate,SUV,Diesel,Automatic,West,Maharashtra,Thane,1,1881439.09,0.084,1723409.51,137731.99,Credit Card
S04359,2025-08-16,C10641,Customer 0641,Maruti Suzuki,Brezza,Hatchback,CNG,Manual,West,Goa,Margao,1,968614.25,0.0514,918789.09,121050.81,Bank Finance
S01397,2025-08-17,C10852,Customer 0852,Mahindra,Scorpio-N,SUV,Petrol,Automatic,West,Gujarat,Vadodara,1,904158.39,0.1253,790880.07,129590.5,Bank Finance
S02083,2025-08-17,C10773,Customer 0773,Honda,Amaze,Sedan,Diesel,Automatic,South,Andhra Pradesh,Vijayawada,1,996564.0,0.0646,932226.94,76218.02,Bank Finance
S01213,2025-08-18,C11127,Customer 1127,Mahindra,Scorpio-N,SUV,Diesel,Automatic,North,Haryana,Faridabad,1,1728078.28,0.0407,1657762.92,227422.5,Credit Card
S03526,2025-08-18,C10549,Customer 0549,Mahindra,XUV 3XO,SUV,Petrol,Automatic,North,Delhi,New Delhi,1,952897.57,0.0449,910149.5,51712.9,Bank Finance
S00723,2025-08-19,C10783,Customer 0783,Maruti Suzuki,Grand Vitara,SUV,CNG,Manual,West,Goa,Margao,1,886840.3,0.0593,834287.24,107031.9,Bank Finance
S03069,2025-08-19,C10386,Customer 0386,Tata,Harrier,Hatchback,Petrol,Manual,West,Maharashtra,Nashik,1,2250422.54,0.0477,2143160.54,312032.08,Credit Card
S03034,2025-08-20,C10002,Customer 0002,Maruti Suzuki,Grand Vitara,Sedan,Petrol,Automatic,South,Tamil Nadu,Chennai,1,1378704.45,0.051,1308406.31,120682.14,UPI
S04673,2025-08-20,C11116,Customer 1116,Tata,Altroz,SUV,Electric,Manual,North,Haryana,Faridabad,1,1851062.49,0.025,1804719.73,124559.03,Bank Finance
S01094,2025-08-20,C10525,Customer 0525,Hyundai,i20,Hatchback,Petrol,Automatic,West,Gujarat,Surat,1,1719250.45,0.0472,1638157.64,96215.79,Credit Card
S00777,2025-08-21,C10328,Customer 0328,Kia,Carens,SUV,CNG,Manual,North,Rajasthan,Jaipur,1,1070963.38,0.0875,977294.2,114089.58,Bank Finance
S04642,2025-08-21,C10920,Customer 0920,Kia,Carens,MPV,Diesel,Manual,North,Haryana,Faridabad,1,1835447.47,0.0683,1710177.37,179415.92,Cash
S03207,2025-08-21,C11174,Customer 1174,Tata,Nexon,SUV,Electric,Manual,North,Uttar Pradesh,Kanpur,1,1121536.96,0.0881,1022709.45,179232.34,UPI
S02606,2025-08-21,C10727,Customer 0727,Toyota,Fortuner,SUV,Petrol,Manual,West,Gujarat,Surat,1,4125765.92,0.0689,3841305.28,352487.13,Bank Finance
S00500,2025-08-21,C10933,Customer 0933,Tata,Safari,Hatchback,Hybrid,Manual,South,Kerala,Kochi,1,2337078.66,0.0395,2244851.64,176125.73,Bank Finance
S03456,2025-08-21,C10180,Customer 0180,Kia,Carens,SUV,CNG,Automatic,North,Delhi,New Delhi,1,2037509.26,0.0544,1926567.79,244772.86,UPI
S04439,2025-08-21,C10455,Customer 0455,Hyundai,Venue,SUV,Electric,Manual,West,Maharashtra,Pune,1,1752566.89,0.0622,1643636.03,171167.34,Bank Finance
S02107,2025-08-22,C10816,Customer 0816,Toyota,Glanza,MPV,Diesel,Manual,West,Maharashtra,Thane,1,3969090.97,0.0435,3796238.25,638020.53,UPI
S00695,2025-08-23,C10918,Customer 0918,Maruti Suzuki,Swift,SUV,Diesel,Automatic,South,Tamil Nadu,Chennai,1,791131.6,0.04,759486.22,114460.95,Bank Finance
S00025,2025-08-23,C10738,Customer 0738,Mahindra,Bolero,SUV,Electric,Automatic,North,Uttar Pradesh,Noida,1,894349.52,0.0372,861116.07,105971.24,Bank Finance
S00476,2025-08-23,C10329,Customer 0329,Honda,Elevate,SUV,Electric,Automatic,East,West Bengal,Siliguri,1,1241201.18,0.0988,1118536.84,136004.53,Cash
S00772,2025-08-23,C10649,Customer 0649,Kia,Sonet,SUV,Diesel,Manual,North,Delhi,New Delhi,1,2713733.38,0.1098,2415785.26,307348.27,Credit Card
S03615,2025-08-24,C10075,Customer 0075,Honda,Elevate,SUV,Diesel,Manual,North,Uttar Pradesh,Kanpur,1,707702.57,0.0492,672917.25,90853.37,Cash
S00346,2025-08-24,C10515,Customer 0515,Hyundai,i20,Sedan,Electric,Manual,South,Andhra Pradesh,Visakhapatnam,1,1591145.59,0.0766,1469281.19,125981.06,UPI
S02509,2025-08-25,C10229,Customer 0229,Toyota,Innova HyCross,SUV,Petrol,Manual,East,Odisha,Bhubaneswar,1,3149879.73,0.0432,3013671.73,177066.05,Credit Card
S02801,2025-08-25,C11199,Customer 1199,Honda,Elevate,SUV,Petrol,Automatic,South,Karnataka,Mangaluru,1,1119603.09,0.0303,1085702.57,37999.59,UPI
S04632,2025-08-25,C10267,Customer 0267,Honda,Elevate,SUV,Diesel,Manual,West,Gujarat,Surat,1,861163.66,0.0704,800507.03,98014.28,Bank Finance
S02926,2025-08-26,C10534,Customer 0534,Hyundai,Creta,Sedan,CNG,Automatic,South,Telangana,Warangal,1,799487.25,0.0399,767621.3,74792.81,Bank Finance
S02053,2025-08-26,C10032,Customer 0032,Hyundai,Exter,SUV,Electric,Manual,East,West Bengal,Siliguri,1,1519341.0,0.0632,1423301.22,194929.56,Credit Card
S04174,2025-08-27,C10550,Customer 0550,Hyundai,Venue,Sedan,Diesel,Manual,South,Karnataka,Bengaluru,1,674600.64,0.0984,608188.99,36561.94,Bank Finance
S02971,2025-08-28,C10244,Customer 0244,Volkswagen,Tiguan,Sedan,Petrol,Automatic,South,Andhra Pradesh,Visakhapatnam,1,1828724.45,0.0366,1761872.37,199763.19,Credit Card
S01984,2025-08-28,C10649,Customer 0649,Honda,City,SUV,Petrol,Automatic,South,Telangana,Hyderabad,1,2142871.5,0.035,2067884.88,308802.35,Cash
S03300,2025-08-28,C10875,Customer 0875,Toyota,Urban Cruiser Hyryder,MPV,Electric,Manual,West,Maharashtra,Mumbai,1,1429789.35,0.0276,1390339.14,151890.04,UPI
S00110,2025-08-28,C10596,Customer 0596,Hyundai,Creta,Hatchback,Hybrid,Manual,West,Goa,Panaji,1,814770.5,0.0553,769702.43,59963.94,Bank Finance
S00272,2025-08-29,C10625,Customer 0625,Volkswagen,Tiguan,SUV,Diesel,Automatic,North,Rajasthan,Jaipur,1,1508308.04,0.0409,1446571.02,114575.18,Credit Card
S01564,2025-08-29,C10209,Customer 0209,Mahindra,XUV 3XO,SUV,Diesel,Manual,South,Tamil Nadu,Coimbatore,1,1039343.38,0.0832,952842.95,62319.72,Cash
S03937,2025-08-30,C11017,Customer 1017,Hyundai,i20,SUV,Petrol,Automatic,West,Gujarat,Surat,1,1726183.15,0.095,1562185.04,221165.55,UPI
S01457,2025-08-30,C10839,Customer 0839,Volkswagen,Virtus,Sedan,Diesel,Automatic,West,Gujarat,Surat,1,1797029.94,0.0054,1787342.86,98019.97,Bank Finance
S04491,2025-08-30,C10881,Customer 0881,Hyundai,Creta,SUV,Petrol,Automatic,South,Kerala,Thiruvananthapuram,1,1316458.09,0.0198,1290358.1,146229.05,Credit Card
S04768,2025-08-30,C10279,Customer 0279,Volkswagen,Tiguan,SUV,Diesel,Automatic,West,Maharashtra,Nashik,1,1164435.74,0.0115,1151084.85,168799.91,Bank Finance
S00555,2025-08-31,C10710,Customer 0710,Maruti Suzuki,Brezza,Sedan,Diesel,Manual,East,Jharkhand,Jamshedpur,1,711151.29,0.0507,675116.65,83206.3,Bank Finance
S04030,2025-08-31,C10196,Customer 0196,Toyota,Innova HyCross,Hatchback,Hybrid,Automatic,West,Maharashtra,Nashik,1,2485529.0,0.0862,2271375.72,329469.34,Bank Finance
S03112,2025-09-01,C11012,Customer 1012,Maruti Suzuki,Baleno,SUV,Petrol,Automatic,South,Karnataka,Mysuru,1,1573285.44,0.0426,1506265.4,201932.75,Credit Card
S04058,2025-09-02,C11134,Customer 1134,Honda,Amaze,Sedan,Diesel,Manual,West,Maharashtra,Mumbai,1,1919778.35,0.0895,1747990.71,224781.11,Credit Card
S00563,2025-09-02,C10878,Customer 0878,Mahindra,Thar,SUV,Petrol,Automatic,South,Karnataka,Bengaluru,1,1016889.86,0.0235,992948.05,82119.34,UPI
S03052,2025-09-02,C10395,Customer 0395,Hyundai,Exter,Hatchback,Petrol,Automatic,North,Uttar Pradesh,Kanpur,1,1952302.14,0.0075,1937637.01,216513.59,Bank Finance
S02123,2025-09-02,C10229,Customer 0229,Mahindra,XUV700,SUV,Petrol,Manual,West,Goa,Margao,1,1148756.38,0.1034,1030001.79,77507.84,Bank Finance
S02944,2025-09-04,C10538,Customer 0538,Volkswagen,Taigun,Sedan,Diesel,Automatic,West,Maharashtra,Thane,1,1519342.78,0.0806,1396909.0,125442.99,Bank Finance
S04090,2025-09-04,C10417,Customer 0417,Honda,City,Sedan,Diesel,Manual,East,Bihar,Gaya,1,1422444.02,0.0267,1384508.02,205074.53,Credit Card
S02523,2025-09-04,C10704,Customer 0704,Kia,Sonet,SUV,Petrol,Manual,South,Telangana,Warangal,1,1841976.14,0.0518,1746531.84,144042.74,Bank Finance
S01622,2025-09-04,C10577,Customer 0577,Maruti Suzuki,Brezza,SUV,Petrol,Automatic,South,Telangana,Hyderabad,1,664453.6,0.0396,638108.64,59454.07,Bank Finance
S01317,2025-09-04,C10653,Customer 0653,Maruti Suzuki,Brezza,Hatchback,Petrol,Manual,North,Rajasthan,Jodhpur,1,1166686.18,0.0556,1101780.91,150020.18,Cash
S01910,2025-09-04,C10936,Customer 0936,Maruti Suzuki,Brezza,Sedan,Hybrid,Manual,North,Haryana,Faridabad,1,698717.12,0.0488,664617.01,60108.84,Cash
S02085,2025-09-04,C10275,Customer 0275,Honda,City,Sedan,Hybrid,Automatic,West,Maharashtra,Nashik,1,2041451.63,0.0751,1888153.28,208002.28,UPI
S00100,2025-09-05,C10168,Customer 0168,Kia,Carens,MPV,Diesel,Manual,South,Telangana,Warangal,1,993520.26,0.0241,969569.98,88857.33,Bank Finance
S01989,2025-09-05,C10324,Customer 0324,Toyota,Urban Cruiser Hyryder,Hatchback,Hybrid,Automatic,East,Bihar,Gaya,1,1261625.29,0.021,1235148.22,142153.73,Bank Finance
S04027,2025-09-05,C10852,Customer 0852,Honda,Elevate,SUV,Hybrid,Manual,West,Maharashtra,Pune,1,719932.66,0.0716,668397.4,104286.03,Bank Finance
S00683,2025-09-05,C10167,Customer 0167,Kia,Carens,SUV,Diesel,Manual,West,Goa,Margao,1,1095931.8,0.0917,995483.69,103101.86,Bank Finance
S03094,2025-09-05,C10573,Customer 0573,Tata,Harrier,SUV,Petrol,Manual,West,Goa,Panaji,1,1950883.95,0.0707,1812910.4,245740.0,Bank Finance
S00817,2025-09-06,C10854,Customer 0854,Honda,Elevate,SUV,Hybrid,Automatic,South,Tamil Nadu,Madurai,1,1001214.17,0.0708,930289.35,121146.78,Credit Card
S01436,2025-09-07,C10216,Customer 0216,Hyundai,Venue,Sedan,Petrol,Manual,West,Goa,Panaji,1,1521873.31,0.1056,1361210.87,88895.54,Credit Card
S04788,2025-09-07,C10169,Customer 0169,Kia,Carens,SUV,Diesel,Manual,East,Jharkhand,Ranchi,1,956474.81,0.0191,938220.67,146836.94,Bank Finance
S03109,2025-09-07,C10751,Customer 0751,Toyota,Fortuner,Hatchback,CNG,Automatic,West,Maharashtra,Mumbai,1,1582971.86,0.0429,1515068.32,68274.76,Cash
S04227,2025-09-08,C11039,Customer 1039,Volkswagen,Tiguan,Sedan,CNG,Automatic,North,Haryana,Gurugram,1,1646879.43,0.0667,1536969.27,116865.64,Bank Finance
S03534,2025-09-08,C10505,Customer 0505,Hyundai,Verna,Hatchback,Electric,Manual,East,Odisha,Cuttack,1,2053587.34,0.0703,1909240.98,195343.45,Bank Finance
S00641,2025-09-08,C10881,Customer 0881,Volkswagen,Taigun,Sedan,Diesel,Automatic,South,Andhra Pradesh,Vijayawada,1,2205439.07,0.0295,2140363.08,145962.69,Bank Finance
S01877,2025-09-09,C10261,Customer 0261,Toyota,Innova HyCross,Hatchback,Petrol,Manual,North,Delhi,New Delhi,1,4062962.66,0.057,3831321.08,510872.14,Credit Card
S00173,2025-09-09,C10896,Customer 0896,Honda,City,SUV,Electric,Manual,South,Karnataka,Mysuru,1,2354567.45,0.0854,2153451.16,268087.58,Credit Card
S00497,2025-09-09,C10287,Customer 0287,Toyota,Fortuner,Hatchback,Hybrid,Manual,South,Tamil Nadu,Madurai,1,3552167.77,0.0566,3350971.9,278404.41,Bank Finance
S01675,2025-09-10,C10875,Customer 0875,Honda,Amaze,SUV,Diesel,Manual,East,Bihar,Gaya,1,2151859.14,0.0436,2058027.45,247491.15,Bank Finance
S03607,2025-09-10,C10311,Customer 0311,Volkswagen,Taigun,SUV,CNG,Manual,West,Gujarat,Surat,1,2210752.45,0.0663,2064112.38,235822.44,Bank Finance
S01281,2025-09-10,C11148,Customer 1148,Toyota,Glanza,SUV,CNG,Manual,West,Goa,Margao,1,2351812.93,0.0454,2245034.43,258489.42,UPI
S00445,2025-09-10,C10178,Customer 0178,Kia,Sonet,MPV,Petrol,Automatic,West,Goa,Panaji,1,1315577.7,0.0553,1242885.15,121389.95,Bank Finance
S01454,2025-09-11,C10469,Customer 0469,Honda,City,Sedan,Electric,Automatic,South,Andhra Pradesh,Vijayawada,1,1746035.68,0.0605,1640401.1,177034.89,UPI
S02316,2025-09-11,C10326,Customer 0326,Mahindra,Scorpio-N,SUV,Petrol,Automatic,East,Jharkhand,Ranchi,1,1359147.05,0.0602,1277340.33,162138.22,Credit Card
S04326,2025-09-11,C10735,Customer 0735,Volkswagen,Virtus,Sedan,CNG,Manual,North,Uttar Pradesh,Kanpur,1,2761544.61,0.0083,2738538.17,232356.28,Credit Card
S01376,2025-09-12,C11108,Customer 1108,Tata,Nexon,SUV,Petrol,Manual,South,Tamil Nadu,Chennai,1,2157291.68,0.0683,2009862.5,213644.2,Cash
S04404,2025-09-12,C10433,Customer 0433,Honda,Elevate,SUV,Electric,Automatic,North,Uttar Pradesh,Lucknow,1,887977.29,0.001,887094.98,102204.97,Bank Finance
S02313,2025-09-12,C10654,Customer 0654,Toyota,Urban Cruiser Hyryder,SUV,Electric,Manual,South,Tamil Nadu,Coimbatore,1,4497033.65,0.0615,4220672.14,545148.19,Cash
S02255,2025-09-12,C10609,Customer 0609,Tata,Nexon,SUV,Petrol,Manual,South,Andhra Pradesh,Visakhapatnam,1,1051886.94,0.0629,985769.05,136063.0,Bank Finance
S00669,2025-09-12,C10819,Customer 0819,Volkswagen,Tiguan,SUV,Petrol,Automatic,West,Gujarat,Ahmedabad,1,2300965.2,0.0618,2158785.49,359058.58,Bank Finance
S00395,2025-09-12,C10457,Customer 0457,Kia,Seltos,MPV,Electric,Automatic,West,Maharashtra,Pune,1,2018382.63,0.011,1996084.68,69862.96,Bank Finance
S04728,2025-09-13,C10440,Customer 0440,Mahindra,Bolero,SUV,Petrol,Automatic,South,Andhra Pradesh,Visakhapatnam,1,1312640.75,0.0,1312640.75,140723.45,UPI
S03169,2025-09-13,C10628,Customer 0628,Volkswagen,Taigun,Sedan,Electric,Automatic,North,Haryana,Faridabad,1,1169660.12,0.0654,1093210.18,117850.31,Bank Finance
S01251,2025-09-13,C10311,Customer 0311,Kia,Sonet,SUV,Petrol,Manual,South,Telangana,Hyderabad,1,2501636.29,0.0522,2371058.44,210512.11,Credit Card
S01462,2025-09-13,C10183,Customer 0183,Toyota,Innova HyCross,MPV,CNG,Automatic,East,Odisha,Bhubaneswar,1,3744929.37,0.0465,3570701.54,690053.5,UPI
S04731,2025-09-13,C10426,Customer 0426,Honda,City,Sedan,Diesel,Manual,South,Kerala,Thiruvananthapuram,1,1624045.62,0.0009,1622659.96,142532.63,UPI
S02440,2025-09-13,C10970,Customer 0970,Mahindra,Scorpio-N,SUV,Petrol,Manual,East,Jharkhand,Jamshedpur,1,2081591.06,0.1019,1869397.68,245734.09,UPI
S01546,2025-09-14,C10807,Customer 0807,Maruti Suzuki,Grand Vitara,Hatchback,Diesel,Automatic,East,Jharkhand,Ranchi,1,829788.14,0.0372,798959.64,72010.65,UPI
S04716,2025-09-14,C10230,Customer 0230,Hyundai,Verna,Sedan,Electric,Manual,West,Goa,Panaji,1,794371.67,0.0513,753586.24,26375.52,Bank Finance
S00139,2025-09-14,C10342,Customer 0342,Tata,Nexon,Hatchback,Petrol,Automatic,West,Gujarat,Vadodara,1,657063.95,0.0449,627539.58,68024.58,Bank Finance
S03548,2025-09-14,C10261,Customer 0261,Mahindra,Bolero,SUV,Diesel,Manual,East,Jharkhand,Jamshedpur,1,1535175.06,0.0407,1472713.82,144240.09,Credit Card
S01823,2025-09-15,C11019,Customer 1019,Volkswagen,Virtus,SUV,Electric,Manual,East,Jharkhand,Ranchi,1,1168148.06,0.0473,1112904.64,222580.93,Bank Finance
S03533,2025-09-15,C10255,Customer 0255,Kia,Seltos,SUV,Petrol,Manual,South,Karnataka,Mysuru,1,804797.84,0.0208,788077.57,59455.14,Credit Card
S00954,2025-09-16,C10953,Customer 0953,Hyundai,Verna,SUV,Diesel,Automatic,East,Odisha,Cuttack,1,1142833.35,0.0782,1053440.47,81272.49,Bank Finance
S02607,2025-09-16,C10905,Customer 0905,Tata,Punch,SUV,Diesel,Manual,East,West Bengal,Siliguri,1,920486.47,0.0475,876717.51,175343.5,Bank Finance
S03925,2025-09-17,C10489,Customer 0489,Volkswagen,Tiguan,SUV,CNG,Manual,West,Goa,Panaji,1,2726385.78,0.0396,2618354.1,107651.38,Bank Finance
S04334,2025-09-17,C11084,Customer 1084,Hyundai,Exter,Sedan,Hybrid,Automatic,South,Andhra Pradesh,Visakhapatnam,1,851735.62,0.0578,802468.12,78826.75,Credit Card
S03756,2025-09-17,C10162,Customer 0162,Volkswagen,Virtus,Sedan,Electric,Automatic,West,Gujarat,Surat,1,1537053.12,0.0842,1407685.2,185396.66,UPI
S01517,2025-09-17,C10377,Customer 0377,Maruti Suzuki,Swift,Sedan,Petrol,Manual,South,Kerala,Thiruvananthapuram,1,1162291.58,0.0262,1131833.82,43683.11,Bank Finance
S03604,2025-09-17,C10714,Customer 0714,Toyota,Innova HyCross,Hatchback,CNG,Automatic,North,Delhi,New Delhi,1,855878.57,0.0323,828271.14,83759.14,Credit Card
S03100,2025-09-18,C10669,Customer 0669,Volkswagen,Tiguan,Sedan,Hybrid,Manual,South,Telangana,Hyderabad,1,2980434.83,0.0398,2861690.94,190238.21,Credit Card
S01360,2025-09-18,C10385,Customer 0385,Toyota,Innova HyCross,Hatchback,Hybrid,Automatic,West,Goa,Margao,1,3681844.2,0.0294,3573586.73,292830.93,Cash
S01249,2025-09-18,C10561,Customer 0561,Honda,Elevate,Sedan,CNG,Automatic,North,Punjab,Ludhiana,1,1735999.54,0.0493,1650357.08,203698.43,Credit Card
S02022,2025-09-18,C10820,Customer 0820,Hyundai,i20,Hatchback,Diesel,Manual,West,Goa,Margao,1,1508495.73,0.0448,1440921.52,183557.13,Bank Finance
S03449,2025-09-19,C10514,Customer 0514,Honda,City,SUV,Petrol,Manual,North,Punjab,Amritsar,1,1178043.0,0.0,1178043.0,149233.6,Credit Card
S01233,2025-09-19,C10960,Customer 0960,Mahindra,Scorpio-N,SUV,CNG,Manual,South,Telangana,Hyderabad,1,1310798.33,0.023,1280608.04,186712.92,Bank Finance
S03403,2025-09-19,C10344,Customer 0344,Hyundai,Verna,SUV,Petrol,Automatic,North,Delhi,New Delhi,1,1928464.64,0.0856,1763395.56,177922.33,Bank Finance
S03045,2025-09-19,C10341,Customer 0341,Hyundai,Creta,Hatchback,Electric,Automatic,East,Jharkhand,Jamshedpur,1,1313252.7,0.0467,1251866.23,225709.67,Credit Card
S01217,2025-09-19,C11036,Customer 1036,Mahindra,XUV 3XO,SUV,Diesel,Manual,West,Goa,Panaji,1,2159307.96,0.0548,2040896.55,74381.96,UPI
S04939,2025-09-19,C10066,Customer 0066,Maruti Suzuki,Brezza,Sedan,CNG,Automatic,South,Tamil Nadu,Chennai,1,1086080.49,0.0718,1008136.47,74267.02,Bank Finance
S00826,2025-09-20,C10327,Customer 0327,Honda,Elevate,Sedan,CNG,Automatic,East,Bihar,Gaya,1,906128.38,0.0722,840672.53,104290.08,Bank Finance
S04039,2025-09-20,C10304,Customer 0304,Honda,City,SUV,Diesel,Manual,South,Andhra Pradesh,Visakhapatnam,1,2022557.67,0.0904,1839817.69,195971.66,Credit Card
S01633,2025-09-22,C10856,Customer 0856,Tata,Nexon,Hatchback,Hybrid,Automatic,East,West Bengal,Kolkata,1,803328.62,0.0765,741864.61,115811.13,Credit Card
S03147,2025-09-22,C10703,Customer 0703,Tata,Harrier,Hatchback,Electric,Manual,East,Jharkhand,Ranchi,1,1783037.56,0.0162,1754198.49,132033.46,Bank Finance
S01078,2025-09-22,C10870,Customer 0870,Tata,Punch,Hatchback,Electric,Manual,East,Jharkhand,Jamshedpur,1,1115130.2,0.033,1078336.43,152386.56,Bank Finance
S03997,2025-09-22,C10693,Customer 0693,Tata,Safari,Hatchback,Electric,Manual,West,Gujarat,Vadodara,1,1096582.68,0.0641,1026243.18,205248.64,UPI
S04515,2025-09-22,C11183,Customer 1183,Hyundai,Verna,SUV,Diesel,Manual,South,Tamil Nadu,Madurai,1,956832.41,0.0284,929660.66,131950.5,Credit Card
S04306,2025-09-22,C10339,Customer 0339,Mahindra,Bolero,SUV,Hybrid,Automatic,South,Kerala,Kochi,1,1876571.39,0.0646,1755339.04,199505.5,Cash
S00633,2025-09-23,C10938,Customer 0938,Maruti Suzuki,Dzire,SUV,Petrol,Automatic,South,Tamil Nadu,Coimbatore,1,908075.74,0.1237,795783.76,71492.03,Cash
S01188,2025-09-23,C10656,Customer 0656,Maruti Suzuki,Dzire,Sedan,Hybrid,Automatic,West,Maharashtra,Nashik,1,1322992.96,0.039,1271376.63,187047.72,UPI
S01972,2025-09-23,C10277,Customer 0277,Hyundai,Verna,Hatchback,Petrol,Automatic,East,Odisha,Cuttack,1,1227889.26,0.0715,1140090.82,39903.18,Credit Card
S01798,2025-09-24,C10417,Customer 0417,Maruti Suzuki,Swift,SUV,Petrol,Manual,East,Odisha,Bhubaneswar,1,1517626.36,0.0252,1479361.74,157795.56,UPI
S00882,2025-09-24,C11134,Customer 1134,Maruti Suzuki,Dzire,Hatchback,CNG,Manual,West,Goa,Panaji,1,1045097.4,0.0401,1003169.6,159462.31,Credit Card
S02056,2025-09-24,C10285,Customer 0285,Toyota,Innova HyCross,Hatchback,Diesel,Automatic,South,Andhra Pradesh,Vijayawada,1,1675926.19,0.0514,1589758.24,130183.95,UPI
S02980,2025-09-25,C11105,Customer 1105,Maruti Suzuki,Baleno,Hatchback,CNG,Manual,South,Kerala,Kochi,1,1336757.78,0.0867,1220885.05,157966.24,Bank Finance
S04020,2025-09-25,C11199,Customer 1199,Hyundai,Verna,Hatchback,Petrol,Automatic,West,Maharashtra,Nagpur,1,1203944.73,0.0432,1151897.67,92513.26,Bank Finance
S04779,2025-09-26,C11126,Customer 1126,Maruti Suzuki,Dzire,SUV,Diesel,Manual,West,Gujarat,Vadodara,1,833762.13,0.0131,822849.21,109208.52,Credit Card
S02868,2025-09-26,C10710,Customer 0710,Honda,Elevate,SUV,Diesel,Automatic,West,Gujarat,Vadodara,1,1048166.29,0.0935,950147.04,70936.88,Bank Finance
S01522,2025-09-26,C10802,Customer 0802,Hyundai,i20,Hatchback,Electric,Automatic,West,Maharashtra,Thane,1,1386127.19,0.0618,1300466.21,144041.68,Cash
S04813,2025-09-26,C10551,Customer 0551,Toyota,Urban Cruiser Hyryder,Hatchback,Petrol,Automatic,South,Telangana,Hyderabad,1,2421180.49,0.0706,2250361.63,168524.24,Bank Finance
S03584,2025-09-26,C10876,Customer 0876,Mahindra,XUV 3XO,SUV,Petrol,Automatic,North,Punjab,Ludhiana,1,1974011.56,0.0747,1826486.61,225900.15,Cash
S03725,2025-09-27,C11096,Customer 1096,Honda,City,Sedan,CNG,Manual,West,Maharashtra,Thane,1,2055822.82,0.0499,1953190.81,225774.75,Credit Card
S04353,2025-09-27,C10251,Customer 0251,Tata,Harrier,SUV,Electric,Manual,South,Kerala,Kochi,1,923681.72,0.0381,888497.39,44740.11,UPI
S03857,2025-09-28,C10633,Customer 0633,Honda,Amaze,SUV,Diesel,Automatic,West,Maharashtra,Thane,1,1569554.63,0.0447,1499418.15,65617.5,Cash
S00334,2025-09-28,C10063,Customer 0063,Volkswagen,Tiguan,Sedan,Hybrid,Automatic,North,Delhi,New Delhi,1,2122410.42,0.0298,2059262.63,224428.92,Bank Finance
S00316,2025-09-28,C10820,Customer 0820,Honda,Elevate,SUV,Electric,Automatic,North,Haryana,Gurugram,1,2100388.92,0.0705,1952227.36,279075.52,Bank Finance
S00035,2025-09-28,C10616,Customer 0616,Kia,Seltos,MPV,Diesel,Automatic,South,Telangana,Hyderabad,1,2321040.01,0.0529,2198192.56,291946.14,Bank Finance
S04517,2025-09-28,C10400,Customer 0400,Kia,Carens,SUV,Petrol,Manual,South,Andhra Pradesh,Vijayawada,1,923360.67,0.0407,885753.59,90008.44,Credit Card
S03569,2025-09-29,C10982,Customer 0982,Kia,Seltos,SUV,Electric,Manual,North,Uttar Pradesh,Lucknow,1,2194882.02,0.0389,2109547.25,293348.35,Bank Finance
S01098,2025-09-29,C10255,Customer 0255,Hyundai,Venue,Hatchback,Hybrid,Automatic,West,Goa,Panaji,1,1001927.93,0.0709,930885.91,112908.39,UPI
S02230,2025-09-29,C10896,Customer 0896,Volkswagen,Tiguan,Sedan,Diesel,Automatic,North,Uttar Pradesh,Kanpur,1,1827829.31,0.0554,1726567.56,230235.41,UPI
S04631,2025-09-30,C10160,Customer 0160,Honda,Elevate,SUV,CNG,Automatic,North,Haryana,Gurugram,1,856072.85,0.0723,794185.47,104380.43,Bank Finance
S03321,2025-09-30,C10826,Customer 0826,Volkswagen,Tiguan,SUV,Electric,Automatic,West,Maharashtra,Pune,1,1804430.22,0.0898,1642413.36,260764.0,UPI
S00121,2025-10-01,C10674,Customer 0674,Honda,City,Sedan,Petrol,Manual,South,Telangana,Warangal,1,1347196.28,0.0336,1301985.13,110393.04,Bank Finance
S01220,2025-10-01,C10968,Customer 0968,Tata,Punch,SUV,Diesel,Automatic,North,Uttar Pradesh,Noida,1,1437843.1,0.0776,1326307.96,115663.78,Bank Finance
S02752,2025-10-01,C10502,Customer 0502,Volkswagen,Tiguan,Sedan,Electric,Automatic,West,Maharashtra,Thane,1,3599413.46,0.1032,3227970.86,264547.05,Bank Finance
S01866,2025-10-01,C10144,Customer 0144,Hyundai,Exter,SUV,Petrol,Automatic,North,Haryana,Gurugram,1,820541.27,0.0791,755652.52,83730.21,Cash
S01585,2025-10-02,C10126,Customer 0126,Tata,Punch,Hatchback,Petrol,Manual,West,Maharashtra,Nagpur,1,2069120.25,0.084,1895341.45,98639.71,Cash
S03373,2025-10-02,C10861,Customer 0861,Honda,Amaze,Sedan,Petrol,Manual,North,Haryana,Gurugram,1,1352468.48,0.064,1265920.2,172296.8,UPI
S01237,2025-10-02,C11041,Customer 1041,Toyota,Glanza,SUV,Petrol,Manual,South,Telangana,Warangal,1,1136291.65,0.0342,1097413.99,114117.12,Cash
S02665,2025-10-02,C10865,Customer 0865,Hyundai,Venue,Sedan,Petrol,Manual,South,Tamil Nadu,Coimbatore,1,1937902.2,0.0676,1806873.22,142487.85,UPI
S04719,2025-10-02,C10797,Customer 0797,Tata,Altroz,Hatchback,Petrol,Manual,North,Rajasthan,Jaipur,1,1682034.45,0.047,1603061.09,109484.56,Bank Finance
S00253,2025-10-03,C10814,Customer 0814,Toyota,Glanza,SUV,Petrol,Manual,North,Haryana,Faridabad,1,4159689.27,0.0647,3890682.21,476538.1,Bank Finance
S01636,2025-10-03,C10642,Customer 0642,Honda,Amaze,Sedan,Petrol,Manual,East,Jharkhand,Jamshedpur,1,1009797.16,0.002,1007741.26,125231.31,Bank Finance
S01162,2025-10-04,C10154,Customer 0154,Tata,Punch,SUV,Petrol,Manual,East,Jharkhand,Jamshedpur,1,610910.3,0.1071,545470.27,66617.82,Cash
S02921,2025-10-04,C11139,Customer 1139,Mahindra,Bolero,SUV,Petrol,Automatic,North,Punjab,Ludhiana,1,1629919.58,0.0467,1553788.51,114010.9,Credit Card
S01516,2025-10-04,C10227,Customer 0227,Kia,Seltos,SUV,Petrol,Automatic,North,Haryana,Faridabad,1,2701873.07,0.0965,2441019.95,205154.01,Credit Card
S01118,2025-10-04,C11012,Customer 1012,Hyundai,Exter,Hatchback,Diesel,Automatic,West,Goa,Panaji,1,931911.01,0.0391,895429.25,116130.76,Bank Finance
S01593,2025-10-04,C10826,Customer 0826,Kia,Seltos,MPV,Petrol,Manual,West,Gujarat,Ahmedabad,1,1492467.62,0.0304,1447074.56,185748.43,Bank Finance
S01387,2025-10-05,C10628,Customer 0628,Volkswagen,Taigun,Sedan,Electric,Automatic,South,Kerala,Kochi,1,1575435.85,0.0306,1527292.19,234642.13,Credit Card
S03199,2025-10-05,C10651,Customer 0651,Volkswagen,Tiguan,Sedan,Diesel,Manual,West,Maharashtra,Nashik,1,2579195.74,0.0753,2384906.33,192125.44,Bank Finance
S04241,2025-10-05,C10726,Customer 0726,Volkswagen,Taigun,Sedan,Diesel,Automatic,West,Maharashtra,Nashik,1,1495835.09,0.0506,1420074.24,122334.35,Bank Finance
S04448,2025-10-05,C10756,Customer 0756,Toyota,Urban Cruiser Hyryder,SUV,Diesel,Automatic,West,Goa,Panaji,1,3326461.88,0.0117,3287386.03,386722.05,Bank Finance
S01065,2025-10-05,C10919,Customer 0919,Hyundai,i20,Sedan,Petrol,Automatic,North,Punjab,Chandigarh,1,1362919.93,0.0437,1303318.91,159856.68,UPI
S00908,2025-10-06,C10074,Customer 0074,Tata,Altroz,Hatchback,Diesel,Manual,West,Maharashtra,Thane,1,1817993.67,0.0564,1715527.2,204653.8,Cash
S02861,2025-10-06,C10510,Customer 0510,Kia,Sonet,MPV,Diesel,Automatic,East,Bihar,Gaya,1,2654042.24,0.052,2516004.25,193244.76,Credit Card
S00527,2025-10-07,C10298,Customer 0298,Honda,Amaze,Sedan,CNG,Automatic,West,Gujarat,Vadodara,1,1487298.9,0.0585,1400224.13,164583.31,UPI
S04701,2025-10-07,C10657,Customer 0657,Toyota,Urban Cruiser Hyryder,SUV,Electric,Manual,South,Karnataka,Bengaluru,1,4512668.52,0.0499,4287473.99,645791.58,UPI
S03620,2025-10-07,C10379,Customer 0379,Honda,Amaze,Sedan,Diesel,Manual,West,Gujarat,Rajkot,1,1372355.54,0.0177,1347999.95,177804.59,Credit Card
S00835,2025-10-08,C10403,Customer 0403,Volkswagen,Virtus,Sedan,Electric,Automatic,South,Kerala,Kochi,1,2922512.54,0.0898,2659948.59,157125.08,Bank Finance
S01962,2025-10-08,C10797,Customer 0797,Toyota,Urban Cruiser Hyryder,SUV,Hybrid,Automatic,East,West Bengal,Siliguri,1,1745993.35,0.0457,1666153.86,137058.82,Credit Card
S03267,2025-10-08,C10285,Customer 0285,Mahindra,XUV 3XO,SUV,Diesel,Automatic,South,Tamil Nadu,Madurai,1,1310784.86,0.0086,1299548.58,74675.38,Credit Card
S01890,2025-10-08,C10526,Customer 0526,Maruti Suzuki,Baleno,SUV,Petrol,Automatic,West,Gujarat,Ahmedabad,1,1306189.23,0.0534,1236425.32,195115.98,Bank Finance
S03890,2025-10-08,C10914,Customer 0914,Mahindra,XUV700,SUV,Electric,Automatic,West,Maharashtra,Nashik,1,1583418.45,0.0482,1507174.4,203301.45,Bank Finance
S04749,2025-10-08,C10653,Customer 0653,Kia,Sonet,MPV,Diesel,Manual,South,Kerala,Thiruvananthapuram,1,1137344.72,0.0789,1047574.25,171215.11,Cash
S00512,2025-10-08,C10118,Customer 0118,Hyundai,Exter,Sedan,CNG,Manual,East,West Bengal,Siliguri,1,1153054.32,0.0246,1124714.22,79137.32,Bank Finance
S01822,2025-10-09,C10888,Customer 0888,Honda,Amaze,SUV,CNG,Manual,North,Delhi,New Delhi,1,1033907.42,0.0669,964707.16,48145.93,Bank Finance
S04210,2025-10-09,C11018,Customer 1018,Volkswagen,Taigun,SUV,Diesel,Manual,North,Uttar Pradesh,Kanpur,1,2661062.4,0.0281,2586218.32,305631.67,Bank Finance
S02955,2025-10-09,C10824,Customer 0824,Maruti Suzuki,Swift,Hatchback,Electric,Manual,West,Gujarat,Surat,1,1157400.39,0.0401,1110959.46,136793.88,UPI
S02823,2025-10-10,C10523,Customer 0523,Volkswagen,Tiguan,Sedan,Diesel,Automatic,South,Andhra Pradesh,Vijayawada,1,2802392.95,0.0641,2622751.54,381106.28,UPI
S01478,2025-10-10,C10273,Customer 0273,Maruti Suzuki,Grand Vitara,Hatchback,Diesel,Manual,North,Rajasthan,Udaipur,1,685132.67,0.0761,632974.61,73514.32,Bank Finance
S04585,2025-10-10,C10579,Customer 0579,Mahindra,Thar,SUV,Petrol,Manual,South,Karnataka,Bengaluru,1,1672949.61,0.0337,1616642.7,229757.0,Credit Card
S04200,2025-10-10,C10596,Customer 0596,Hyundai,Creta,SUV,Petrol,Manual,West,Maharashtra,Nashik,1,1393753.14,0.0647,1303612.89,173800.02,Credit Card
S02132,2025-10-10,C10831,Customer 0831,Toyota,Innova HyCross,MPV,Petrol,Manual,West,Goa,Panaji,1,1363688.9,0.0221,1333504.15,80658.98,UPI
S03272,2025-10-11,C10664,Customer 0664,Hyundai,Verna,Sedan,Petrol,Automatic,North,Haryana,Faridabad,1,1735010.08,0.0425,1661195.38,113943.63,Cash
S01231,2025-10-11,C10301,Customer 0301,Kia,Sonet,SUV,Hybrid,Manual,South,Tamil Nadu,Madurai,1,1982737.31,0.0489,1885869.03,92484.62,Bank Finance
S00972,2025-10-11,C11099,Customer 1099,Mahindra,Thar,SUV,Diesel,Automatic,West,Goa,Panaji,1,834579.6,0.0669,778735.49,76919.07,Credit Card
S02881,2025-10-11,C10113,Customer 0113,Kia,Carens,SUV,Electric,Manual,North,Delhi,New Delhi,1,1195570.1,0.0571,1127252.46,89903.21,UPI
S01238,2025-10-11,C10620,Customer 0620,Tata,Safari,Hatchback,Diesel,Automatic,West,Gujarat,Vadodara,1,1705498.67,0.0764,1575194.34,55131.8,UPI
S00809,2025-10-11,C10343,Customer 0343,Kia,Carens,MPV,Petrol,Manual,North,Rajasthan,Udaipur,1,1301437.68,0.0649,1216946.6,96166.12,Bank Finance
S00962,2025-10-12,C10354,Customer 0354,Toyota,Urban Cruiser Hyryder,MPV,Electric,Automatic,West,Gujarat,Rajkot,1,868877.02,0.0441,830525.31,127398.31,Credit Card
S00794,2025-10-12,C10034,Customer 0034,Tata,Safari,Hatchback,CNG,Manual,West,Gujarat,Vadodara,1,1215030.0,0.0608,1141155.04,140031.32,Bank Finance
S00606,2025-10-12,C10301,Customer 0301,Maruti Suzuki,Baleno,SUV,Petrol,Manual,North,Haryana,Gurugram,1,1605164.37,0.0706,1491904.17,171713.49,Bank Finance
S04177,2025-10-13,C10707,Customer 0707,Honda,Amaze,Sedan,Electric,Manual,East,West Bengal,Siliguri,1,2159118.61,0.0995,1944354.09,177428.78,Bank Finance
S03949,2025-10-13,C10804,Customer 0804,Toyota,Innova HyCross,Hatchback,Diesel,Automatic,South,Telangana,Hyderabad,1,2118311.75,0.0576,1996365.64,81217.26,Bank Finance
S03410,2025-10-13,C10707,Customer 0707,Tata,Punch,Hatchback,Petrol,Automatic,East,Odisha,Cuttack,1,1363361.9,0.0818,1251904.14,139578.96,Bank Finance
S01214,2025-10-14,C10574,Customer 0574,Honda,Amaze,Sedan,Hybrid,Automatic,South,Karnataka,Bengaluru,1,1347298.68,0.0751,1246159.99,120487.87,Bank Finance
S00070,2025-10-14,C10738,Customer 0738,Kia,Seltos,MPV,Diesel,Manual,South,Telangana,Hyderabad,1,2239276.77,0.0578,2109736.79,304613.02,Bank Finance
S00179,2025-10-14,C10339,Customer 0339,Hyundai,Verna,SUV,Petrol,Automatic,West,Goa,Panaji,1,1233104.39,0.0382,1185960.68,98772.83,Credit Card
S02006,2025-10-14,C10627,Customer 0627,Toyota,Innova HyCross,MPV,Petrol,Automatic,West,Maharashtra,Nagpur,1,2252309.22,0.0822,2067090.35,234240.55,Cash
S01571,2025-10-14,C10783,Customer 0783,Kia,Carens,MPV,Petrol,Automatic,North,Rajasthan,Jaipur,1,1585762.32,0.1009,1425742.26,94261.04,Credit Card
S03972,2025-10-15,C10503,Customer 0503,Honda,Elevate,SUV,Petrol,Manual,West,Goa,Panaji,1,2138235.82,0.0688,1991202.18,123701.53,Bank Finance
S00964,2025-10-15,C11153,Customer 1153,Honda,City,SUV,CNG,Automatic,West,Gujarat,Vadodara,1,1624131.78,0.0454,1550421.68,201188.18,UPI
S03953,2025-10-15,C10618,Customer 0618,Kia,Carens,SUV,Electric,Automatic,North,Punjab,Chandigarh,1,1004857.49,0.0648,939743.93,154153.91,UPI
S02798,2025-10-16,C10396,Customer 0396,Volkswagen,Virtus,SUV,Electric,Automatic,South,Andhra Pradesh,Visakhapatnam,1,1438243.99,0.0398,1381060.66,123065.91,Credit Card
S00242,2025-10-16,C10218,Customer 0218,Maruti Suzuki,Dzire,SUV,Petrol,Manual,South,Karnataka,Mysuru,1,1145650.03,0.0336,1107153.68,107352.49,UPI
S01034,2025-10-16,C10357,Customer 0357,Volkswagen,Virtus,Sedan,Petrol,Automatic,South,Andhra Pradesh,Visakhapatnam,1,3750846.61,0.0374,3610378.69,507973.24,UPI
S00748,2025-10-17,C10592,Customer 0592,Volkswagen,Virtus,Sedan,Diesel,Automatic,North,Haryana,Gurugram,1,2152635.69,0.0425,2061130.17,240199.84,Cash
S02133,2025-10-17,C10201,Customer 0201,Hyundai,Exter,Hatchback,Diesel,Automatic,South,Karnataka,Mangaluru,1,1402676.7,0.0541,1326833.46,167130.52,Bank Finance
S03872,2025-10-17,C11062,Customer 1062,Volkswagen,Tiguan,SUV,Hybrid,Automatic,North,Uttar Pradesh,Kanpur,1,3438211.78,0.0287,3339559.58,373960.29,Credit Card
S01431,2025-10-18,C10406,Customer 0406,Kia,Seltos,MPV,CNG,Automatic,South,Andhra Pradesh,Vijayawada,1,2131927.78,0.0777,1966286.05,234202.07,UPI
S01572,2025-10-18,C10687,Customer 0687,Volkswagen,Taigun,SUV,CNG,Automatic,North,Delhi,New Delhi,1,2225041.14,0.0752,2057726.66,283091.61,Cash
S02618,2025-10-18,C10669,Customer 0669,Volkswagen,Virtus,Sedan,Diesel,Manual,East,Bihar,Patna,1,2918914.07,0.0675,2721864.46,299301.01,Credit Card
S04246,2025-10-18,C10324,Customer 0324,Kia,Sonet,MPV,Petrol,Automatic,South,Andhra Pradesh,Vijayawada,1,874682.37,0.105,782811.69,39998.26,UPI
S02292,2025-10-18,C10577,Customer 0577,Toyota,Innova HyCross,MPV,Electric,Automatic,North,Rajasthan,Udaipur,1,3865755.14,0.0502,3671689.76,415855.08,Cash
S00227,2025-10-18,C10669,Customer 0669,Hyundai,Verna,Hatchback,Petrol,Manual,East,West Bengal,Siliguri,1,833642.89,0.0149,821216.86,92251.35,Bank Finance
S01429,2025-10-18,C10603,Customer 0603,Mahindra,Scorpio-N,SUV,Diesel,Manual,South,Andhra Pradesh,Visakhapatnam,1,827242.42,0.0065,821838.32,57460.25,Bank Finance
S02064,2025-10-18,C10691,Customer 0691,Tata,Punch,Hatchback,Electric,Manual,West,Goa,Margao,1,1228993.23,0.115,1087648.61,45386.35,Cash
S00264,2025-10-18,C11187,Customer 1187,Hyundai,Creta,Sedan,Diesel,Manual,East,West Bengal,Siliguri,1,1706843.85,0.072,1583978.65,140477.47,Bank Finance
S00132,2025-10-19,C10243,Customer 0243,Hyundai,Venue,SUV,Diesel,Manual,South,Karnataka,Mysuru,1,915514.12,0.0338,884581.84,85369.73,Bank Finance
S01446,2025-10-19,C11147,Customer 1147,Volkswagen,Virtus,SUV,CNG,Manual,South,Karnataka,Bengaluru,1,1465047.25,0.0697,1362939.64,131986.87,UPI
S04234,2025-10-19,C10394,Customer 0394,Hyundai,i20,Sedan,CNG,Manual,South,Karnataka,Mysuru,1,1108518.53,0.0687,1032346.15,65558.35,Bank Finance
S03483,2025-10-19,C11138,Customer 1138,Honda,Amaze,SUV,Petrol,Manual,North,Rajasthan,Jaipur,1,1122198.37,0.085,1026838.98,92766.06,Cash
S03625,2025-10-19,C10341,Customer 0341,Volkswagen,Taigun,Sedan,CNG,Manual,North,Rajasthan,Jaipur,1,2206037.31,0.0242,2152589.77,323823.66,UPI
S03550,2025-10-19,C10055,Customer 0055,Maruti Suzuki,Dzire,SUV,CNG,Automatic,South,Kerala,Thiruvananthapuram,1,1665917.19,0.0467,1588191.4,214282.75,Cash
S00439,2025-10-20,C10334,Customer 0334,Honda,Elevate,Sedan,Hybrid,Automatic,South,Karnataka,Mysuru,1,983072.24,0.0292,954412.33,114484.18,Bank Finance
S03175,2025-10-20,C11054,Customer 1054,Maruti Suzuki,Swift,Hatchback,CNG,Automatic,South,Kerala,Thiruvananthapuram,1,1592591.03,0.0606,1496102.05,134308.81,Bank Finance
S02648,2025-10-20,C10254,Customer 0254,Tata,Altroz,SUV,CNG,Manual,South,Kerala,Kochi,1,2144690.7,0.0494,2038716.02,88250.14,UPI
S00993,2025-10-20,C10464,Customer 0464,Toyota,Glanza,Hatchback,Electric,Automatic,North,Punjab,Amritsar,1,5245406.45,0.0633,4913269.3,505139.06,Bank Finance
S03839,2025-10-21,C10336,Customer 0336,Honda,Elevate,Sedan,CNG,Manual,North,Haryana,Faridabad,1,1954772.65,0.0342,1887890.85,221500.56,UPI
S02447,2025-10-21,C10277,Customer 0277,Honda,Elevate,Sedan,Electric,Manual,West,Gujarat,Vadodara,1,1282484.11,0.0551,1211780.34,124342.54,Credit Card
S02591,2025-10-21,C10829,Customer 0829,Mahindra,XUV 3XO,SUV,Petrol,Manual,South,Kerala,Thiruvananthapuram,1,1220714.37,0.0272,1187563.38,98734.2,UPI
S02138,2025-10-21,C10056,Customer 0056,Volkswagen,Tiguan,Sedan,Petrol,Automatic,South,Karnataka,Bengaluru,1,1211770.18,0.048,1153618.34,133711.26,Bank Finance
S01809,2025-10-22,C10004,Customer 0004,Maruti Suzuki,Grand Vitara,Hatchback,Petrol,Manual,West,Gujarat,Ahmedabad,1,669121.29,0.0432,640202.76,33864.44,UPI
S00988,2025-10-22,C10724,Customer 0724,Mahindra,XUV 3XO,SUV,Petrol,Manual,South,Telangana,Warangal,1,1401381.65,0.0898,1275548.65,135215.37,Bank Finance
S02529,2025-10-22,C10732,Customer 0732,Tata,Nexon,Hatchback,Hybrid,Manual,South,Kerala,Kochi,1,1350510.99,0.0558,1275143.17,96841.85,UPI
S02045,2025-10-22,C10091,Customer 0091,Hyundai,Venue,Sedan,Hybrid,Automatic,South,Andhra Pradesh,Visakhapatnam,1,1245634.48,0.0285,1210183.89,117826.76,Bank Finance
S04323,2025-10-22,C10738,Customer 0738,Honda,City,Sedan,Diesel,Manual,East,Bihar,Gaya,1,828721.39,0.023,809680.41,68371.09,Cash
S00536,2025-10-23,C11119,Customer 1119,Kia,Carens,MPV,Petrol,Manual,South,Tamil Nadu,Chennai,1,1441838.8,0.0706,1340097.38,130809.86,Credit Card
S01093,2025-10-23,C11139,Customer 1139,Mahindra,Bolero,SUV,Electric,Manual,East,Jharkhand,Ranchi,1,1200549.15,0.0279,1167070.11,53498.61,Cash
S01902,2025-10-23,C10443,Customer 0443,Maruti Suzuki,Baleno,Sedan,Electric,Automatic,East,Jharkhand,Ranchi,1,1640629.37,0.0887,1495055.32,161221.78,Bank Finance
S01203,2025-10-23,C10526,Customer 0526,Hyundai,Exter,Hatchback,Electric,Automatic,South,Tamil Nadu,Chennai,1,1488957.32,0.0473,1418521.52,109740.53,Bank Finance
S00803,2025-10-24,C10714,Customer 0714,Mahindra,XUV700,SUV,Diesel,Automatic,North,Uttar Pradesh,Kanpur,1,1363714.35,0.0507,1294624.04,225812.27,Credit Card
S04072,2025-10-25,C10913,Customer 0913,Volkswagen,Taigun,Sedan,Electric,Automatic,West,Goa,Panaji,1,2953853.63,0.0604,2775534.44,257684.77,Bank Finance
S04655,2025-10-26,C10701,Customer 0701,Tata,Nexon,SUV,Petrol,Automatic,East,Bihar,Gaya,1,2060344.09,0.0735,1908924.37,66812.35,Bank Finance
S00739,2025-10-26,C10140,Customer 0140,Maruti Suzuki,Swift,Sedan,Petrol,Automatic,North,Haryana,Gurugram,1,1446878.33,0.021,1416554.81,204885.69,Bank Finance
S02785,2025-10-26,C10394,Customer 0394,Hyundai,Creta,SUV,Electric,Automatic,West,Maharashtra,Thane,1,1183382.23,0.0909,1075795.42,140388.89,UPI
S00798,2025-10-26,C11199,Customer 1199,Tata,Safari,Hatchback,Hybrid,Manual,South,Tamil Nadu,Madurai,1,1126150.82,0.0395,1081626.6,139180.55,Bank Finance
S02113,2025-10-26,C10538,Customer 0538,Hyundai,Creta,Sedan,Petrol,Manual,West,Maharashtra,Pune,1,1407182.23,0.0632,1318309.04,175524.19,Bank Finance
S00375,2025-10-27,C10187,Customer 0187,Kia,Sonet,MPV,Diesel,Automatic,East,Odisha,Cuttack,1,1941020.42,0.045,1853760.86,223190.96,Credit Card
S04753,2025-10-28,C10860,Customer 0860,Maruti Suzuki,Dzire,SUV,Diesel,Manual,South,Kerala,Kochi,1,1435059.25,0.0672,1338684.08,128698.21,Cash
S03787,2025-10-28,C11096,Customer 1096,Tata,Harrier,Hatchback,Petrol,Automatic,East,Jharkhand,Ranchi,1,1111847.26,0.0552,1050492.63,99671.83,Cash
S02219,2025-10-28,C10090,Customer 0090,Tata,Nexon,SUV,Petrol,Automatic,South,Andhra Pradesh,Vijayawada,1,1265321.48,0.0758,1169459.95,142871.18,Bank Finance
S00245,2025-10-28,C10261,Customer 0261,Mahindra,XUV700,SUV,Petrol,Manual,North,Haryana,Faridabad,1,2218472.41,0.033,2145273.24,241136.52,Bank Finance
S04490,2025-10-29,C11017,Customer 1017,Tata,Altroz,Hatchback,Electric,Manual,East,West Bengal,Kolkata,1,1648285.29,0.0583,1552243.48,170483.62,Cash
S02704,2025-10-29,C10095,Customer 0095,Toyota,Fortuner,Hatchback,Electric,Automatic,South,Karnataka,Bengaluru,1,1901640.52,0.0309,1842887.74,191581.48,Credit Card
S03966,2025-10-29,C10720,Customer 0720,Mahindra,Thar,SUV,CNG,Automatic,West,Gujarat,Ahmedabad,1,1560523.46,0.0123,1541361.45,128093.16,Cash
S04089,2025-10-30,C11199,Customer 1199,Hyundai,i20,Sedan,Hybrid,Manual,East,Bihar,Patna,1,1309664.1,0.061,1229763.11,120306.39,Credit Card
S02644,2025-10-30,C10329,Customer 0329,Maruti Suzuki,Brezza,SUV,Diesel,Automatic,South,Telangana,Warangal,1,1428973.5,0.0458,1363457.51,79681.38,Bank Finance
S01472,2025-10-31,C10163,Customer 0163,Kia,Seltos,MPV,Electric,Automatic,South,Telangana,Warangal,1,1775827.23,0.0936,1609542.9,124614.33,Bank Finance
S04354,2025-10-31,C10138,Customer 0138,Tata,Punch,SUV,Hybrid,Manual,West,Gujarat,Vadodara,1,1983291.21,0.0741,1836427.06,216019.01,Credit Card
S00944,2025-11-01,C10991,Customer 0991,Volkswagen,Taigun,SUV,Diesel,Automatic,West,Maharashtra,Mumbai,1,2795653.59,0.0202,2739295.01,479264.24,UPI
S03643,2025-11-01,C11112,Customer 1112,Tata,Punch,SUV,Petrol,Automatic,North,Haryana,Gurugram,1,1339278.31,0.0685,1247582.58,219810.52,Bank Finance
S02860,2025-11-01,C11139,Customer 1139,Mahindra,XUV700,SUV,Hybrid,Manual,East,West Bengal,Siliguri,1,1263723.07,0.044,1208129.9,133420.74,Bank Finance
S00786,2025-11-01,C10869,Customer 0869,Honda,City,SUV,Diesel,Automatic,South,Andhra Pradesh,Visakhapatnam,1,797273.81,0.0521,755749.98,57966.81,Cash
S04037,2025-11-01,C11116,Customer 1116,Volkswagen,Taigun,Sedan,Diesel,Manual,West,Goa,Margao,1,3565889.93,0.02,3494698.53,371866.55,UPI
S02554,2025-11-01,C10074,Customer 0074,Mahindra,Scorpio-N,SUV,Petrol,Automatic,West,Gujarat,Vadodara,1,2065320.06,0.049,1964100.72,180596.8,UPI
S03240,2025-11-01,C10088,Customer 0088,Maruti Suzuki,Dzire,Hatchback,Petrol,Automatic,West,Gujarat,Ahmedabad,1,1171772.08,0.0768,1081828.77,138729.59,Bank Finance
S04960,2025-11-02,C10005,Customer 0005,Kia,Sonet,MPV,Petrol,Manual,West,Goa,Margao,1,826581.33,0.0431,790993.07,27684.76,Bank Finance
S00389,2025-11-03,C11183,Customer 1183,Honda,Amaze,SUV,CNG,Automatic,South,Karnataka,Bengaluru,1,1493370.61,0.0718,1386165.89,154766.63,Bank Finance
S01653,2025-11-03,C10544,Customer 0544,Mahindra,XUV700,SUV,Petrol,Automatic,West,Gujarat,Ahmedabad,1,1230432.18,0.0395,1181871.55,155887.23,Bank Finance
S03565,2025-11-03,C11112,Customer 1112,Maruti Suzuki,Dzire,Sedan,Diesel,Manual,East,Bihar,Gaya,1,973052.88,0.089,886424.8,31024.87,Bank Finance
S02016,2025-11-03,C10492,Customer 0492,Tata,Altroz,Hatchback,Diesel,Automatic,South,Andhra Pradesh,Visakhapatnam,1,807635.53,0.0522,765439.45,91006.53,Credit Card
S02457,2025-11-03,C10589,Customer 0589,Maruti Suzuki,Baleno,SUV,Diesel,Automatic,South,Tamil Nadu,Coimbatore,1,715256.03,0.0382,687947.88,53040.61,Bank Finance
S03232,2025-11-03,C10806,Customer 0806,Tata,Safari,SUV,Diesel,Automatic,West,Gujarat,Ahmedabad,1,1520859.82,0.0698,1414746.8,135709.83,Bank Finance
S04153,2025-11-03,C10952,Customer 0952,Maruti Suzuki,Baleno,Hatchback,Petrol,Manual,East,Jharkhand,Ranchi,1,1212223.48,0.0087,1201692.54,181377.84,Credit Card
S01408,2025-11-04,C10459,Customer 0459,Hyundai,i20,Hatchback,Diesel,Manual,South,Telangana,Warangal,1,914472.03,0.0864,835487.3,64112.95,Bank Finance
S04523,2025-11-04,C10727,Customer 0727,Maruti Suzuki,Dzire,Sedan,Diesel,Automatic,West,Gujarat,Surat,1,720709.72,0.0284,700217.78,63213.9,Cash
S00060,2025-11-05,C10469,Customer 0469,Mahindra,Thar,SUV,Petrol,Manual,South,Tamil Nadu,Madurai,1,2231424.22,0.0437,2133868.42,173703.36,UPI
S02856,2025-11-05,C10099,Customer 0099,Volkswagen,Tiguan,SUV,Diesel,Manual,West,Goa,Margao,1,2214753.09,0.0562,2090185.86,308544.08,Bank Finance
S01351,2025-11-05,C10972,Customer 0972,Honda,City,Sedan,Petrol,Manual,South,Karnataka,Bengaluru,1,1803102.62,0.0546,1704624.93,135707.06,UPI
S04783,2025-11-05,C10688,Customer 0688,Mahindra,XUV 3XO,SUV,Hybrid,Manual,West,Maharashtra,Thane,1,1886748.46,0.071,1752858.87,126632.91,Cash
S04979,2025-11-05,C10345,Customer 0345,Volkswagen,Tiguan,Sedan,Diesel,Automatic,East,Bihar,Patna,1,2441633.43,0.0978,2202884.04,92358.08,UPI
S03468,2025-11-05,C11194,Customer 1194,Kia,Carens,SUV,Diesel,Manual,East,West Bengal,Kolkata,1,2165124.03,0.0467,2063984.91,212444.44,Cash
S04054,2025-11-06,C10264,Customer 0264,Honda,Amaze,Sedan,CNG,Automatic,West,Maharashtra,Mumbai,1,1878263.33,0.081,1726092.31,163648.38,UPI
S03816,2025-11-06,C10448,Customer 0448,Kia,Carens,MPV,Diesel,Automatic,South,Kerala,Thiruvananthapuram,1,1142299.85,0.0302,1107777.76,90806.75,Bank Finance
S01046,2025-11-06,C10668,Customer 0668,Hyundai,Exter,Sedan,CNG,Manual,South,Telangana,Warangal,1,1701041.07,0.0205,1666192.02,161954.09,UPI
S02844,2025-11-07,C10237,Customer 0237,Kia,Seltos,SUV,Diesel,Manual,South,Tamil Nadu,Chennai,1,955809.71,0.1091,851537.47,111757.3,UPI
S03392,2025-11-07,C11021,Customer 1021,Mahindra,Thar,SUV,CNG,Automatic,North,Haryana,Faridabad,1,1260406.01,0.0673,1175522.56,130439.15,Credit Card
S03339,2025-11-07,C10556,Customer 0556,Kia,Seltos,SUV,CNG,Manual,East,West Bengal,Kolkata,1,1414566.37,0.0635,1324786.56,133296.55,Bank Finance
S02167,2025-11-07,C10049,Customer 0049,Kia,Sonet,MPV,Diesel,Manual,East,Jharkhand,Jamshedpur,1,1388715.08,0.0273,1350801.7,47278.06,Bank Finance
S02616,2025-11-07,C10366,Customer 0366,Honda,Elevate,SUV,Diesel,Manual,South,Tamil Nadu,Madurai,1,1464741.29,0.093,1328450.11,200248.79,UPI
S03477,2025-11-08,C11000,Customer 1000,Kia,Seltos,SUV,Diesel,Manual,North,Punjab,Chandigarh,1,2213140.06,0.0495,2103510.62,313513.38,Cash
S00344,2025-11-08,C10445,Customer 0445,Toyota,Urban Cruiser Hyryder,Hatchback,Petrol,Automatic,South,Andhra Pradesh,Vijayawada,1,2307728.13,0.0817,2119146.69,280853.03,Bank Finance
S02705,2025-11-09,C10544,Customer 0544,Hyundai,i20,SUV,CNG,Manual,West,Gujarat,Rajkot,1,1311020.87,0.0568,1236547.68,112647.73,Bank Finance
S00159,2025-11-09,C10595,Customer 0595,Tata,Altroz,SUV,Hybrid,Automatic,North,Delhi,New Delhi,1,1900525.46,0.0293,1844915.56,263352.08,Bank Finance
S02933,2025-11-09,C11134,Customer 1134,Tata,Harrier,Hatchback,Diesel,Automatic,South,Kerala,Thiruvananthapuram,1,1775262.65,0.0405,1703361.34,254014.81,Bank Finance
S01846,2025-11-09,C10089,Customer 0089,Maruti Suzuki,Baleno,Hatchback,CNG,Manual,South,Karnataka,Mysuru,1,737931.6,0.0515,699939.22,77297.31,Bank Finance
S00002,2025-11-10,C11130,Customer 1130,Tata,Harrier,Hatchback,Petrol,Manual,South,Tamil Nadu,Coimbatore,1,1268353.37,0.0103,1255252.79,128459.99,UPI
S03423,2025-11-10,C11064,Customer 1064,Kia,Sonet,MPV,Petrol,Manual,North,Uttar Pradesh,Kanpur,1,2585906.54,0.0928,2345806.33,213786.5,Cash
S01330,2025-11-10,C10528,Customer 0528,Mahindra,Scorpio-N,SUV,Electric,Automatic,East,West Bengal,Siliguri,1,1938355.08,0.0299,1880464.09,253924.51,Bank Finance
S01520,2025-11-10,C11137,Customer 1137,Tata,Punch,Hatchback,Petrol,Automatic,West,Maharashtra,Mumbai,1,1983539.86,0.0309,1922277.71,259155.67,Credit Card
S00560,2025-11-11,C10538,Customer 0538,Mahindra,Scorpio-N,SUV,Diesel,Automatic,West,Maharashtra,Nashik,1,1340748.92,0.0921,1217330.67,104616.74,UPI
S04668,2025-11-11,C10783,Customer 0783,Kia,Sonet,SUV,Electric,Automatic,West,Maharashtra,Pune,1,2066272.02,0.0449,1973464.22,69071.25,Bank Finance
S01010,2025-11-12,C10908,Customer 0908,Volkswagen,Virtus,SUV,Diesel,Automatic,North,Punjab,Ludhiana,1,2823548.82,0.0241,2755437.5,220016.75,Credit Card
S02201,2025-11-12,C10113,Customer 0113,Mahindra,Bolero,SUV,Diesel,Automatic,East,Bihar,Gaya,1,1521847.56,0.0592,1431710.76,130042.36,UPI
S04322,2025-11-12,C11046,Customer 1046,Maruti Suzuki,Dzire,Sedan,Petrol,Automatic,West,Maharashtra,Pune,1,952094.46,0.0776,878176.02,55254.63,Bank Finance
S03950,2025-11-12,C10898,Customer 0898,Tata,Punch,SUV,Electric,Automatic,West,Gujarat,Ahmedabad,1,636445.15,0.0,636445.15,36521.76,UPI
S04332,2025-11-13,C10760,Customer 0760,Mahindra,XUV700,SUV,CNG,Automatic,South,Telangana,Hyderabad,1,1376720.41,0.0665,1285140.6,44979.92,Credit Card
S01836,2025-11-13,C10151,Customer 0151,Tata,Harrier,Hatchback,CNG,Automatic,East,West Bengal,Siliguri,1,1551568.05,0.0583,1461181.5,129573.45,Credit Card
S04618,2025-11-13,C11054,Customer 1054,Mahindra,Thar,SUV,CNG,Manual,South,Andhra Pradesh,Vijayawada,1,2133904.86,0.0784,1966641.63,207064.75,Bank Finance
S02034,2025-11-14,C10427,Customer 0427,Hyundai,Creta,SUV,CNG,Automatic,East,Odisha,Bhubaneswar,1,1758906.85,0.0562,1660051.32,69068.96,Bank Finance
S01339,2025-11-14,C11147,Customer 1147,Volkswagen,Virtus,Sedan,Petrol,Manual,South,Tamil Nadu,Coimbatore,1,1542715.33,0.0486,1467801.75,136199.19,UPI
S01893,2025-11-14,C10182,Customer 0182,Tata,Safari,Hatchback,Electric,Automatic,West,Goa,Panaji,1,1305384.32,0.0832,1196737.62,162819.82,Bank Finance
S02713,2025-11-14,C10344,Customer 0344,Toyota,Fortuner,MPV,Hybrid,Automatic,East,Bihar,Patna,1,2698395.48,0.0662,2519650.8,289532.45,Bank Finance
S00589,2025-11-14,C10563,Customer 0563,Tata,Safari,Hatchback,Petrol,Automatic,West,Gujarat,Ahmedabad,1,1687103.69,0.0679,1572533.85,221607.45,UPI
S00650,2025-11-14,C10394,Customer 0394,Mahindra,Thar,SUV,Diesel,Manual,North,Delhi,New Delhi,1,1239535.84,0.0581,1167457.53,149682.38,Credit Card
S02532,2025-11-15,C10224,Customer 0224,Kia,Carens,MPV,Petrol,Automatic,West,Maharashtra,Mumbai,1,830656.82,0.0286,806935.06,73357.39,Bank Finance
S02279,2025-11-16,C11153,Customer 1153,Tata,Nexon,Hatchback,Petrol,Automatic,North,Punjab,Ludhiana,1,1334543.18,0.0381,1283638.75,210255.91,Bank Finance
S04252,2025-11-16,C11072,Customer 1072,Volkswagen,Virtus,SUV,Petrol,Automatic,South,Telangana,Warangal,1,2442833.6,0.0663,2280976.96,250330.95,Bank Finance
S03736,2025-11-16,C10204,Customer 0204,Maruti Suzuki,Baleno,SUV,Diesel,Manual,North,Delhi,New Delhi,1,671091.48,0.0627,628989.15,46661.26,Cash
S03401,2025-11-16,C10760,Customer 0760,Toyota,Urban Cruiser Hyryder,MPV,Petrol,Manual,West,Gujarat,Surat,1,2268074.36,0.0476,2160199.87,204799.02,Bank Finance
S00889,2025-11-16,C10886,Customer 0886,Tata,Safari,SUV,Diesel,Manual,West,Goa,Margao,1,2123671.01,0.0645,1986621.71,258383.81,UPI
S02896,2025-11-17,C10233,Customer 0233,Maruti Suzuki,Dzire,Sedan,Petrol,Manual,South,Kerala,Thiruvananthapuram,1,824875.47,0.1056,737749.43,40969.8,Cash
S01608,2025-11-18,C10608,Customer 0608,Honda,Elevate,Sedan,Petrol,Manual,North,Uttar Pradesh,Lucknow,1,1319737.38,0.0669,1231402.06,158708.39,Bank Finance
S04889,2025-11-18,C11040,Customer 1040,Tata,Harrier,Hatchback,Diesel,Manual,East,Jharkhand,Jamshedpur,1,1788983.22,0.07,1663721.02,196364.59,Credit Card
S02819,2025-11-18,C10169,Customer 0169,Volkswagen,Tiguan,Sedan,Petrol,Automatic,South,Karnataka,Bengaluru,1,3729893.17,0.0483,3549665.09,277020.69,Bank Finance
S00746,2025-11-18,C10667,Customer 0667,Mahindra,XUV 3XO,SUV,Petrol,Automatic,South,Tamil Nadu,Chennai,1,1259236.55,0.0202,1233759.19,130254.79,Bank Finance
S03188,2025-11-18,C11040,Customer 1040,Honda,City,SUV,Diesel,Automatic,West,Goa,Panaji,1,1028572.26,0.0062,1022203.32,72241.49,Credit Card
S01361,2025-11-18,C10678,Customer 0678,Maruti Suzuki,Swift,SUV,Diesel,Automatic,South,Kerala,Kochi,1,962637.03,0.0163,946898.78,123835.03,Credit Card
S03753,2025-11-19,C10582,Customer 0582,Honda,Elevate,Sedan,Petrol,Manual,West,Maharashtra,Thane,1,2172274.99,0.037,2091896.05,170519.73,Bank Finance
S02075,2025-11-19,C10819,Customer 0819,Hyundai,Venue,Hatchback,CNG,Manual,West,Maharashtra,Mumbai,1,728753.28,0.0254,710263.01,70766.76,Bank Finance
S01629,2025-11-19,C10618,Customer 0618,Volkswagen,Taigun,SUV,Electric,Automatic,East,Bihar,Patna,1,2683320.19,0.0453,2561651.28,427285.42,Credit Card
S00287,2025-11-20,C10886,Customer 0886,Mahindra,XUV 3XO,SUV,Diesel,Manual,East,West Bengal,Kolkata,1,2074802.32,0.0079,2058504.61,189438.52,Bank Finance
S00607,2025-11-20,C10859,Customer 0859,Honda,Elevate,SUV,Hybrid,Manual,West,Maharashtra,Thane,1,1659425.25,0.0991,1494963.27,101449.04,UPI
S04840,2025-11-20,C10652,Customer 0652,Toyota,Urban Cruiser Hyryder,SUV,Diesel,Automatic,South,Kerala,Thiruvananthapuram,1,2430150.95,0.1133,2154846.55,281765.64,Credit Card
S03637,2025-11-21,C10124,Customer 0124,Maruti Suzuki,Brezza,Sedan,Petrol,Automatic,North,Delhi,New Delhi,1,1250721.76,0.0338,1208495.71,168085.3,Credit Card
S03296,2025-11-21,C10718,Customer 0718,Mahindra,Thar,SUV,CNG,Automatic,North,Punjab,Amritsar,1,1960464.46,0.0472,1867895.97,144563.38,Credit Card
S02595,2025-11-21,C10678,Customer 0678,Tata,Nexon,Hatchback,CNG,Automatic,West,Gujarat,Vadodara,1,622294.37,0.0728,576992.87,60800.43,UPI
S00626,2025-11-22,C11089,Customer 1089,Mahindra,Scorpio-N,SUV,CNG,Automatic,West,Goa,Panaji,1,2546037.66,0.0191,2497384.56,374882.38,Bank Finance
S02986,2025-11-22,C10802,Customer 0802,Toyota,Fortuner,SUV,Petrol,Manual,South,Andhra Pradesh,Visakhapatnam,1,2859611.65,0.0459,2728412.95,237150.25,Bank Finance
S00348,2025-11-22,C10381,Customer 0381,Maruti Suzuki,Swift,Hatchback,Electric,Manual,South,Telangana,Hyderabad,1,818548.71,0.0467,780343.08,73418.87,Bank Finance
S00869,2025-11-22,C10616,Customer 0616,Toyota,Fortuner,SUV,Petrol,Manual,North,Haryana,Gurugram,1,4403594.24,0.0403,4226050.0,291516.71,Bank Finance
S00956,2025-11-22,C10952,Customer 0952,Toyota,Urban Cruiser Hyryder,SUV,Diesel,Automatic,South,Karnataka,Bengaluru,1,3305926.48,0.0094,3274997.23,298633.59,Bank Finance
S01412,2025-11-23,C10659,Customer 0659,Toyota,Urban Cruiser Hyryder,Hatchback,Petrol,Manual,East,Jharkhand,Ranchi,1,4919914.56,0.0331,4757001.09,296980.65,Cash
S01762,2025-11-23,C10985,Customer 0985,Toyota,Innova HyCross,SUV,Electric,Manual,West,Goa,Panaji,1,1537725.32,0.0789,1416419.26,119015.02,Bank Finance
S04521,2025-11-23,C10714,Customer 0714,Honda,Amaze,Sedan,CNG,Manual,West,Gujarat,Ahmedabad,1,1499296.63,0.0507,1423277.53,268734.69,UPI
S01300,2025-11-23,C10183,Customer 0183,Kia,Seltos,MPV,Diesel,Automatic,North,Rajasthan,Jodhpur,1,1710568.86,0.0643,1600578.25,211611.25,Bank Finance
S02055,2025-11-23,C11187,Customer 1187,Honda,Elevate,SUV,Electric,Manual,South,Telangana,Warangal,1,1570898.5,0.0755,1452326.28,174679.9,Bank Finance
S03908,2025-11-23,C11137,Customer 1137,Tata,Altroz,SUV,Hybrid,Manual,South,Karnataka,Mangaluru,1,2135344.65,0.0598,2007667.33,70268.36,UPI
S01133,2025-11-23,C10972,Customer 0972,Tata,Punch,Hatchback,Hybrid,Manual,West,Gujarat,Ahmedabad,1,1230035.29,0.0978,1109719.23,101845.69,Bank Finance
S02076,2025-11-24,C10953,Customer 0953,Maruti Suzuki,Baleno,SUV,Electric,Manual,West,Goa,Panaji,1,704440.27,0.0966,636379.69,96787.41,Credit Card
S03018,2025-11-24,C10813,Customer 0813,Mahindra,Bolero,SUV,Electric,Manual,East,Jharkhand,Jamshedpur,1,1308710.38,0.0717,1214868.65,223929.31,Credit Card
S01247,2025-11-24,C10544,Customer 0544,Toyota,Innova HyCross,MPV,Petrol,Automatic,East,West Bengal,Siliguri,1,1983829.77,0.0814,1822316.93,168229.38,Bank Finance
S01896,2025-11-24,C10898,Customer 0898,Tata,Nexon,SUV,Electric,Automatic,South,Telangana,Warangal,1,1706468.54,0.0467,1626800.7,117119.66,Bank Finance
S01534,2025-11-25,C10991,Customer 0991,Honda,City,SUV,Diesel,Manual,West,Gujarat,Rajkot,1,1163200.72,0.0781,1072395.51,136232.51,Bank Finance
S03940,2025-11-25,C10178,Customer 0178,Maruti Suzuki,Swift,SUV,Diesel,Manual,West,Goa,Margao,1,984445.63,0.0138,970870.03,107605.82,Bank Finance
S03918,2025-11-26,C10946,Customer 0946,Mahindra,XUV 3XO,SUV,CNG,Manual,East,Odisha,Bhubaneswar,1,1024552.98,0.0366,987028.35,70295.47,Bank Finance
S03959,2025-11-26,C10669,Customer 0669,Kia,Sonet,SUV,Hybrid,Automatic,North,Punjab,Amritsar,1,1126556.62,0.0416,1079714.92,81369.4,UPI
S03961,2025-11-26,C10294,Customer 0294,Honda,Amaze,SUV,Diesel,Manual,North,Haryana,Faridabad,1,791526.97,0.0599,744095.4,26754.45,UPI
S03828,2025-11-26,C10566,Customer 0566,Honda,Amaze,Sedan,Electric,Manual,South,Tamil Nadu,Coimbatore,1,1049224.45,0.0356,1011829.12,93272.64,Bank Finance
S02959,2025-11-26,C10074,Customer 0074,Tata,Safari,SUV,Petrol,Automatic,East,Odisha,Cuttack,1,1228244.89,0.0033,1224251.98,201385.69,Bank Finance
S01799,2025-11-27,C10013,Customer 0013,Volkswagen,Tiguan,Sedan,Hybrid,Manual,West,Gujarat,Vadodara,1,1569208.49,0.0563,1480887.79,89276.73,Cash
S04916,2025-11-27,C10230,Customer 0230,Mahindra,XUV700,SUV,Electric,Manual,West,Gujarat,Rajkot,1,1712737.79,0.0526,1622700.66,130807.52,Bank Finance
S01324,2025-11-27,C10747,Customer 0747,Toyota,Urban Cruiser Hyryder,MPV,Petrol,Manual,West,Gujarat,Surat,1,1752947.22,0.0028,1747991.86,214968.88,Bank Finance
S02688,2025-11-27,C10815,Customer 0815,Hyundai,i20,SUV,CNG,Manual,East,Bihar,Gaya,1,1040891.99,0.0452,993838.63,91564.6,Bank Finance
S00076,2025-11-27,C11015,Customer 1015,Volkswagen,Virtus,SUV,Diesel,Automatic,West,Gujarat,Ahmedabad,1,1472406.91,0.0808,1353503.23,176712.02,UPI
S00128,2025-11-27,C10754,Customer 0754,Toyota,Fortuner,MPV,Petrol,Manual,West,Goa,Panaji,1,3740806.87,0.0908,3401177.64,280008.45,Bank Finance
S03685,2025-11-28,C11018,Customer 1018,Toyota,Fortuner,SUV,Diesel,Automatic,North,Uttar Pradesh,Noida,1,4479080.98,0.0487,4260785.29,325125.28,Credit Card
S00295,2025-11-28,C11198,Customer 1198,Mahindra,Scorpio-N,SUV,Petrol,Automatic,East,West Bengal,Siliguri,1,1691509.4,0.0774,1560620.16,167961.18,UPI
S02964,2025-11-28,C10124,Customer 0124,Kia,Sonet,SUV,Petrol,Automatic,North,Haryana,Faridabad,1,1230384.27,0.014,1213102.53,168319.31,UPI
S03986,2025-11-28,C10803,Customer 0803,Honda,Elevate,Sedan,CNG,Manual,East,Odisha,Bhubaneswar,1,898516.96,0.0624,842462.0,96539.19,Cash
S01084,2025-11-29,C10344,Customer 0344,Volkswagen,Tiguan,SUV,Diesel,Automatic,East,Bihar,Patna,1,1929283.31,0.0753,1783915.0,184105.39,Bank Finance
S03767,2025-11-29,C10707,Customer 0707,Toyota,Urban Cruiser Hyryder,SUV,Electric,Automatic,South,Karnataka,Mangaluru,1,5269228.22,0.0796,4849902.45,390854.01,Credit Card
S02741,2025-11-29,C10618,Customer 0618,Hyundai,i20,SUV,Petrol,Automatic,South,Kerala,Kochi,1,1367938.84,0.0708,1271156.08,144728.34,Bank Finance
S04394,2025-11-29,C11137,Customer 1137,Mahindra,Thar,SUV,Hybrid,Automatic,South,Kerala,Kochi,1,1287061.57,0.0967,1162659.45,127058.4,UPI
S00526,2025-11-29,C10084,Customer 0084,Toyota,Urban Cruiser Hyryder,Hatchback,Diesel,Manual,West,Gujarat,Rajkot,1,1961055.21,0.0304,1901450.96,126328.04,Credit Card
S03430,2025-11-29,C10667,Customer 0667,Kia,Seltos,MPV,Diesel,Automatic,West,Goa,Margao,1,1997737.31,0.0983,1801340.94,170534.51,Credit Card
S00285,2025-11-30,C11013,Customer 1013,Kia,Carens,MPV,Petrol,Automatic,West,Goa,Panaji,1,1049785.87,0.0264,1022041.73,98467.79,Credit Card
S03653,2025-11-30,C10005,Customer 0005,Toyota,Glanza,Hatchback,Diesel,Manual,South,Telangana,Hyderabad,1,1856193.31,0.0273,1805431.64,309102.23,Bank Finance
S03731,2025-11-30,C10499,Customer 0499,Tata,Harrier,Hatchback,Diesel,Automatic,South,Tamil Nadu,Madurai,1,1768502.84,0.0342,1708087.69,282148.35,UPI
S01146,2025-11-30,C10244,Customer 0244,Maruti Suzuki,Baleno,Hatchback,Petrol,Manual,South,Kerala,Kochi,1,1035826.7,0.0901,942462.56,120806.31,Credit Card
S01523,2025-12-01,C10579,Customer 0579,Honda,Elevate,SUV,CNG,Manual,South,Karnataka,Bengaluru,1,2024874.92,0.0374,1949214.87,241507.1,Credit Card
S02911,2025-12-01,C10043,Customer 0043,Toyota,Urban Cruiser Hyryder,Hatchback,Petrol,Manual,East,Jharkhand,Ranchi,1,4708438.31,0.0667,4394527.18,662565.96,UPI
S04501,2025-12-01,C10982,Customer 0982,Honda,City,SUV,Petrol,Automatic,South,Karnataka,Mangaluru,1,2441076.85,0.089,2223929.22,254301.19,Bank Finance
S03439,2025-12-02,C10054,Customer 0054,Volkswagen,Tiguan,Sedan,Electric,Automatic,South,Karnataka,Mysuru,1,2524456.14,0.048,2403371.5,364886.67,Bank Finance
S02294,2025-12-02,C10913,Customer 0913,Toyota,Glanza,SUV,Petrol,Automatic,North,Haryana,Faridabad,1,5127593.97,0.0523,4859368.96,235668.64,UPI
S01128,2025-12-03,C10495,Customer 0495,Kia,Carens,MPV,Petrol,Manual,West,Gujarat,Surat,1,1837166.44,0.0509,1743563.52,135846.43,Bank Finance
S00820,2025-12-03,C11030,Customer 1030,Honda,City,SUV,Diesel,Automatic,North,Haryana,Faridabad,1,960728.09,0.0727,890839.48,143452.04,Credit Card
S01392,2025-12-04,C10473,Customer 0473,Maruti Suzuki,Swift,SUV,Electric,Manual,East,Jharkhand,Jamshedpur,1,1088192.1,0.014,1072931.54,38748.37,Credit Card
S00119,2025-12-04,C10685,Customer 0685,Hyundai,Exter,SUV,Petrol,Automatic,North,Punjab,Chandigarh,1,1339498.43,0.099,1206899.83,62127.49,Bank Finance
S03422,2025-12-04,C10987,Customer 0987,Kia,Seltos,MPV,Petrol,Manual,East,West Bengal,Siliguri,1,1976744.52,0.0282,1920904.38,244951.05,UPI
S04206,2025-12-04,C11041,Customer 1041,Honda,Amaze,Sedan,Petrol,Manual,East,Bihar,Patna,1,1099978.36,0.0896,1001418.3,118715.14,Cash
S01720,2025-12-04,C11058,Customer 1058,Maruti Suzuki,Brezza,Hatchback,Petrol,Manual,South,Kerala,Thiruvananthapuram,1,1394995.75,0.0203,1366646.66,57173.05,Credit Card
S00140,2025-12-04,C11070,Customer 1070,Honda,Elevate,Sedan,Diesel,Automatic,East,West Bengal,Kolkata,1,1802948.3,0.0193,1768158.46,232686.03,Cash
S01569,2025-12-05,C10039,Customer 0039,Tata,Safari,Hatchback,Diesel,Automatic,South,Telangana,Warangal,1,2074240.76,0.0374,1996622.81,338670.79,Credit Card
S04249,2025-12-05,C10525,Customer 0525,Volkswagen,Tiguan,Sedan,Petrol,Automatic,West,Goa,Panaji,1,2907657.4,0.0577,2740005.88,343913.89,UPI
S04195,2025-12-05,C10273,Customer 0273,Tata,Nexon,Hatchback,Electric,Automatic,West,Goa,Margao,1,2132643.04,0.0447,2037209.19,182063.04,Credit Card
S01786,2025-12-06,C10086,Customer 0086,Maruti Suzuki,Brezza,Sedan,Diesel,Manual,South,Kerala,Kochi,1,1474439.15,0.0481,1403445.2,206174.35,Cash
S01283,2025-12-06,C10417,Customer 0417,Maruti Suzuki,Grand Vitara,SUV,Petrol,Automatic,West,Gujarat,Rajkot,1,658227.95,0.067,614128.57,64190.08,UPI
S03547,2025-12-07,C11033,Customer 1033,Volkswagen,Virtus,SUV,CNG,Manual,West,Goa,Margao,1,3042426.67,0.0764,2809941.17,330247.78,Bank Finance
S01371,2025-12-07,C10002,Customer 0002,Maruti Suzuki,Dzire,SUV,Electric,Automatic,South,Andhra Pradesh,Vijayawada,1,1361809.82,0.0667,1270927.03,100022.17,Cash
S02181,2025-12-07,C10339,Customer 0339,Mahindra,XUV700,SUV,Diesel,Manual,West,Goa,Margao,1,1000766.5,0.0821,918612.25,133468.32,Cash
S03702,2025-12-07,C10342,Customer 0342,Hyundai,Exter,Sedan,Petrol,Manual,South,Telangana,Hyderabad,1,1758416.82,0.0626,1648314.45,228488.32,Bank Finance
S03356,2025-12-08,C10041,Customer 0041,Toyota,Innova HyCross,SUV,Diesel,Manual,West,Goa,Panaji,1,1459391.46,0.0246,1423455.62,131902.23,Bank Finance
S03235,2025-12-08,C10869,Customer 0869,Toyota,Urban Cruiser Hyryder,Hatchback,Petrol,Manual,West,Maharashtra,Nashik,1,3987671.37,0.0526,3777822.45,565098.1,UPI
S04483,2025-12-08,C10006,Customer 0006,Tata,Punch,Hatchback,Hybrid,Manual,South,Tamil Nadu,Madurai,1,1294889.18,0.0907,1177441.71,83494.63,Bank Finance
S04681,2025-12-08,C10308,Customer 0308,Toyota,Glanza,Hatchback,Petrol,Manual,South,Karnataka,Mysuru,1,2292032.91,0.0912,2082954.3,227887.24,UPI
S03210,2025-12-08,C10230,Customer 0230,Honda,Elevate,SUV,Diesel,Automatic,North,Haryana,Gurugram,1,868288.09,0.0782,800355.46,83516.74,Bank Finance
S01138,2025-12-09,C10202,Customer 0202,Hyundai,Venue,Sedan,Electric,Manual,West,Gujarat,Rajkot,1,1149183.59,0.005,1143429.89,111971.93,Cash
S00810,2025-12-09,C10083,Customer 0083,Mahindra,Scorpio-N,SUV,Diesel,Automatic,West,Gujarat,Rajkot,1,2172872.52,0.0521,2059704.74,312033.08,UPI
S00192,2025-12-09,C10044,Customer 0044,Toyota,Innova HyCross,SUV,Hybrid,Manual,West,Gujarat,Surat,1,4296211.84,0.0491,4085427.26,344288.47,Bank Finance
S02524,2025-12-09,C10034,Customer 0034,Hyundai,Creta,Hatchback,CNG,Manual,East,West Bengal,Kolkata,1,742459.87,0.059,698626.58,96198.01,Bank Finance
S04934,2025-12-09,C11109,Customer 1109,Volkswagen,Tiguan,Sedan,Electric,Manual,North,Uttar Pradesh,Kanpur,1,3223244.84,0.0829,2956079.23,223463.72,UPI
S03191,2025-12-09,C10149,Customer 0149,Tata,Nexon,SUV,Petrol,Automatic,North,Punjab,Ludhiana,1,810404.75,0.0645,758102.47,96338.88,Bank Finance
S00567,2025-12-09,C10985,Customer 0985,Volkswagen,Tiguan,Sedan,Diesel,Automatic,East,West Bengal,Siliguri,1,1784638.84,0.0293,1732348.55,99987.44,Cash
S03510,2025-12-09,C10081,Customer 0081,Toyota,Innova HyCross,MPV,Diesel,Automatic,South,Kerala,Thiruvananthapuram,1,2795727.66,0.0467,2665029.95,176778.67,UPI
S03360,2025-12-10,C10394,Customer 0394,Tata,Nexon,SUV,Diesel,Automatic,South,Kerala,Thiruvananthapuram,1,2079901.99,0.0747,1924610.71,239986.94,Bank Finance
S02334,2025-12-10,C10181,Customer 0181,Tata,Punch,SUV,CNG,Automatic,South,Andhra Pradesh,Visakhapatnam,1,2167841.03,0.0602,2037351.58,179051.67,Bank Finance
S04954,2025-12-11,C10790,Customer 0790,Maruti Suzuki,Dzire,Hatchback,Electric,Automatic,North,Delhi,New Delhi,1,1053499.77,0.0747,974759.73,145867.14,Bank Finance
S04070,2025-12-11,C10748,Customer 0748,Volkswagen,Virtus,Sedan,CNG,Automatic,East,Jharkhand,Ranchi,1,3364975.89,0.0726,3120833.09,153834.12,Credit Card
S00200,2025-12-11,C10565,Customer 0565,Toyota,Innova HyCross,SUV,Petrol,Manual,West,Goa,Margao,1,2444135.88,0.0599,2297848.75,235834.95,Cash
S03947,2025-12-11,C10594,Customer 0594,Toyota,Glanza,Hatchback,Petrol,Automatic,North,Punjab,Chandigarh,1,4195046.84,0.0414,4021168.05,228910.36,Credit Card
S01461,2025-12-11,C10604,Customer 0604,Kia,Sonet,SUV,Petrol,Automatic,West,Goa,Panaji,1,2402834.77,0.0468,2290352.13,380036.08,Bank Finance
S03279,2025-12-11,C10286,Customer 0286,Maruti Suzuki,Swift,Sedan,Hybrid,Manual,West,Maharashtra,Mumbai,1,1201547.15,0.0467,1145438.66,158462.58,Bank Finance
S03931,2025-12-12,C10615,Customer 0615,Maruti Suzuki,Brezza,Hatchback,Petrol,Manual,West,Gujarat,Surat,1,821608.74,0.0505,780125.98,89675.5,Bank Finance
S01889,2025-12-12,C10424,Customer 0424,Volkswagen,Virtus,Sedan,Electric,Manual,East,Jharkhand,Jamshedpur,1,2370200.76,0.0533,2243757.97,393581.01,UPI
S00237,2025-12-12,C10200,Customer 0200,Honda,Amaze,SUV,CNG,Automatic,South,Tamil Nadu,Coimbatore,1,1559542.55,0.0656,1457309.13,110946.3,UPI
S01617,2025-12-13,C11074,Customer 1074,Kia,Sonet,SUV,Hybrid,Automatic,South,Kerala,Kochi,1,1499305.8,0.0382,1442030.86,176103.96,Cash
S04957,2025-12-14,C10055,Customer 0055,Toyota,Innova HyCross,SUV,Petrol,Automatic,North,Delhi,New Delhi,1,2956421.15,0.0334,2857542.88,180700.54,UPI
S02196,2025-12-14,C10535,Customer 0535,Maruti Suzuki,Dzire,SUV,CNG,Manual,West,Gujarat,Surat,1,1531779.26,0.0469,1459933.85,136428.55,Bank Finance
S00638,2025-12-14,C10083,Customer 0083,Volkswagen,Taigun,Sedan,Hybrid,Manual,West,Maharashtra,Pune,1,3132543.4,0.0463,2987527.05,206895.77,Bank Finance
S04432,2025-12-14,C10678,Customer 0678,Mahindra,Scorpio-N,SUV,Diesel,Automatic,North,Haryana,Gurugram,1,1968451.96,0.0359,1897864.76,66425.27,UPI
S01148,2025-12-16,C10237,Customer 0237,Toyota,Glanza,Hatchback,Electric,Manual,South,Tamil Nadu,Madurai,1,4442848.31,0.0289,4314580.31,431669.65,Bank Finance
S02272,2025-12-16,C10107,Customer 0107,Kia,Sonet,MPV,Petrol,Automatic,South,Kerala,Thiruvananthapuram,1,1056323.53,0.0487,1004884.94,175910.44,UPI
S04157,2025-12-17,C10160,Customer 0160,Tata,Harrier,SUV,Petrol,Manual,West,Maharashtra,Nagpur,1,1313950.74,0.0325,1271227.24,96224.93,UPI
S01176,2025-12-17,C10194,Customer 0194,Hyundai,Venue,SUV,Electric,Manual,East,Jharkhand,Jamshedpur,1,836158.47,0.0477,796278.87,69250.55,Cash
S04475,2025-12-17,C11157,Customer 1157,Tata,Nexon,Hatchback,CNG,Automatic,North,Uttar Pradesh,Noida,1,727775.77,0.0188,714095.76,58087.12,Bank Finance
S02442,2025-12-17,C10946,Customer 0946,Maruti Suzuki,Swift,Sedan,Diesel,Automatic,North,Haryana,Faridabad,1,1351797.98,0.0249,1318151.17,198933.71,Bank Finance
S03315,2025-12-18,C10839,Customer 0839,Honda,Elevate,Sedan,Diesel,Manual,East,Odisha,Bhubaneswar,1,2110983.54,0.0467,2012336.91,267306.68,Bank Finance
S00393,2025-12-18,C10746,Customer 0746,Honda,Elevate,SUV,Diesel,Automatic,North,Delhi,New Delhi,1,1044409.52,0.0376,1005146.18,171755.67,Cash
S00312,2025-12-19,C10709,Customer 0709,Honda,City,Sedan,Electric,Manual,North,Uttar Pradesh,Noida,1,924429.84,0.0276,898934.87,129995.93,Bank Finance
S00731,2025-12-19,C11145,Customer 1145,Mahindra,Scorpio-N,SUV,Petrol,Manual,West,Gujarat,Ahmedabad,1,1863494.06,0.0472,1775589.9,116087.72,UPI
S03552,2025-12-20,C10684,Customer 0684,Volkswagen,Virtus,SUV,Petrol,Manual,West,Maharashtra,Thane,1,3061554.03,0.0383,2944153.86,250126.97,Cash
S03086,2025-12-20,C10953,Customer 0953,Tata,Altroz,SUV,Diesel,Manual,South,Kerala,Kochi,1,1439013.44,0.0678,1341470.53,100479.33,Credit Card
S02637,2025-12-20,C10381,Customer 0381,Volkswagen,Virtus,SUV,Hybrid,Automatic,North,Uttar Pradesh,Noida,1,1075648.3,0.0289,1044559.32,101692.81,Cash
S00330,2025-12-20,C10771,Customer 0771,Volkswagen,Taigun,Sedan,Diesel,Automatic,West,Maharashtra,Mumbai,1,2004604.3,0.0189,1966718.51,239343.5,Cash
S02612,2025-12-20,C10926,Customer 0926,Hyundai,Exter,SUV,Petrol,Automatic,North,Uttar Pradesh,Noida,1,1585282.65,0.0217,1550876.67,200665.26,UPI
S02314,2025-12-20,C10667,Customer 0667,Honda,Amaze,Sedan,Hybrid,Manual,West,Gujarat,Vadodara,1,1272971.86,0.0804,1170646.52,127269.63,Bank Finance
S03032,2025-12-21,C10719,Customer 0719,Kia,Carens,MPV,Petrol,Automatic,West,Gujarat,Rajkot,1,1425802.96,0.0667,1330681.64,148331.67,Cash
S03424,2025-12-21,C10063,Customer 0063,Maruti Suzuki,Baleno,SUV,Diesel,Automatic,South,Kerala,Thiruvananthapuram,1,1160276.15,0.0728,1075851.55,61506.99,Bank Finance
S04275,2025-12-22,C10451,Customer 0451,Mahindra,Scorpio-N,SUV,Electric,Automatic,South,Andhra Pradesh,Vijayawada,1,1808397.43,0.0543,1710112.57,195584.29,Bank Finance
S04454,2025-12-22,C11100,Customer 1100,Volkswagen,Tiguan,SUV,Electric,Automatic,West,Goa,Panaji,1,2887758.56,0.0774,2664106.02,261622.95,Credit Card
S01589,2025-12-22,C10255,Customer 0255,Kia,Sonet,SUV,CNG,Automatic,West,Goa,Panaji,1,1255226.02,0.0616,1177870.1,132792.11,Cash
S04892,2025-12-23,C10381,Customer 0381,Volkswagen,Taigun,Sedan,Petrol,Automatic,South,Andhra Pradesh,Vijayawada,1,3238959.23,0.068,3018863.45,317958.42,Cash
S01399,2025-12-23,C10441,Customer 0441,Toyota,Glanza,MPV,CNG,Automatic,North,Delhi,New Delhi,1,3246907.93,0.0666,3030660.13,385949.54,Bank Finance
S02427,2025-12-23,C10951,Customer 0951,Maruti Suzuki,Baleno,Hatchback,Diesel,Manual,North,Uttar Pradesh,Noida,1,1599585.69,0.0195,1568336.19,97682.43,Bank Finance
S00303,2025-12-23,C10212,Customer 0212,Maruti Suzuki,Baleno,Hatchback,Petrol,Manual,South,Karnataka,Bengaluru,1,1022207.71,0.1046,915248.85,75070.99,UPI
S04119,2025-12-24,C10014,Customer 0014,Tata,Punch,SUV,Electric,Automatic,East,West Bengal,Kolkata,1,1088023.77,0.0516,1031835.39,89059.69,UPI
S03104,2025-12-24,C10856,Customer 0856,Maruti Suzuki,Brezza,Sedan,Petrol,Automatic,South,Kerala,Kochi,1,767966.44,0.0,767966.44,83886.27,Bank Finance
S01474,2025-12-24,C10788,Customer 0788,Kia,Sonet,MPV,Diesel,Automatic,East,Bihar,Gaya,1,2433760.61,0.0202,2384694.49,137808.47,Bank Finance
S03225,2025-12-25,C10328,Customer 0328,Kia,Sonet,MPV,Hybrid,Manual,North,Haryana,Faridabad,1,1198540.02,0.0617,1124566.03,110494.66,Bank Finance
S04324,2025-12-25,C10894,Customer 0894,Maruti Suzuki,Baleno,Hatchback,Hybrid,Automatic,South,Karnataka,Bengaluru,1,759712.6,0.0437,726501.8,73672.07,Bank Finance
S03921,2025-12-25,C10139,Customer 0139,Maruti Suzuki,Baleno,Hatchback,Electric,Automatic,North,Punjab,Amritsar,1,984956.28,0.0583,927524.41,91778.38,Bank Finance
S04675,2025-12-26,C10304,Customer 0304,Volkswagen,Virtus,Sedan,Hybrid,Manual,South,Karnataka,Mysuru,1,1760352.26,0.0843,1611898.3,126453.37,UPI
S00989,2025-12-26,C10154,Customer 0154,Honda,City,SUV,Hybrid,Automatic,West,Goa,Margao,1,1200982.88,0.0627,1125680.11,179330.64,UPI
S00350,2025-12-27,C11131,Customer 1131,Tata,Harrier,Hatchback,Petrol,Automatic,West,Gujarat,Rajkot,1,1667359.13,0.0428,1596045.36,155485.29,Bank Finance
S02609,2025-12-27,C10142,Customer 0142,Toyota,Urban Cruiser Hyryder,Hatchback,Diesel,Automatic,West,Gujarat,Surat,1,3942197.46,0.0711,3661758.65,499413.41,UPI
S04817,2025-12-27,C10466,Customer 0466,Tata,Safari,SUV,CNG,Automatic,South,Telangana,Warangal,1,891703.05,0.0587,839381.69,102101.23,Bank Finance
S03442,2025-12-28,C10804,Customer 0804,Mahindra,Thar,SUV,Electric,Manual,South,Telangana,Warangal,1,2179228.87,0.0359,2100989.92,159818.8,Bank Finance
S03340,2025-12-28,C11075,Customer 1075,Maruti Suzuki,Brezza,SUV,Hybrid,Automatic,North,Rajasthan,Jaipur,1,666383.04,0.1017,598594.51,32563.21,UPI
S00164,2025-12-28,C10565,Customer 0565,Honda,Elevate,SUV,Petrol,Automatic,West,Gujarat,Surat,1,1771367.33,0.0334,1712171.66,132181.35,Bank Finance
S00190,2025-12-29,C10190,Customer 0190,Toyota,Fortuner,MPV,Petrol,Automatic,West,Gujarat,Ahmedabad,1,3964461.48,0.0529,3754899.04,202698.25,Bank Finance
S04167,2025-12-29,C10618,Customer 0618,Toyota,Glanza,Hatchback,Petrol,Automatic,South,Andhra Pradesh,Vijayawada,1,3990684.48,0.0112,3945810.79,581144.66,Cash
S00733,2025-12-30,C10423,Customer 0423,Tata,Altroz,SUV,Diesel,Automatic,West,Gujarat,Ahmedabad,1,1555341.91,0.0605,1461306.98,141715.74,Credit Card
S03742,2025-12-30,C11151,Customer 1151,Mahindra,XUV 3XO,SUV,Hybrid,Manual,North,Punjab,Chandigarh,1,1891580.53,0.0763,1747184.76,219261.52,Bank Finance
S03954,2025-12-30,C10861,Customer 0861,Honda,City,SUV,Diesel,Manual,North,Punjab,Chandigarh,1,2298884.1,0.0699,2138277.6,223699.08,Credit Card
S02025,2025-12-30,C10928,Customer 0928,Volkswagen,Tiguan,SUV,CNG,Automatic,West,Gujarat,Surat,1,3153470.98,0.0447,3012407.51,214267.51,Credit Card
S04261,2025-12-31,C11005,Customer 1005,Hyundai,Venue,SUV,CNG,Automatic,West,Goa,Panaji,1,811950.12,0.0422,777697.95,94625.9,Bank Finance
S04803,2025-12-31,C10153,Customer 0153,Toyota,Urban Cruiser Hyryder,MPV,Electric,Manual,East,Jharkhand,Ranchi,1,4028493.08,0.0565,3801080.28,446435.26,UPI
